local_time,actual,ridge,lstm,tcn
2013-12-16 00:00:00+01:00,169.23630470718817,176.63673550934124,177.3121015852532,179.00878896834845
2013-12-16 00:10:00+01:00,157.90063154190852,171.63276628845838,175.6314064661606,177.47700857001246
2013-12-16 00:20:00+01:00,163.46055517788713,167.26526385521674,170.79433529512914,170.0948381180635
2013-12-16 00:30:00+01:00,172.3344674052939,163.9285113143132,167.20048574505685,169.31988748637468
2013-12-16 00:40:00+01:00,162.25118702344992,165.88550035855494,166.40212871558776,170.97054741772058
2013-12-16 00:50:00+01:00,149.83728470092495,165.74999029374166,164.3005478294882,169.48790269080806
2013-12-16 01:00:00+01:00,162.58123964456877,159.00081273190926,159.63635525907208,164.55297403434872
2013-12-16 01:10:00+01:00,144.52287649861148,160.0064955865583,158.29686111351714,163.684532492845
2013-12-16 01:20:00+01:00,139.1961676255009,148.27168368555343,153.80739794354193,157.95732151060452
2013-12-16 01:30:00+01:00,137.31131616074885,144.15407956952717,148.53344780507499,153.1984261666865
2013-12-16 01:40:00+01:00,131.56049918253228,138.52287026398056,143.74028156955788,146.4134457273997
2013-12-16 01:50:00+01:00,133.63434279863833,132.92323918981117,138.8392755633184,141.50910882900158
2013-12-16 02:00:00+01:00,136.59759201026944,132.9548671206469,135.5821020690171,139.68604036707828
2013-12-16 02:10:00+01:00,127.5657885790742,133.79319819052063,134.16032464138334,138.588482166654
2013-12-16 02:20:00+01:00,122.13777376370108,130.59114490768994,131.83750608980984,136.0362847670684
2013-12-16 02:30:00+01:00,113.38582456064094,124.87561444485006,128.98616493272564,132.55784340176615
2013-12-16 02:40:00+01:00,123.78044940061359,114.9404422015546,124.91659603373459,127.80757897322479
2013-12-16 02:50:00+01:00,118.56642963841753,117.71263327553258,123.75285351911135,127.80229045925546
2013-12-16 03:00:00+01:00,121.06501609032692,117.94248532611067,122.39212687497246,126.07312814949921
2013-12-16 03:10:00+01:00,117.15630261340814,118.80356428984882,122.0462705460864,126.20130234810094
2013-12-16 03:20:00+01:00,131.0527730064539,117.7796126089854,121.35096365307166,124.94049733122483
2013-12-16 03:30:00+01:00,117.09963616825401,124.16443109540964,123.70950669156582,129.21981331634046
2013-12-16 03:40:00+01:00,114.15965465416,116.96996299388383,123.5415198840379,126.8102242557721
2013-12-16 03:50:00+01:00,115.47610357775108,114.77833919840629,122.55011973610111,126.70133108473019
2013-12-16 04:00:00+01:00,112.37309701703218,115.3160974789669,121.86816008510803,124.06443563776153
2013-12-16 04:10:00+01:00,106.04185746450733,113.40581838817336,120.67013523834214,121.9527541931453
2013-12-16 04:20:00+01:00,115.54156342672172,111.6978259598522,118.27365916446213,118.97633590125064
2013-12-16 04:30:00+01:00,110.4882963619946,114.07935182346941,118.11826084474413,120.07136098308183
2013-12-16 04:40:00+01:00,102.53631971881092,111.32929033029747,117.31786726332909,119.11277965906164
2013-12-16 04:50:00+01:00,108.52955725554634,106.49859515575965,115.03474916762232,117.33040609768885
2013-12-16 05:00:00+01:00,106.078151134978,106.97925795349184,114.25091138974226,117.4550312405903
2013-12-16 05:10:00+01:00,106.64624177501685,103.14533822539973,113.35238034111333,116.49139090967273
2013-12-16 05:20:00+01:00,111.90517963952004,106.0011256489755,112.80861270814674,117.468729583572
2013-12-16 05:30:00+01:00,109.2890780631021,107.65585976098168,113.50883700289066,117.53149262651267
2013-12-16 05:40:00+01:00,102.79886385072004,108.23479407713997,113.85173768892533,118.8574054410311
2013-12-16 05:50:00+01:00,109.06203503282205,106.3327190809214,112.87274707054213,116.96946973524288
2013-12-16 06:00:00+01:00,111.5881219775737,109.17036937113032,113.17037206915315,117.9548294351924
2013-12-16 06:10:00+01:00,112.27079892082759,111.33150783281354,114.08777660966238,118.35016629553401
2013-12-16 06:20:00+01:00,119.20171794292145,115.22587173942331,115.14270551336496,121.11470061809824
2013-12-16 06:30:00+01:00,128.94841992339886,119.04276929631799,117.49495329579213,124.84796437290115
2013-12-16 06:40:00+01:00,122.78061238744571,125.7035876085983,121.73443307441474,131.29075837247703
2013-12-16 06:50:00+01:00,117.53725638557822,127.84309445263779,124.58469186763517,134.24505681980287
2013-12-16 07:00:00+01:00,128.1211611809994,124.31593997415003,125.69028308872659,135.76162374039743
2013-12-16 07:10:00+01:00,143.25440040406045,127.2210074424691,128.56941584362377,139.7067749736744
2013-12-16 07:20:00+01:00,163.5618285802436,135.58962931554348,134.50962195894547,147.6134647688923
2013-12-16 07:30:00+01:00,171.4166393341767,153.14482700136674,144.90941822431472,162.2103084713024
2013-12-16 07:40:00+01:00,172.8605671762185,162.51678429477607,157.62945458716942,174.93142937822373
2013-12-16 07:50:00+01:00,241.03952416413156,173.00616304112003,170.6924359045501,188.27707488541196
2013-12-16 08:00:00+01:00,235.65542474050076,203.9769124472914,199.33625119823253,222.55286185415406
2013-12-16 08:10:00+01:00,241.79186355157043,220.4420426618566,230.88304887903237,243.58517380609595
2013-12-16 08:20:00+01:00,265.9512424372994,239.29254996257472,263.43454281574657,271.50797962568555
2013-12-16 08:30:00+01:00,258.6572909179338,248.41033591988946,298.0889344699162,291.6156691027854
2013-12-16 08:40:00+01:00,304.7118221514903,253.1264020361571,322.559812028211,303.44274165296054
2013-12-16 08:50:00+01:00,335.6008232313044,299.76267499162157,347.99667125426265,326.812736527907
2013-12-16 09:00:00+01:00,353.2017891722414,318.11174954784235,371.64766481029363,354.1564521964146
2013-12-16 09:10:00+01:00,355.4069738700385,335.9879230926434,390.61364732427273,380.3585292732975
2013-12-16 09:20:00+01:00,375.3337532919395,363.9299018070336,401.4770233465427,384.10929921860554
2013-12-16 09:30:00+01:00,425.3728375839,377.62915779635824,409.1076792458289,393.70063758640714
2013-12-16 09:40:00+01:00,392.7206838244124,407.10224517661163,421.639838738853,411.35939423865983
2013-12-16 09:50:00+01:00,414.7713926034032,408.67584473284836,424.2096176098691,418.9585532026542
2013-12-16 10:00:00+01:00,399.48861484889085,419.9687430274301,426.99487587197706,427.38087289584286
2013-12-16 10:10:00+01:00,403.7729128950017,418.9289334913357,424.12819177381857,426.1420548066418
2013-12-16 10:20:00+01:00,403.11913487249404,426.16926990406864,419.9259962099137,434.9631932946937
2013-12-16 10:30:00+01:00,411.3457126346576,413.0161926708804,414.58339654353296,438.0084429306834
2013-12-16 10:40:00+01:00,417.2148413700915,408.15152661548404,410.578506160282,441.97226499251747
2013-12-16 10:50:00+01:00,420.13933184711374,424.84601310167886,408.1252070439026,441.38072519363914
2013-12-16 11:00:00+01:00,415.9220031816863,419.74422285176234,406.8779471850523,446.51297248893115
2013-12-16 11:10:00+01:00,440.5111643248689,412.92061023948116,405.41950893892005,447.6941999873212
2013-12-16 11:20:00+01:00,408.77875708935903,425.97149853472064,408.6658479700182,454.70676009642955
2013-12-16 11:30:00+01:00,434.62051121115803,408.50754693506076,406.8901929293408,449.1471525827984
2013-12-16 11:40:00+01:00,447.5828256288143,423.0760007847183,409.1951410738522,455.31782377529237
2013-12-16 11:50:00+01:00,423.6400729068681,429.24198399088596,414.1383123387989,453.5227266045835
2013-12-16 12:00:00+01:00,457.07899112052024,415.2343139367647,415.0358875323888,454.36138615232295
2013-12-16 12:10:00+01:00,468.6016418604145,439.6656000370681,420.9026807331298,458.77981251995266
2013-12-16 12:20:00+01:00,482.48015698142143,457.37030356787824,428.83182934698004,467.4755628297637
2013-12-16 12:30:00+01:00,473.58566592377196,468.2741665994309,438.7660534471397,478.47260306229754
2013-12-16 12:40:00+01:00,440.06125749792136,469.4518666636179,446.5012702536732,480.1172381746047
2013-12-16 12:50:00+01:00,450.2068024660595,459.4259557247405,446.7075689078593,473.23392315673755
2013-12-16 13:00:00+01:00,513.2103825649173,449.5561392555005,446.46596601942736,475.90295307355024
2013-12-16 13:10:00+01:00,501.5109576121392,476.1153494247573,455.6787917962589,492.8261294517063
2013-12-16 13:20:00+01:00,501.47071583251613,486.35345994177464,463.76367239331023,495.4704428927103
2013-12-16 13:30:00+01:00,519.5600288522218,491.8834162939921,471.0790693227785,496.6010970509754
2013-12-16 13:40:00+01:00,480.07931916781826,488.9611659903877,480.0140278842295,496.85785973032944
2013-12-16 13:50:00+01:00,459.54950648711053,467.765828740915,481.4522584854437,496.5411729853603
2013-12-16 14:00:00+01:00,472.35767385614037,460.9426239390152,477.25606092058206,495.7569258089905
2013-12-16 14:10:00+01:00,470.87843028451584,460.23097573859417,473.84343298247984,484.8799692001923
2013-12-16 14:20:00+01:00,443.77849140086494,464.6546291411084,470.02119334377636,481.5415380756326
2013-12-16 14:30:00+01:00,459.013997150616,445.0333311084478,461.5765869021062,474.9511119951099
2013-12-16 14:40:00+01:00,475.4926586321773,437.19553107245025,455.9194809261193,473.5075422040391
2013-12-16 14:50:00+01:00,423.40982307496677,450.4869018572768,454.1251521439011,473.87196219173273
2013-12-16 15:00:00+01:00,463.91898520404436,426.8788498462491,444.32483952285065,466.5171797968967
2013-12-16 15:10:00+01:00,443.40176179654145,432.6378260416229,441.8348765883178,465.8537089084053
2013-12-16 15:20:00+01:00,453.0445489506917,420.0666312661573,437.35236213387253,459.5263268014308
2013-12-16 15:30:00+01:00,440.78976500290383,434.8292185244045,435.33373548566476,460.0625303204954
2013-12-16 15:40:00+01:00,420.2623672041415,428.9039601479198,432.1337245510547,451.75157316822816
2013-12-16 15:50:00+01:00,460.16426957202174,417.90614948816625,425.6640605365739,448.47270011638875
2013-12-16 16:00:00+01:00,447.2438108207324,434.8850114431241,426.50224251027976,448.4722379815749
2013-12-16 16:10:00+01:00,420.6139118758771,432.40149862741833,426.64602741608144,450.1872789831503
2013-12-16 16:20:00+01:00,441.9531810744476,425.4894854633636,422.46149429389214,444.0791072854811
2013-12-16 16:30:00+01:00,460.9372180465001,432.00613979968136,421.85551560837956,444.1026599654545
2013-12-16 16:40:00+01:00,408.2061772930866,437.8405030056894,425.23062722560013,444.7865356823518
2013-12-16 16:50:00+01:00,444.16243003989115,416.6897635728911,419.9094353292021,439.9454052236036
2013-12-16 17:00:00+01:00,437.6062827093607,437.49848886667195,420.2388133584349,438.75518679068784
2013-12-16 17:10:00+01:00,410.1080850726583,422.3819848369403,420.16282458710737,431.8128751043491
2013-12-16 17:20:00+01:00,398.11986683648286,418.8631529658305,415.2856010040403,429.36770705502704
2013-12-16 17:30:00+01:00,393.39071134664124,402.9404874560015,407.6956396647973,422.9501687175314
2013-12-16 17:40:00+01:00,420.6495158629917,382.9436494369043,399.26831072369487,416.8588319533417
2013-12-16 17:50:00+01:00,420.94763554272527,399.1028354591314,396.71446363577036,416.606299837982
2013-12-16 18:00:00+01:00,408.4403110970011,406.8768148916492,396.10022458944866,416.0456318697892
2013-12-16 18:10:00+01:00,403.1662005087085,395.7233639452702,394.5005742709665,411.08894374969003
2013-12-16 18:20:00+01:00,375.3072219263521,390.18478246383785,392.3662220959917,404.9756542569408
2013-12-16 18:30:00+01:00,387.6910408559743,382.23925511851445,385.09610189145184,395.1571549300998
2013-12-16 18:40:00+01:00,317.02572193396463,382.6243819824217,380.0656109321861,387.84291604219936
2013-12-16 18:50:00+01:00,313.9963277811164,342.4561953834646,361.15590491556713,370.83750387034735
2013-12-16 19:00:00+01:00,308.89264503657523,329.49331336756654,341.56974428955385,357.36168568703675
2013-12-16 19:10:00+01:00,315.1093347674598,310.97406061113037,323.1458612190271,345.04673354952706
2013-12-16 19:20:00+01:00,294.7371259920974,307.2543329919587,309.4887467685919,341.05274641134986
2013-12-16 19:30:00+01:00,305.56464578942456,299.37606475651273,295.7713322037286,329.6152914659109
2013-12-16 19:40:00+01:00,288.9803732542273,290.80006314846105,287.56193748055745,323.31319862267253
2013-12-16 19:50:00+01:00,296.96274154010223,278.39679494848104,279.646680853645,314.12022103915297
2013-12-16 20:00:00+01:00,278.65973272709346,277.0271425138391,275.79929129714316,312.86298157136207
2013-12-16 20:10:00+01:00,277.9688997413429,264.790039349724,270.72488560632877,303.68837308523274
2013-12-16 20:20:00+01:00,308.861157647337,262.980453418888,266.7749076419907,297.7734780690063
2013-12-16 20:30:00+01:00,276.30022746126775,274.8920675918656,270.3879193807064,296.7980037187696
2013-12-16 20:40:00+01:00,276.21049987367974,260.2107373805221,269.72590652396417,291.9078186730983
2013-12-16 20:50:00+01:00,229.19162773896502,267.8092858158924,268.69473227067834,289.18015759865784
2013-12-16 21:00:00+01:00,232.16990238444765,240.66305441353842,256.6005604270778,274.40189536535473
2013-12-16 21:10:00+01:00,235.3857674286251,233.5792686311302,244.2494435976935,267.31012649699903
2013-12-16 21:20:00+01:00,230.05828555516112,232.65813683697186,234.08180626669258,260.2306559220413
2013-12-16 21:30:00+01:00,206.9113937913561,232.71723550224104,225.31436857768168,255.46542169598877
2013-12-16 21:40:00+01:00,206.59272922482145,216.16761055433753,213.98457114252633,245.4682422215441
2013-12-16 21:50:00+01:00,223.82167864002952,211.11306514168152,204.5885879720924,240.52119423208416
2013-12-16 22:00:00+01:00,201.09525697645662,211.77460143713517,201.2987945180189,239.27897429092465
2013-12-16 22:10:00+01:00,212.58428047516955,203.03934017367098,196.22190599522293,232.9468320507335
2013-12-16 22:20:00+01:00,212.1005283669961,204.86264188574148,194.93586818713788,233.26070328873462
2013-12-16 22:30:00+01:00,210.73923364075944,204.1359720362116,195.38217028855803,229.21197695503716
2013-12-16 22:40:00+01:00,244.16907387319785,203.2613740569296,196.749752680463,229.8411563428533
2013-12-16 22:50:00+01:00,243.3994346190501,220.96374461045986,205.97331158818125,233.97161085366508
2013-12-16 23:00:00+01:00,246.4063044137279,223.380338856122,217.20809020079784,237.11244790212376
2013-12-16 23:10:00+01:00,237.0239277139144,230.9060054599858,229.4391488474398,242.21257173549142
2013-12-16 23:20:00+01:00,220.99301877295247,234.8243161314626,238.31852962225176,241.71923337574148
2013-12-16 23:30:00+01:00,216.98188337840992,227.3648085812283,240.01182730503345,237.46550381461634
2013-12-16 23:40:00+01:00,236.98283996798975,217.5301504357384,236.79991750292902,232.95387188694218
2013-12-16 23:50:00+01:00,226.60033787892223,228.41094591630358,236.16252055610528,233.42759853979086
2013-12-17 00:00:00+01:00,239.58147072661524,223.355382188458,232.81969043627566,230.46044153904293
2013-12-17 00:10:00+01:00,228.45710519305734,230.89917427862028,232.198244881549,231.531223530043
2013-12-17 00:20:00+01:00,168.88826710613287,222.36748372307812,229.64142657620323,228.20856901510916
2013-12-17 00:30:00+01:00,190.6713443879597,188.1145551087659,211.47072272091629,212.60186809006942
2013-12-17 00:40:00+01:00,219.237823266441,189.09358229556292,198.6608166151801,208.46258024967912
2013-12-17 00:50:00+01:00,156.49175727804467,197.7296093308635,194.8449924609739,206.95810314988472
2013-12-17 01:00:00+01:00,155.9596947755739,173.7846710473611,180.53584637886257,192.80125866907295
2013-12-17 01:10:00+01:00,133.73154288589134,166.02963839120554,167.78602472080863,185.15848992694018
2013-12-17 01:20:00+01:00,137.64418110010962,140.68106593661545,153.214614199254,167.75914536167
2013-12-17 01:30:00+01:00,137.2099706500007,142.37174537669233,142.9333669884212,163.3343201490173
2013-12-17 01:40:00+01:00,123.4901808991644,138.18055191080583,136.03428404694378,155.33767222204298
2013-12-17 01:50:00+01:00,131.68423659722086,125.06345047148712,129.3016983637264,149.2021142101359
2013-12-17 02:00:00+01:00,138.1444025268504,127.14257311340972,126.21847990667496,146.11928668102476
2013-12-17 02:10:00+01:00,123.52815463063449,127.92567796086351,126.12885950701977,144.9250411345182
2013-12-17 02:20:00+01:00,130.28344380257772,120.64698601281033,124.53856052993726,141.4111864333298
2013-12-17 02:30:00+01:00,119.14603940850701,122.2126121037834,124.84083931693942,141.7414014339939
2013-12-17 02:40:00+01:00,114.42012787992168,116.74450029020323,123.5449858202835,137.4274692283372
2013-12-17 02:50:00+01:00,116.86603328834401,113.44559167982906,121.53936913949765,136.6316044950992
2013-12-17 03:00:00+01:00,118.64424889054297,113.64834338243952,120.42767911373487,133.945354777681
2013-12-17 03:10:00+01:00,109.44099901540298,112.24064854106835,120.13748734534168,132.1126710898609
2013-12-17 03:20:00+01:00,118.72982375479982,112.47572539501299,118.3246857309068,129.5153540538053
2013-12-17 03:30:00+01:00,120.04740414126925,116.15693414958045,118.63323912002043,129.8525575956682
2013-12-17 03:40:00+01:00,104.31597856589725,117.92201519240514,119.5870511023552,128.7617943875392
2013-12-17 03:50:00+01:00,114.99262554689966,110.57359626859996,117.38671746168819,125.73228566343535
2013-12-17 04:00:00+01:00,112.13494046105934,114.43747492596701,117.43333799530524,125.56690076677666
2013-12-17 04:10:00+01:00,103.61794017149073,110.5418165941161,117.21516537120483,124.19053225186974
2013-12-17 04:20:00+01:00,113.72733709056058,106.37525152462308,115.33209213634142,123.57574809672766
2013-12-17 04:30:00+01:00,114.43459669875001,112.17963195213032,115.64776205425362,124.26144125905954
2013-12-17 04:40:00+01:00,94.6960350881722,110.11299042662033,116.39023519809466,124.60738506433869
2013-12-17 04:50:00+01:00,115.95390618107513,101.96757319684095,113.04798769912044,121.14592591900613
2013-12-17 05:00:00+01:00,116.54417768079284,110.20977370975176,114.11605305930888,124.0419862409583
2013-12-17 05:10:00+01:00,108.12322733095073,107.37693366799436,115.72395295633709,124.05784354889782
2013-12-17 05:20:00+01:00,115.06266538074696,111.52280111245717,115.63112440942106,126.09695277554513
2013-12-17 05:30:00+01:00,123.88897587998439,116.94265089086528,116.8022365870624,127.51106043479888
2013-12-17 05:40:00+01:00,96.06013595930204,121.15573884161896,119.75406588885016,131.0345954000294
2013-12-17 05:50:00+01:00,120.41796728472798,110.80961150896162,116.5571896662473,125.39477455314938
2013-12-17 06:00:00+01:00,119.85827531394776,121.82226892126967,118.24337246542898,131.8039936478644
2013-12-17 06:10:00+01:00,104.71880826274398,120.70629386684784,120.12979869524894,129.4760327244774
2013-12-17 06:20:00+01:00,127.76021380484485,122.39057909170374,118.59149081963888,130.28793955257595
2013-12-17 06:30:00+01:00,139.63738735732557,128.4521468918357,121.60362484425188,136.80380582604158
2013-12-17 06:40:00+01:00,119.3812690749564,135.04854928793745,127.30819639211745,146.12508524356252
2013-12-17 06:50:00+01:00,144.73672798404138,139.0103618459555,128.6046261238126,149.53682491814297
2013-12-17 07:00:00+01:00,141.27316162396446,150.83228446129138,134.66864101470676,162.22104295542462
2013-12-17 07:10:00+01:00,130.6972741357433,148.1612212084528,140.07793893470983,166.00568305920368
2013-12-17 07:20:00+01:00,148.9513113951594,151.93606965304636,142.1415862736345,168.34457456870302
2013-12-17 07:30:00+01:00,171.60497888474424,158.2212597538237,147.4437091606808,175.73950197987094
2013-12-17 07:40:00+01:00,164.0541162383095,168.53430391768964,157.74720086855913,184.06696109061068
2013-12-17 07:50:00+01:00,198.37105093875635,181.2216212928501,166.41900861583002,191.78175433567688
2013-12-17 08:00:00+01:00,221.7686307575758,199.00739962817377,182.43484449076888,209.66471543477226
2013-12-17 08:10:00+01:00,206.47591139430412,210.1227393010967,204.94543958524977,228.2598713303838
2013-12-17 08:20:00+01:00,228.61265769110915,226.40459472287577,223.69301860903408,238.0043793406044
2013-12-17 08:30:00+01:00,261.4933421176764,236.8027394469512,244.8039187969292,256.1360707895854
2013-12-17 08:40:00+01:00,285.20479714099787,243.53422807630227,271.09694921838843,272.59763426447887
2013-12-17 08:50:00+01:00,308.25398503386305,287.3397148629034,299.99274147990974,299.9422114938568
2013-12-17 09:00:00+01:00,325.06800825048686,310.6474037953257,329.52381783227884,320.63372396984386
2013-12-17 09:10:00+01:00,325.60249174236134,319.29355082257314,356.04092171785777,342.0568707354317
2013-12-17 09:20:00+01:00,355.3112110234565,347.0129744320814,373.5548985480512,351.05805281951103
2013-12-17 09:30:00+01:00,386.1936902894841,365.6441753922317,388.530922025668,367.8875293080663
2013-12-17 09:40:00+01:00,407.8946954091163,373.9610724270982,402.98851516141923,375.1508335321698
2013-12-17 09:50:00+01:00,428.85210663357725,419.38411006101717,416.35546514390654,388.3154434102858
2013-12-17 10:00:00+01:00,421.71505988141234,436.78522110965594,429.1098116139383,401.830659759547
2013-12-17 10:10:00+01:00,392.97574963398733,425.9094869778935,436.2751892963248,413.3278506825085
2013-12-17 10:20:00+01:00,429.5153126391208,423.2592135648053,433.2707314818646,412.8185683989459
2013-12-17 10:30:00+01:00,415.3207929539919,449.64981794327605,433.71409880505263,428.0798037589554
2013-12-17 10:40:00+01:00,438.95125833281304,421.8107368735251,430.1581620183818,427.001359356289
2013-12-17 10:50:00+01:00,418.4733997333891,451.1930621147298,429.96064120860905,435.1694496931802
2013-12-17 11:00:00+01:00,433.93455182157095,440.38430192888427,425.9752885844931,425.9914881339518
2013-12-17 11:10:00+01:00,396.8081270909176,427.94963493238265,424.41567071243026,440.8281025075269
2013-12-17 11:20:00+01:00,429.26702490751006,429.49981114044226,416.09558941653916,428.6722446693685
2013-12-17 11:30:00+01:00,416.04532084286177,444.5921175667113,413.51563147379306,437.9856038992074
2013-12-17 11:40:00+01:00,422.71398863096186,419.81743909567984,409.6913920503491,431.77861100693303
2013-12-17 11:50:00+01:00,432.3448690454233,442.5394979629528,407.72539156166846,434.3127973616498
2013-12-17 12:00:00+01:00,433.1382587283069,444.3452457451568,408.30876417742076,432.553954138665
2013-12-17 12:10:00+01:00,427.58283166445636,429.42477753644454,409.85872602338026,438.77598589644543
2013-12-17 12:20:00+01:00,454.1272312027431,442.15111134120065,410.7798166068419,436.53421709601383
2013-12-17 12:30:00+01:00,456.665603179463,460.03753268845134,416.25289113067606,449.3665250199485
2013-12-17 12:40:00+01:00,489.9868296375907,455.70945405857293,422.589141164165,452.7918074385515
2013-12-17 12:50:00+01:00,480.5307942724321,480.8827399012491,434.1410664020191,465.74757571144835
2013-12-17 13:00:00+01:00,513.7565628010103,474.42931699786,444.04693792490104,469.8701834609267
2013-12-17 13:10:00+01:00,462.3946896215868,485.79146890981815,457.77635250201183,484.66496942344344
2013-12-17 13:20:00+01:00,466.77867526369266,482.86155573884616,461.85591657198825,481.19807000715645
2013-12-17 13:30:00+01:00,448.93963611403467,485.0211343068415,463.7379325534463,486.2264352625163
2013-12-17 13:40:00+01:00,454.9028320828672,466.41946616518726,460.6044522600445,480.51363290442924
2013-12-17 13:50:00+01:00,490.7930413494144,466.632382825588,457.15749002237084,484.21187378186255
2013-12-17 14:00:00+01:00,474.0122578276572,479.9243056860299,459.52585330159775,483.72421333630297
2013-12-17 14:10:00+01:00,439.1711898637515,472.7622158346502,459.8774188211345,483.2226047433176
2013-12-17 14:20:00+01:00,423.77231914041687,466.58085925349286,453.9196763319895,469.7792232181291
2013-12-17 14:30:00+01:00,448.1418368688119,435.7600934371062,444.36745402790626,463.8480217708339
2013-12-17 14:40:00+01:00,404.7609326350481,443.6416111327116,439.254410605476,458.97279091080696
2013-12-17 14:50:00+01:00,441.8842477174686,418.603427083436,427.35064447702456,449.3753231329644
2013-12-17 15:00:00+01:00,452.83029783952253,425.692546692565,422.83525370576757,446.3584908239374
2013-12-17 15:10:00+01:00,437.8116186394152,420.85950654275484,422.27611633869986,441.0898576099476
2013-12-17 15:20:00+01:00,445.70287099343136,438.83951969108733,420.88087620263383,440.14807684738616
2013-12-17 15:30:00+01:00,475.4766404898956,429.9579530680216,421.5591946466775,440.9998064206581
2013-12-17 15:40:00+01:00,494.75945300726585,438.5509255409186,427.9184843747501,442.6642561976565
2013-12-17 15:50:00+01:00,483.5624878094535,468.34977955607764,438.30765668067477,447.3263288691133
2013-12-17 16:00:00+01:00,485.97059221839464,472.9771282749597,447.1398954203963,450.67189488912607
2013-12-17 16:10:00+01:00,480.83711816250303,470.54653781761317,455.1738103903107,450.7276413530218
2013-12-17 16:20:00+01:00,465.71647709635914,469.831760820846,460.86806182239377,451.6120358878271
2013-12-17 16:30:00+01:00,458.5288238204549,464.8428408567339,462.31792406606013,455.770080301944
2013-12-17 16:40:00+01:00,438.6602125258092,455.8825411383679,460.8376388707288,454.68517631347294
2013-12-17 16:50:00+01:00,462.7725411587801,452.31709726093027,454.65186557824654,451.09895416398115
2013-12-17 17:00:00+01:00,477.7026832363824,455.5757228365417,452.06108543294744,454.12225088334833
2013-12-17 17:10:00+01:00,389.1478479584624,449.89670960683844,452.63459861972905,455.9993211567062
2013-12-17 17:20:00+01:00,437.5337859219846,421.22538355415793,437.46718584909195,444.4550768878577
2013-12-17 17:30:00+01:00,432.2405083950259,421.5419468036868,430.6149779952965,442.09394797680903
2013-12-17 17:40:00+01:00,435.5586359612979,406.3218944414977,424.4884603485137,436.52141126184534
2013-12-17 17:50:00+01:00,420.52110565526203,433.65797906540655,420.50358190738797,438.38862090550884
2013-12-17 18:00:00+01:00,409.9019753931324,421.20016192763717,415.23986319215396,429.97651930409506
2013-12-17 18:10:00+01:00,360.3802171139549,401.07507834957454,408.86872329129807,423.05524660315365
2013-12-17 18:20:00+01:00,352.4870502179952,384.3280491646117,393.3805619496983,408.50903462662404
2013-12-17 18:30:00+01:00,317.18256429333957,362.3562196938514,376.5302554564368,400.055119299252
2013-12-17 18:40:00+01:00,306.5792642080503,334.52454056448386,353.8370246088896,379.46647044771265
2013-12-17 18:50:00+01:00,322.42349567738046,331.67847828936,331.32676842726914,365.42778131155796
2013-12-17 19:00:00+01:00,280.19443475972264,317.6827499999147,315.9019831024869,355.3928094510097
2013-12-17 19:10:00+01:00,294.9770978995697,285.428910613228,296.56657261088407,341.04403636026655
2013-12-17 19:20:00+01:00,301.37402906721866,289.08219933113907,283.92722486595676,332.0119279463685
2013-12-17 19:30:00+01:00,287.9788436785112,280.8695296595497,276.96188068505467,322.2852499281842
2013-12-17 19:40:00+01:00,270.97927279281424,273.9758817970916,271.36560290463746,316.96196500037877
2013-12-17 19:50:00+01:00,279.32604699916607,260.8863646538618,264.82495401548874,308.04619666842274
2013-12-17 20:00:00+01:00,260.4233398280949,257.5572566791489,261.5527511617081,302.661843352352
2013-12-17 20:10:00+01:00,264.58373860215204,248.57564484558193,256.2552721004812,293.8923562601146
2013-12-17 20:20:00+01:00,269.4519370040833,249.7884887671599,252.73378335557635,290.9346458814347
2013-12-17 20:30:00+01:00,280.74018318803365,248.91938775021626,251.59789503651498,285.8857096644355
2013-12-17 20:40:00+01:00,261.1408434475449,258.6453171760515,254.23895746016208,285.17489357566865
2013-12-17 20:50:00+01:00,241.71455389886177,260.2245097613674,254.10563877073324,278.73609835215495
2013-12-17 21:00:00+01:00,250.11561441934293,240.8397156340726,249.20109319745208,272.73539601499374
2013-12-17 21:10:00+01:00,236.56321689063753,242.0725781442261,245.47468318487205,267.3556855062635
2013-12-17 21:20:00+01:00,234.75610334046192,241.3818818603551,239.31275430439067,260.62766911136083
2013-12-17 21:30:00+01:00,267.1409725554102,239.0223770496037,233.23157707331004,256.65451314953134
2013-12-17 21:40:00+01:00,229.44099695999824,243.51275119766566,235.1562414943742,259.75397715509143
2013-12-17 21:50:00+01:00,244.10656317540085,238.018317159306,231.438386605923,253.2455424129122
2013-12-17 22:00:00+01:00,264.80320055697973,240.76355908318956,230.81958339694495,255.28815994203796
2013-12-17 22:10:00+01:00,245.85446725078694,245.76493127382182,235.67781622718812,255.69976932557995
2013-12-17 22:20:00+01:00,221.58431978741024,249.3320182066693,237.95671306574175,255.92549026907938
2013-12-17 22:30:00+01:00,256.73075464198917,234.9598764260975,233.8250228611595,250.77421617695205
2013-12-17 22:40:00+01:00,233.2466620054052,234.82923019790067,236.32949849272939,251.88087761862923
2013-12-17 22:50:00+01:00,235.1135747770853,233.401496250013,234.6426726283318,246.85765507106234
2013-12-17 23:00:00+01:00,228.9999897182979,239.59054101958407,232.78942518434692,247.86213286448566
2013-12-17 23:10:00+01:00,206.64314225762664,222.8976852077213,229.51694641810352,242.76269247784694
2013-12-17 23:20:00+01:00,207.9610669595689,212.36049281424877,220.91689664362283,235.73641902604987
2013-12-17 23:30:00+01:00,216.91399805536844,212.85086014577448,212.62203742087502,230.2430686623476
2013-12-17 23:40:00+01:00,213.3561376984456,202.65146267968825,207.66788924584966,225.70891610411465
2013-12-17 23:50:00+01:00,296.5664318954148,203.22071205741764,203.99793949376271,223.02998869950412
2013-12-18 00:00:00+01:00,255.41599841386008,240.60678847642188,218.43537967759073,237.06805793219425
2013-12-18 00:10:00+01:00,244.91052462970384,228.35961765522032,230.55366558411268,236.2403743565107
2013-12-18 00:20:00+01:00,210.92162024315982,238.32287468016924,239.8881400208032,240.4581278602804
2013-12-18 00:30:00+01:00,174.07976468468252,216.70049045913888,237.9061843794048,230.0434702140791
2013-12-18 00:40:00+01:00,147.37121029394535,184.0803256130954,221.27910922403973,215.3212960579971
2013-12-18 00:50:00+01:00,163.052801149397,171.80029734882112,195.59643768116322,196.02428980009014
2013-12-18 01:00:00+01:00,151.51225311814042,172.72457494883548,177.14226723687108,186.15552659366503
2013-12-18 01:10:00+01:00,157.94949490123042,156.3266281405294,161.55010829160327,173.03687832427838
2013-12-18 01:20:00+01:00,164.73448018308898,159.40913245212434,152.08224058495057,170.70913050185035
2013-12-18 01:30:00+01:00,128.6608735741379,159.944467801305,147.93122081123573,166.58394968492712
2013-12-18 01:40:00+01:00,139.55176858110045,135.83282128256164,139.6747195972351,156.68143028671466
2013-12-18 01:50:00+01:00,140.8987843525825,138.6383598074203,135.36832936645374,153.12343269682648
2013-12-18 02:00:00+01:00,119.64158824831333,133.77848991768735,133.33435006074677,148.6739864377743
2013-12-18 02:10:00+01:00,121.4495798012702,120.28149469087519,128.51032423115768,143.9674067945896
2013-12-18 02:20:00+01:00,129.21810999157762,117.62125594002126,125.03830769711738,140.4994900048131
2013-12-18 02:30:00+01:00,120.26048002077928,118.79872757372402,124.23467291914498,139.08045652121737
2013-12-18 02:40:00+01:00,133.38363817261194,115.47789951931671,122.68118328290701,138.71796934349956
2013-12-18 02:50:00+01:00,124.71862756762685,124.85526236656577,124.23384025625778,140.85289844109295
2013-12-18 03:00:00+01:00,114.6669962987198,121.06043949473799,124.72083501512716,139.7637674814079
2013-12-18 03:10:00+01:00,116.15415176009016,115.32219687701081,123.1684383025413,137.25793809348517
2013-12-18 03:20:00+01:00,130.4672230482726,115.59942271508088,122.00504275595127,134.66646497818115
2013-12-18 03:30:00+01:00,116.7706273439421,119.83573013167775,124.02944753419352,135.49003922504735
2013-12-18 03:40:00+01:00,128.0104946111244,118.92570473206885,123.5803763294592,133.65361744806023
2013-12-18 03:50:00+01:00,127.17905788376937,124.6316151798384,125.35730960032697,135.65981931805618
2013-12-18 04:00:00+01:00,125.339600757289,121.17386802876293,127.1309881961761,135.00919239785478
2013-12-18 04:10:00+01:00,123.32427465179362,122.93533416375246,128.3773491152285,136.49841476551694
2013-12-18 04:20:00+01:00,122.2452986326228,123.7974301053441,128.92936800140586,135.8890234556021
2013-12-18 04:30:00+01:00,125.040088292366,119.23516117473162,128.98181698793522,135.13869997024472
2013-12-18 04:40:00+01:00,129.11403883793497,124.37028193737397,129.47584491216628,135.49907710971507
2013-12-18 04:50:00+01:00,121.68600586437644,130.40795239906535,130.79865746908575,136.11548225879758
2013-12-18 05:00:00+01:00,129.60809787376945,123.10251182922195,130.3663991587501,135.99590029943857
2013-12-18 05:10:00+01:00,124.35734739369835,129.32703056016862,131.46541134134122,139.72406900805947
2013-12-18 05:20:00+01:00,125.7480634185192,130.7591662628817,131.3931739066239,139.44672404655424
2013-12-18 05:30:00+01:00,138.97485527450277,128.98783999944447,131.43863768383017,140.30733692297676
2013-12-18 05:40:00+01:00,122.60864540719744,138.48758517817345,134.3520324941995,144.66357290766678
2013-12-18 05:50:00+01:00,123.93644033153043,133.20888635800716,133.653626677862,141.63510659824868
2013-12-18 06:00:00+01:00,133.16990155152797,129.14472363263616,132.78506366900547,142.8778623880178
2013-12-18 06:10:00+01:00,123.5530828796221,134.8471017192631,133.9275408417072,145.6870359876512
2013-12-18 06:20:00+01:00,123.87954769425201,133.66576441456792,132.98432591298177,147.26139291756684
2013-12-18 06:30:00+01:00,131.85969914554903,131.81377065054198,131.9255290189235,147.87954436360627
2013-12-18 06:40:00+01:00,132.60940632391996,136.1272873449648,132.7107684654615,150.05452608204644
2013-12-18 06:50:00+01:00,145.48971431705826,145.21831570278584,133.87582346225489,151.44721416238698
2013-12-18 07:00:00+01:00,140.86284378837263,153.02570642985393,137.89574738456227,161.37114444236727
2013-12-18 07:10:00+01:00,157.57308792364094,153.204730999856,141.07724575555568,162.38731338167423
2013-12-18 07:20:00+01:00,159.35533359858096,168.12827012883247,147.67602412284174,173.14412610139107
2013-12-18 07:30:00+01:00,188.90623823339862,168.1152344617343,154.79142564476507,176.69026957557418
2013-12-18 07:40:00+01:00,211.21735181484354,185.2187277728979,168.40947976746853,194.79746331335582
2013-12-18 07:50:00+01:00,217.77982157409284,205.41131559262067,188.27016638108995,212.80247471505552
2013-12-18 08:00:00+01:00,219.91827145639604,222.1024219824432,210.94279176773549,235.91259259412084
2013-12-18 08:10:00+01:00,245.46778230208227,231.2189532297233,233.2942173676114,248.81867116096694
2013-12-18 08:20:00+01:00,264.307154987387,250.65532502964237,259.20068193729844,266.9557864553387
2013-12-18 08:30:00+01:00,285.2970138868095,266.576420359111,286.1687884259003,283.53093610593913
2013-12-18 08:40:00+01:00,306.20644300138065,281.69093121580755,312.8662893149836,301.77609944798905
2013-12-18 08:50:00+01:00,320.8514790466057,307.0379400937304,337.66036166302337,320.2872985813203
2013-12-18 09:00:00+01:00,343.32720537424507,326.1320740779662,357.82544337379704,339.01642205277307
2013-12-18 09:10:00+01:00,366.6509349003231,348.6850140206231,374.85709746007797,355.29605985686845
2013-12-18 09:20:00+01:00,368.59660486434956,371.57129891973096,389.7399956107085,367.59624380245225
2013-12-18 09:30:00+01:00,405.1615446078531,383.2680948966094,398.64749765093967,375.9348520213225
2013-12-18 09:40:00+01:00,397.1195617890156,396.45649237285306,409.5766937736282,385.0322342131682
2013-12-18 09:50:00+01:00,364.34785251548425,404.13423049252197,415.03123927353994,390.87961819010707
2013-12-18 10:00:00+01:00,453.00649156264114,394.67407242769457,409.4279574277641,387.76248515885516
2013-12-18 10:10:00+01:00,440.7884859115324,432.72493981686114,417.69992014115195,407.55717616775655
2013-12-18 10:20:00+01:00,400.6840168219998,440.51989355123237,424.1011795603154,417.18008991557963
2013-12-18 10:30:00+01:00,395.1528783209105,436.2046836683006,421.6312058411993,421.13333118010064
2013-12-18 10:40:00+01:00,390.3762605372701,420.55546044624157,415.6379191225994,409.321995263485
2013-12-18 10:50:00+01:00,403.7241106205761,405.6916048325986,407.4399523237398,407.0805105206816
2013-12-18 11:00:00+01:00,436.1760621579459,417.08870455139044,401.70534867927057,409.2872477693818
2013-12-18 11:10:00+01:00,396.53343970479995,436.32538184444695,402.9029581042111,420.06940201920366
2013-12-18 11:20:00+01:00,451.52551820031465,414.8077848917295,398.53432271898293,412.4427172493828
2013-12-18 11:30:00+01:00,438.3641308514411,443.3945043974896,403.9972095420577,423.5342466317526
2013-12-18 11:40:00+01:00,447.45008857320244,448.9786528411635,408.7794210575432,426.2872562012852
2013-12-18 11:50:00+01:00,449.2283195987058,453.6097824473482,415.1119210273427,438.7425269470644
2013-12-18 12:00:00+01:00,452.02647041079797,458.77021614971255,421.3629207383921,436.55198693643763
2013-12-18 12:10:00+01:00,466.42603757310866,456.08306032281087,427.2339789706946,443.1654820856663
2013-12-18 12:20:00+01:00,423.4583235680468,459.407619850797,434.50283494516833,450.8558177418042
2013-12-18 12:30:00+01:00,492.1611995006079,448.33449677415,433.1750113992123,453.2498270831793
2013-12-18 12:40:00+01:00,515.1080021818768,476.86596734736037,441.6852565743607,462.496438526478
2013-12-18 12:50:00+01:00,487.5907441675043,497.86835181974885,454.22471090180363,477.9905631047301
2013-12-18 13:00:00+01:00,499.715895536661,507.76987637169907,462.21167391206797,485.5786005756386
2013-12-18 13:10:00+01:00,443.83501512398453,503.688626191949,470.245570174887,488.2904102000399
2013-12-18 13:20:00+01:00,432.89189216625533,469.273832338947,466.98987068379114,480.62767951884325
2013-12-18 13:30:00+01:00,419.6544423315953,468.05818750939306,459.1612767364852,475.08660227103076
2013-12-18 13:40:00+01:00,443.5487314429971,442.59215789566315,447.68011412470105,467.1886376948615
2013-12-18 13:50:00+01:00,462.7346833209135,452.7756953057637,440.6642153141067,465.1415561522319
2013-12-18 14:00:00+01:00,418.5487976964191,464.40838160173917,438.4924040144639,461.6818985203744
2013-12-18 14:10:00+01:00,409.08892999037585,430.8482295745551,430.14311947925336,454.9535625614621
2013-12-18 14:20:00+01:00,414.03987638391555,417.67902728792535,420.3505983509628,445.88608421531194
2013-12-18 14:30:00+01:00,479.8370796324525,417.1246429703845,412.31817045901573,437.9146871024698
2013-12-18 14:40:00+01:00,491.0504452205195,435.62129474905606,417.1384717735588,442.48403241040035
2013-12-18 14:50:00+01:00,508.74266681480583,450.5449003847251,426.7600111557274,445.1229044450908
2013-12-18 15:00:00+01:00,483.4486935340288,476.76044170282023,440.5481003884778,450.0118668920959
2013-12-18 15:10:00+01:00,424.30802683274106,463.2240236866813,450.38628868319444,447.87998713613416
2013-12-18 15:20:00+01:00,416.81911031029153,443.9244746301612,447.7459339582259,443.85578488562976
2013-12-18 15:30:00+01:00,430.67765116287836,431.476477612297,440.5520046956879,436.6025412056262
2013-12-18 15:40:00+01:00,403.4078130729566,431.20860847626085,434.5889947292036,434.726240717997
2013-12-18 15:50:00+01:00,437.58995188900747,420.06697760929126,423.72621645255566,427.64325529899565
2013-12-18 16:00:00+01:00,436.36705452901975,425.43642973573566,419.5635369498003,428.1455280671421
2013-12-18 16:10:00+01:00,425.03749216851713,417.13311216240214,417.03564801141766,425.5878387142432
2013-12-18 16:20:00+01:00,412.07418676932303,424.2811330790557,413.867731264395,424.5856930148063
2013-12-18 16:30:00+01:00,434.4275030912938,415.23815133170086,409.0394039493773,419.1644952820037
2013-12-18 16:40:00+01:00,389.5351500333507,412.3550163059606,408.7246245718199,421.5957490775712
2013-12-18 16:50:00+01:00,398.3632598565756,385.700502778243,401.20372211834007,414.56220344869473
2013-12-18 17:00:00+01:00,399.61963708022677,388.25619268229536,395.1803591312463,412.6817436030387
2013-12-18 17:10:00+01:00,398.15940331914146,380.0041423405872,390.2486980707427,405.4757719272228
2013-12-18 17:20:00+01:00,372.0125100368985,380.88275058358124,386.2077415964672,406.79738047358757
2013-12-18 17:30:00+01:00,399.04724454682207,375.48437063694627,378.21413677201656,397.593941926943
2013-12-18 17:40:00+01:00,412.7759153945587,385.76862996334205,375.88515799478427,398.70490536915804
2013-12-18 17:50:00+01:00,400.04250283780453,388.0093072605049,377.8071986295945,397.317462005661
2013-12-18 18:00:00+01:00,388.8559672611848,395.47382145063114,378.98955022414526,398.80360400104263
2013-12-18 18:10:00+01:00,345.4893860034703,395.1480311226345,378.3524195237555,390.45835071194136
2013-12-18 18:20:00+01:00,358.28271758032514,363.2395303816459,368.6356828367385,378.2653467276243
2013-12-18 18:30:00+01:00,338.05553496519127,359.3786444672295,360.5871525159487,368.93439522297734
2013-12-18 18:40:00+01:00,303.06726162204194,343.2386662934966,349.30843556897577,360.86896135080895
2013-12-18 18:50:00+01:00,323.8830856035087,321.1140966495592,331.5505189890975,348.866201269591
2013-12-18 19:00:00+01:00,335.7767935381808,316.9397134616117,319.56904387777035,340.1725133718704
2013-12-18 19:10:00+01:00,289.7695244635319,312.78368683725193,313.173606966464,334.83149174533713
2013-12-18 19:20:00+01:00,316.3363811016256,300.0395966354961,300.77689081187617,326.22224455700945
2013-12-18 19:30:00+01:00,320.6801569838771,305.0742742765257,295.3148961052116,320.69355219590295
2013-12-18 19:40:00+01:00,272.3467886202604,296.687679309053,293.69791005589076,315.15466854310364
2013-12-18 19:50:00+01:00,274.22034835168625,280.4430141256744,284.353838484961,306.9469214895562
2013-12-18 20:00:00+01:00,288.5547317777801,282.10165685892514,275.5511760316532,300.539179346831
2013-12-18 20:10:00+01:00,249.67782589093565,266.7396118363405,271.14333543765645,295.1449812196495
2013-12-18 20:20:00+01:00,267.0433165832475,261.9526866735242,260.66910931340175,285.8569714147396
2013-12-18 20:30:00+01:00,282.11925216712876,260.45441660971323,254.71584305720503,282.32621238219406
2013-12-18 20:40:00+01:00,249.44452262802088,250.8916915740446,254.14682636814834,280.1143960706942
2013-12-18 20:50:00+01:00,267.82752513524434,248.80388094792445,249.17626769411888,272.2211788004458
2013-12-18 21:00:00+01:00,253.8353472731361,254.97639992482578,248.49629546153253,270.2984423280274
2013-12-18 21:10:00+01:00,233.3879125812999,234.07114734299594,246.34126103917276,264.565435079725
2013-12-18 21:20:00+01:00,212.91241534472113,238.08267594131905,239.97984238284613,261.4241585824782
2013-12-18 21:30:00+01:00,232.85887071324316,226.38940920943293,228.75754492734976,250.82338846755746
2013-12-18 21:40:00+01:00,250.4268077351533,223.514120218192,222.54741445901007,249.88961999299633
2013-12-18 21:50:00+01:00,219.11517202378687,242.9422596972243,222.39037435217372,250.9419402332227
2013-12-18 22:00:00+01:00,255.69723180878543,232.42063159253593,218.15223241042278,247.64026202558205
2013-12-18 22:10:00+01:00,217.3195988399853,237.28888188756474,222.17410946586466,251.22442135341834
2013-12-18 22:20:00+01:00,204.4532626859988,224.29372135726553,219.99121306298238,243.64725422471207
2013-12-18 22:30:00+01:00,228.96458431349512,214.82237918156255,213.9644868197063,238.72635907787478
2013-12-18 22:40:00+01:00,190.1717762962575,214.30075947118902,213.19478696267493,235.71848476535223
2013-12-18 22:50:00+01:00,191.5501256972281,205.24863050317322,204.83733570766114,224.62834281742613
2013-12-18 23:00:00+01:00,197.3453323713835,198.98803595126122,196.71978548403925,219.5364185776383
2013-12-18 23:10:00+01:00,195.7870917412317,189.0267049623869,191.21799116088815,213.33018614756662
2013-12-18 23:20:00+01:00,180.00417657969072,190.6081361228874,187.31010706144463,211.49828641897534
2013-12-18 23:30:00+01:00,196.43990117228475,182.29703414870852,181.57226227972623,204.3984160599637
2013-12-18 23:40:00+01:00,190.7493330566597,177.83816876353947,180.51250418683878,204.3977754670336
2013-12-18 23:50:00+01:00,194.9230756761704,178.477106959997,180.06629578806726,200.1676661244611
2013-12-19 00:00:00+01:00,201.87185066795755,186.55824922286578,181.54201754329225,202.1022313971372
2013-12-19 00:10:00+01:00,211.5951230251873,183.3880135411893,185.44372623565354,202.09199232138116
2013-12-19 00:20:00+01:00,183.0127720776113,190.18536857258547,192.2695376205771,206.93674396758345
2013-12-19 00:30:00+01:00,178.5936488030684,185.57010319250176,192.5735443071567,202.61077555148168
2013-12-19 00:40:00+01:00,165.27506788653014,178.3760419557007,189.92365584134885,198.60478151779742
2013-12-19 00:50:00+01:00,163.18436352195585,168.6030774865709,182.80481510431193,189.83120677314758
2013-12-19 01:00:00+01:00,181.81667156983588,169.84126903489158,174.88869683631881,184.66428136423409
2013-12-19 01:10:00+01:00,165.33996728301656,170.80508086930053,172.20695456618702,184.5097146399147
2013-12-19 01:20:00+01:00,145.30887981361178,164.13744099662281,167.69916089026893,178.70970794938629
2013-12-19 01:30:00+01:00,157.3950397389333,160.0727371660892,159.4521954631566,171.52816995242574
2013-12-19 01:40:00+01:00,136.58753492221214,152.80108203031438,154.99693359143728,167.0023165316818
2013-12-19 01:50:00+01:00,141.35976101176627,140.03210017810778,147.68654156975037,157.50283757380004
2013-12-19 02:00:00+01:00,150.88871529936372,144.3228125415611,142.78962388409008,155.63859176734098
2013-12-19 02:10:00+01:00,129.732206797836,140.40676838047608,141.5453145777556,153.95999372692393
2013-12-19 02:20:00+01:00,131.15851278838662,130.01056568601376,137.32609350123934,148.73913734813564
2013-12-19 02:30:00+01:00,134.51102372750603,134.31384169883563,134.18380300832317,146.2791383584127
2013-12-19 02:40:00+01:00,115.0933487630902,127.48909326195607,132.75704226926507,144.10264949289686
2013-12-19 02:50:00+01:00,111.27065386893716,119.8097585092855,128.06959218352586,138.04510075674128
2013-12-19 03:00:00+01:00,124.08968881303119,118.99758795457814,123.27818630701036,134.70009514992003
2013-12-19 03:10:00+01:00,112.54049807723018,116.77971025175106,122.11983012714519,133.38556504924094
2013-12-19 03:20:00+01:00,115.29366944174514,114.33462486113136,119.69150752676674,129.866523476596
2013-12-19 03:30:00+01:00,126.48833925664375,118.72780876500636,118.41758718854634,129.8927819326344
2013-12-19 03:40:00+01:00,110.68712497452134,119.83360978996473,119.91996925982738,129.71258650731951
2013-12-19 03:50:00+01:00,120.50853576330128,114.38970040990391,118.75226727441274,127.38225285332925
2013-12-19 04:00:00+01:00,131.90502590061448,120.32552113918297,119.61378505404015,129.236871804225
2013-12-19 04:10:00+01:00,120.5226271060377,120.85374203059531,123.01217083950174,129.9246813352205
2013-12-19 04:20:00+01:00,120.45008382579478,120.3430031142308,124.25426355463443,130.85802493086038
2013-12-19 04:30:00+01:00,126.4991331750357,121.61275175139258,125.10152842474415,131.92788887951716
2013-12-19 04:40:00+01:00,111.1363070292096,119.83738667452968,127.0240594394295,133.40813494248408
2013-12-19 04:50:00+01:00,121.03851950232104,115.62519267558577,125.3184184388574,130.99274448386674
2013-12-19 05:00:00+01:00,126.2157119917862,125.12148807759088,125.48507389358586,133.53552780190398
2013-12-19 05:10:00+01:00,116.65265624920907,123.28081006962243,126.87116084253941,133.8053023072625
2013-12-19 05:20:00+01:00,116.26823378118917,122.15400527357275,126.15116935198321,133.19551121699902
2013-12-19 05:30:00+01:00,134.36256760362213,123.29265176532164,125.1407591846437,132.54922911457038
2013-12-19 05:40:00+01:00,116.41181932025916,126.7291169497658,128.01197539191008,137.12318601122718
2013-12-19 05:50:00+01:00,124.47835120519149,126.64661743676513,127.21710523929326,134.6234256856694
2013-12-19 06:00:00+01:00,139.99628370657115,133.55344677179377,127.85754363022542,139.41674911468536
2013-12-19 06:10:00+01:00,126.18685794698914,134.84916891208223,131.87009801506065,144.3763833497134
2013-12-19 06:20:00+01:00,127.6687264631202,135.28437875160594,132.9875862460158,145.75663052671558
2013-12-19 06:30:00+01:00,141.92061725730434,139.619575214065,133.8530456258214,148.06618668157785
2013-12-19 06:40:00+01:00,135.36845946797624,138.75412695566584,137.60993897867908,152.69541110726075
2013-12-19 06:50:00+01:00,137.32369917076718,147.96971166519265,139.8405721471164,155.61971768670728
2013-12-19 07:00:00+01:00,154.48257135339455,153.92482396789,141.92461020670655,158.73462967406988
2013-12-19 07:10:00+01:00,177.32286021443028,156.73025865449557,147.52263757253175,166.88411512671237
2013-12-19 07:20:00+01:00,161.13139706599162,175.98574447979735,158.4232655239977,180.27481755499468
2013-12-19 07:30:00+01:00,199.71272606645755,179.73288598207705,165.92295054695342,184.3756186307519
2013-12-19 07:40:00+01:00,188.3514876357351,193.00611412519626,181.5141797967657,204.04694657265568
2013-12-19 07:50:00+01:00,199.9549257409041,196.1854769205279,194.7926586928477,207.0717420793678
2013-12-19 08:00:00+01:00,222.78131608694716,217.31565770518839,208.94950424771682,224.19690867252473
2013-12-19 08:10:00+01:00,271.20169096820314,219.29619904943135,226.82719490927542,235.89240416905653
2013-12-19 08:20:00+01:00,255.22154429735755,254.5606612408954,255.28448402901506,265.4514084832283
2013-12-19 08:30:00+01:00,271.5017991349349,270.57347361568014,278.9998053047299,277.95446272613617
2013-12-19 08:40:00+01:00,291.8356583926649,270.0679783967833,301.0105044839993,294.64158365550287
2013-12-19 08:50:00+01:00,320.8124922253714,291.9282505475243,321.29220387949096,303.87401190178355
2013-12-19 09:00:00+01:00,344.34210354324614,330.8027293835862,341.74154766900017,326.5071318310339
2013-12-19 09:10:00+01:00,332.41260207655404,341.7012358098927,361.371465263405,348.7635874966567
2013-12-19 09:20:00+01:00,366.2784971694864,346.494168991371,371.607232357424,353.28506626721827
2013-12-19 09:30:00+01:00,391.6177160414129,378.11623323028556,382.48255742401443,364.14353415850684
2013-12-19 09:40:00+01:00,436.46368891528397,381.21151944162244,394.0241951247474,370.3043180919061
2013-12-19 09:50:00+01:00,385.00469120493153,426.69361955587607,410.80462743986766,392.68894210196027
2013-12-19 10:00:00+01:00,398.8872501706179,421.59614012859333,414.5816588969648,390.1229416192471
2013-12-19 10:10:00+01:00,420.68767624852785,415.32585044066695,416.1946359710943,401.4625262736452
2013-12-19 10:20:00+01:00,392.2158716673241,429.16838115470836,418.9999638519489,403.11989020137753
2013-12-19 10:30:00+01:00,403.9306398029127,437.50834760088804,414.61547309492033,415.10250877596286
2013-12-19 10:40:00+01:00,458.5356144807682,424.7899437299539,410.7313847488913,415.50324543128033
2013-12-19 10:50:00+01:00,422.3771961190643,450.8195660561024,416.3851608215423,427.291632536416
2013-12-19 11:00:00+01:00,455.9033327537013,453.13689364977904,416.84141795706427,421.58724742813666
2013-12-19 11:10:00+01:00,469.6101391702806,459.66421487897384,422.51148013859097,439.5328525394823
2013-12-19 11:20:00+01:00,477.46520002711105,458.9989605009175,430.63799570009684,438.5432879266473
2013-12-19 11:30:00+01:00,437.16641543794816,482.5981553273654,439.7996565436417,447.5913187859217
2013-12-19 11:40:00+01:00,396.51616190745864,452.9578921636949,440.981901388922,444.6474954843395
2013-12-19 11:50:00+01:00,414.63381364315114,417.4748029110284,431.99542534148253,438.0749657467607
2013-12-19 12:00:00+01:00,430.23509353685915,434.72535964960025,424.55423252728593,433.24452243987224
2013-12-19 12:10:00+01:00,461.0701811067148,425.47434271483945,420.2213739936962,441.178457155917
2013-12-19 12:20:00+01:00,459.1676401343357,449.19198746989133,422.4706085783568,450.0803013409403
2013-12-19 12:30:00+01:00,467.8740037746532,453.9942862582592,426.0765056011186,457.00837527108393
2013-12-19 12:40:00+01:00,460.6527818789127,462.54457296562447,431.7519729163727,460.4865587274849
2013-12-19 12:50:00+01:00,452.3229768709856,454.5119027767048,436.278516303972,464.6133767078495
2013-12-19 13:00:00+01:00,529.2573749987341,466.6211641460048,438.6427530080897,466.56815151273673
2013-12-19 13:10:00+01:00,497.7545918963261,498.89377839799624,452.40956296363316,479.2699375605047
2013-12-19 13:20:00+01:00,451.2596167132227,491.77906677075043,462.0755150112788,480.76062494680104
2013-12-19 13:30:00+01:00,479.421130927417,479.47016576484896,462.1945923298517,481.26495568411093
2013-12-19 13:40:00+01:00,471.3537742337829,476.47088997026253,464.58050504496157,477.41273513694813
2013-12-19 13:50:00+01:00,432.20594170018194,476.19901298371497,464.72640272228347,480.78402172367544
2013-12-19 14:00:00+01:00,441.9018808267259,468.0269533805349,457.01999122773606,475.69460492358957
2013-12-19 14:10:00+01:00,426.8171491309187,451.93705334224165,450.0758489986768,470.3872978117833
2013-12-19 14:20:00+01:00,413.50093571477333,432.31998916937374,440.681411151703,458.27407796368584
2013-12-19 14:30:00+01:00,468.5117455127903,432.7322830844941,429.38847517317146,452.43919762009216
2013-12-19 14:40:00+01:00,400.79919577026993,436.38853162320106,428.91153340546197,453.3981386351455
2013-12-19 14:50:00+01:00,452.9089200225369,402.0698915473784,418.7833264337022,439.7615123731713
2013-12-19 15:00:00+01:00,406.1898335447619,438.49740477736316,418.37792468742214,443.14054814923077
2013-12-19 15:10:00+01:00,405.88597117132775,402.5310233567487,411.5837245163976,429.58847859192696
2013-12-19 15:20:00+01:00,426.618838546702,404.9472016267229,405.01320921639984,430.6971284258048
2013-12-19 15:30:00+01:00,423.71334550693354,412.5228828336189,403.06711071623903,426.53726108137386
2013-12-19 15:40:00+01:00,437.0806704030295,406.78114046524337,402.17617794329027,425.5207665884102
2013-12-19 15:50:00+01:00,448.1838385316006,417.29725633404826,404.66067172119125,422.8233862563339
2013-12-19 16:00:00+01:00,415.28962117516585,436.094849414448,409.9915323380496,426.82485882550867
2013-12-19 16:10:00+01:00,421.0948645384106,410.1363161650752,409.9038725381289,419.57731668777666
2013-12-19 16:20:00+01:00,430.80650809899186,419.3092262015821,409.83171934452923,419.25763065906636
2013-12-19 16:30:00+01:00,400.8992045026097,425.418585201707,411.10490335518494,418.16883411253434
2013-12-19 16:40:00+01:00,403.47195377604527,408.6959232378763,406.82027411391306,415.8948235448243
2013-12-19 16:50:00+01:00,413.04274995041675,402.33837637263804,402.3016908214192,412.9894040964792
2013-12-19 17:00:00+01:00,412.03054185692844,405.5067275532752,399.7105261769077,409.98925046741687
2013-12-19 17:10:00+01:00,373.65324859505137,402.7732311464637,397.715090339964,408.3643889284426
2013-12-19 17:20:00+01:00,371.50800270944563,376.69011011958713,388.9426980650853,402.80810509757754
2013-12-19 17:30:00+01:00,403.45676572692,379.80985085976084,379.52820441831125,394.08728920741567
2013-12-19 17:40:00+01:00,367.27124920497346,376.72361156009225,377.0251028086838,394.9855485043804
2013-12-19 17:50:00+01:00,379.86522744566764,369.95239625998596,369.7953805784467,388.98245878498017
2013-12-19 18:00:00+01:00,353.2431790688122,379.3611519979085,365.68174897138067,385.5726972831196
2013-12-19 18:10:00+01:00,344.995797620998,352.68734334569564,357.72492290870815,373.9779716236803
2013-12-19 18:20:00+01:00,362.71809676703117,349.30830950698754,348.7340462096327,368.7095970686637
2013-12-19 18:30:00+01:00,375.1308492850097,355.43692460159485,344.34420614094154,364.7010978351482
2013-12-19 18:40:00+01:00,343.1666589029396,354.1652648763892,344.3953700456385,362.8969984074659
2013-12-19 18:50:00+01:00,309.4369637526223,337.97442196476004,340.190000396353,352.02807089453535
2013-12-19 19:00:00+01:00,337.23997713547703,317.11182749114306,329.00140600290877,340.464560642047
2013-12-19 19:10:00+01:00,321.13600719112134,318.0808548068041,323.4573030903575,334.1074241312149
2013-12-19 19:20:00+01:00,271.38708680376095,319.0368690147641,316.6662078407346,328.8216948399134
2013-12-19 19:30:00+01:00,312.03860757498785,287.4674765833861,300.32920702732355,317.42159692870695
2013-12-19 19:40:00+01:00,305.63813768348615,293.29230829135184,293.2227199121314,312.4248713789654
2013-12-19 19:50:00+01:00,303.15209103931534,290.22535048978625,288.17182282047827,308.1469406319245
2013-12-19 20:00:00+01:00,306.46736184232657,296.33461567392976,285.13749728465126,308.7898470406399
2013-12-19 20:10:00+01:00,272.1705670763919,292.3987632507911,284.6658156665205,302.91053188706894
2013-12-19 20:20:00+01:00,259.9729389613584,273.8900324132695,278.3857874207333,295.7373043255329
2013-12-19 20:30:00+01:00,255.39898020407333,266.7818428912828,269.18277940540594,286.45437053298764
2013-12-19 20:40:00+01:00,276.0572682788395,250.04813768663587,259.47690477713184,279.7336016470498
2013-12-19 20:50:00+01:00,247.8469227742786,253.1059670623935,255.59980058322986,276.1500650330578
2013-12-19 21:00:00+01:00,206.87009497948358,248.19429407756172,248.37723214979414,269.0121877465474
2013-12-19 21:10:00+01:00,231.74824625529496,217.0122710215263,232.7166027093669,255.098850942414
2013-12-19 21:20:00+01:00,233.31473269374715,223.35198743491108,223.51809837947815,252.3807147497682
2013-12-19 21:30:00+01:00,205.937136210458,225.89145294967065,217.7883440405479,247.03794784484245
2013-12-19 21:40:00+01:00,216.59815817651585,208.62380592973904,209.00493107562602,242.23207752926072
2013-12-19 21:50:00+01:00,221.61895729883784,210.20757298079212,204.04207309536426,238.78051270350156
2013-12-19 22:00:00+01:00,321.69820565543137,210.17926476274886,202.41499788055228,236.84057914414836
2013-12-19 22:10:00+01:00,235.24787800911838,252.34004016782285,221.45990155222088,253.13465117232718
2013-12-19 22:20:00+01:00,240.8668234193382,233.30543128207088,230.2428229796777,248.27389982081058
2013-12-19 22:30:00+01:00,234.24454596494692,245.83327721213175,237.59779449254313,253.2857457907181
2013-12-19 22:40:00+01:00,212.98722829115644,229.30923278858376,240.9132596398667,246.7160723337495
2013-12-19 22:50:00+01:00,192.55061597365096,218.18756263418427,235.9438285695304,241.77069332732376
2013-12-19 23:00:00+01:00,223.51691035701367,213.27879142703011,222.9241795608914,229.36068671837896
2013-12-19 23:10:00+01:00,210.10476557217632,214.00890545234938,216.66833542771258,230.13784526809954
2013-12-19 23:20:00+01:00,215.93354065213478,208.59675157210972,209.61299422127638,223.6200387549575
2013-12-19 23:30:00+01:00,236.02872088491486,220.70739987550039,205.53999308703197,224.41995450694824
2013-12-19 23:40:00+01:00,203.47826993417533,220.13314799253183,207.78613779945493,225.9585901621143
2013-12-19 23:50:00+01:00,199.84939715398528,202.22915246383116,205.11043557413336,220.3779826613763
2013-12-20 00:00:00+01:00,226.54163108264623,209.4435283440392,201.39914370412006,217.65599985837613
2013-12-20 00:10:00+01:00,187.0567373622199,203.93856629865417,203.94554800875198,218.06286752943072
2013-12-20 00:20:00+01:00,205.3722484676008,187.15466605820953,198.86619406113576,209.77037748615666
2013-12-20 00:30:00+01:00,197.66188913798425,197.20260469139086,197.38600204263798,212.4870014538537
2013-12-20 00:40:00+01:00,196.68939475565244,187.29978765946683,195.0973275429697,207.13469082038156
2013-12-20 00:50:00+01:00,203.68866381071467,187.4982076588854,193.06345072561837,207.55708758394323
2013-12-20 01:00:00+01:00,184.5251034665255,196.3905811960053,193.2346036249787,206.82456767856058
2013-12-20 01:10:00+01:00,173.9801608161319,181.26131366851678,189.73878939649444,200.44784653277716
2013-12-20 01:20:00+01:00,171.43691879556488,176.61744966239664,183.56368217322847,195.2689019738144
2013-12-20 01:30:00+01:00,163.2967279354199,172.42134296495854,177.11097390792756,188.96321054188402
2013-12-20 01:40:00+01:00,146.07663030437783,165.48932529114094,169.83465285722926,181.5034024116569
2013-12-20 01:50:00+01:00,149.73861867255337,154.63632021848804,159.95156147044443,171.82982835216407
2013-12-20 02:00:00+01:00,148.85658038455165,151.97146424785635,152.62670128815117,166.4777056208039
2013-12-20 02:10:00+01:00,142.46878193338588,146.09025696711254,147.3496808826643,160.89495343204158
2013-12-20 02:20:00+01:00,140.6397517742977,143.2698111909146,142.7359284218667,157.20896376459163
2013-12-20 02:30:00+01:00,147.1399844864501,140.06283496109066,139.34377334361582,152.09751913666594
2013-12-20 02:40:00+01:00,138.73960276261448,138.5560693411472,138.65518748213145,151.79919193247437
2013-12-20 02:50:00+01:00,129.70704937714555,135.87982839817033,137.44401812521988,149.22572380649999
2013-12-20 03:00:00+01:00,130.47299929303352,135.60250336645822,134.90626193470746,145.2048260387245
2013-12-20 03:10:00+01:00,112.33330073839537,126.03458265815476,133.02322548100554,142.932439598715
2013-12-20 03:20:00+01:00,120.65232657866531,119.92229833154768,127.78354844288421,136.04128199844652
2013-12-20 03:30:00+01:00,122.0797735657398,121.39638508150033,125.00950767195734,137.56867283701263
2013-12-20 03:40:00+01:00,120.67786815030787,121.29269122845604,123.52975690832514,134.39699029008443
2013-12-20 03:50:00+01:00,110.4764072586965,120.213270727044,122.53629956672144,134.31475993252806
2013-12-20 04:00:00+01:00,110.6895350562934,114.71010971239602,119.9901428993124,129.64004232387256
2013-12-20 04:10:00+01:00,110.58661938430582,108.97849938489206,117.94983945613085,127.46130937518083
2013-12-20 04:20:00+01:00,110.99481508442065,111.64169575672466,116.46468075037814,124.8944510295936
2013-12-20 04:30:00+01:00,109.5256720523554,110.21260182250631,115.56612363691082,124.40907029957526
2013-12-20 04:40:00+01:00,109.80099888288248,107.4617428402999,114.78752151425572,122.95230857410182
2013-12-20 04:50:00+01:00,106.38981703328373,110.31018143334637,114.37194526144575,123.17700076154293
2013-12-20 05:00:00+01:00,110.83234891933712,110.50696571149749,113.53177402534767,122.66427143090388
2013-12-20 05:10:00+01:00,113.3107940992696,109.43071594481671,113.75611106984513,123.22809839982254
2013-12-20 05:20:00+01:00,115.65227153963261,113.29982122875596,114.65951100663538,123.79758408124256
2013-12-20 05:30:00+01:00,119.07108939957035,118.44815557509907,116.09457789323288,125.51065265646491
2013-12-20 05:40:00+01:00,123.66393552841804,118.41431305295066,118.18294467761518,126.56409251504436
2013-12-20 05:50:00+01:00,117.47154605576252,122.46484381575381,121.1010326436055,129.58917167191058
2013-12-20 06:00:00+01:00,123.72081595364097,123.19448499150114,122.5152081588055,131.35953767483656
2013-12-20 06:10:00+01:00,129.58825926870333,126.65725728214619,124.83796698111445,135.42244248055175
2013-12-20 06:20:00+01:00,133.05787189674666,133.50270253020557,128.1753045644846,138.70379619676203
2013-12-20 06:30:00+01:00,130.71696501370818,140.03687576340818,131.9977834321838,144.56396190895876
2013-12-20 06:40:00+01:00,124.37347473355364,136.46820218487187,134.85423459864325,148.24962556888505
2013-12-20 06:50:00+01:00,137.94266821009612,134.97477727421114,135.48266714946863,148.33497050814344
2013-12-20 07:00:00+01:00,145.29468907068474,145.12991391048007,138.5457960083675,154.53760267905798
2013-12-20 07:10:00+01:00,141.15847324255162,152.53005295267712,143.0799202644769,160.73503516319394
2013-12-20 07:20:00+01:00,176.91716600589922,156.56033808044936,146.27408074261248,164.66322046986508
2013-12-20 07:30:00+01:00,186.33917236191556,174.04547889293747,157.0279821923663,181.37259207814756
2013-12-20 07:40:00+01:00,208.56851973983223,184.90989613361813,170.9584595748401,194.47423991812352
2013-12-20 07:50:00+01:00,220.19368816795625,208.68572225333733,190.65829385711197,216.36894738319492
2013-12-20 08:00:00+01:00,236.61428064224003,219.10279064516263,214.05198448604023,234.05399981671837
2013-12-20 08:10:00+01:00,248.43964494912774,236.08903743301605,241.13265039960518,256.97304706235695
2013-12-20 08:20:00+01:00,236.1525027689134,255.32230409533867,269.036003867586,269.684861893753
2013-12-20 08:30:00+01:00,270.6395490004523,258.9133229957259,287.5303935150607,276.1312394593246
2013-12-20 08:40:00+01:00,294.07271704146444,277.31388716300546,306.50841663602455,295.98147204411777
2013-12-20 08:50:00+01:00,309.89823039958463,296.91031147985245,324.28685182408975,310.5765307326386
2013-12-20 09:00:00+01:00,289.10021608151766,321.81901235549594,339.32355772753004,332.138671855609
2013-12-20 09:10:00+01:00,320.02071247280026,317.47563756897125,342.09626609015163,330.21752539308096
2013-12-20 09:20:00+01:00,303.35361916421044,328.0864870486199,345.7147369993804,344.99467273726435
2013-12-20 09:30:00+01:00,327.6207775105853,329.93412310103844,341.33986257965955,338.896939752044
2013-12-20 09:40:00+01:00,358.97170329568263,341.9527220630545,339.4728800075942,349.52667484156854
2013-12-20 09:50:00+01:00,346.2719275061926,358.1431932132856,343.5782764190944,354.3287529554089
2013-12-20 10:00:00+01:00,350.805068520164,364.01133158004455,345.4700626698214,359.8061015821031
2013-12-20 10:10:00+01:00,358.6340217233583,354.8046634962894,347.38993593885795,361.0034252273281
2013-12-20 10:20:00+01:00,347.3608429219392,365.53669098296973,350.04909340502365,364.7211519034737
2013-12-20 10:30:00+01:00,380.91196905947834,362.89368097212923,349.65360121261773,363.6393794196371
2013-12-20 10:40:00+01:00,365.66444998928955,381.2962682115524,354.8669207144564,370.35596170029504
2013-12-20 10:50:00+01:00,361.81263630028985,380.55188455873906,357.34284573251006,366.6115560604244
2013-12-20 11:00:00+01:00,371.92752284228646,379.5719093609513,358.00546072697745,364.85476513007256
2013-12-20 11:10:00+01:00,357.80758212160464,385.0581663655214,359.6350628712027,363.176632173804
2013-12-20 11:20:00+01:00,360.27294497950567,375.16979753383333,357.9782453689946,363.14504362165906
2013-12-20 11:30:00+01:00,408.601503570212,379.6130756337196,355.980508399027,363.9252867464525
2013-12-20 11:40:00+01:00,399.90592040885775,391.6107790255027,362.95608125905716,372.6647696750029
2013-12-20 11:50:00+01:00,359.95299961114165,403.711266947357,369.8506138435254,376.20419467898887
2013-12-20 12:00:00+01:00,392.18109870381744,387.6221041184114,368.55790767867535,374.4058069464551
2013-12-20 12:10:00+01:00,379.5037405346095,383.67902735804455,371.50497035154484,377.0905612886813
2013-12-20 12:20:00+01:00,376.4095794226275,376.61348739357527,371.84865338731345,379.61400179563213
2013-12-20 12:30:00+01:00,411.9148459044762,387.56378456478245,370.85028607964705,385.91088745829455
2013-12-20 12:40:00+01:00,386.79737836011947,398.65456529998517,376.02943990811764,390.20943841171953
2013-12-20 12:50:00+01:00,365.7477683663377,384.0567063316774,377.2623983584108,389.3498925305123
2013-12-20 13:00:00+01:00,395.7479203187571,384.281315570224,373.4307093940181,388.62250149539017
2013-12-20 13:10:00+01:00,394.49823088518997,388.7437949750693,374.3196528797755,391.12116224575124
2013-12-20 13:20:00+01:00,404.0212586690886,391.67133438110426,375.56480373601886,390.82450268115906
2013-12-20 13:30:00+01:00,403.6293643478324,411.33182257456633,378.80281812609394,390.8577134131584
2013-12-20 13:40:00+01:00,349.44400385492077,403.01370118417043,382.1589327909779,388.9530555091965
2013-12-20 13:50:00+01:00,389.8939111352538,370.58607809769666,374.3209134656811,382.6664833007684
2013-12-20 14:00:00+01:00,418.99681197315346,386.5371235378574,372.7994402489284,385.38231962616504
2013-12-20 14:10:00+01:00,385.54450093762756,395.0797450101075,377.5100650113113,386.1817454949253
2013-12-20 14:20:00+01:00,336.6770426931487,392.9992740787192,377.4791918563162,385.0585765309044
2013-12-20 14:30:00+01:00,374.85391065946806,373.04682559065617,366.68070546376225,373.2342291782942
2013-12-20 14:40:00+01:00,350.2865334151865,366.9266389409606,362.2997617954196,371.6553788909215
2013-12-20 14:50:00+01:00,347.0375014606306,353.55179099533547,354.4040024731416,369.8727297902928
2013-12-20 15:00:00+01:00,397.37460573862336,362.80722630262886,346.59878547208325,370.66331202035843
2013-12-20 15:10:00+01:00,377.0150646697888,371.33346458428144,349.54030429225,368.80881030563427
2013-12-20 15:20:00+01:00,387.244057876835,364.75370450424975,351.69428718707593,369.56336622069637
2013-12-20 15:30:00+01:00,365.9103569901846,384.86392926814966,356.46660056145083,372.17664052420224
2013-12-20 15:40:00+01:00,366.6525553979485,362.7304531254477,357.48858027738646,369.5912058649916
2013-12-20 15:50:00+01:00,361.98224974048946,366.24173697530347,357.6673714845994,367.012407666945
2013-12-20 16:00:00+01:00,400.14048745081794,370.3575780651638,356.2920876028951,362.81577982268936
2013-12-20 16:10:00+01:00,339.3374662217686,381.4246389609544,361.7597027803091,367.6628366346156
2013-12-20 16:20:00+01:00,376.03205160852787,355.1899854743993,356.1470230662797,357.76593923470324
2013-12-20 16:30:00+01:00,375.34508269805013,369.9742894214208,356.26154924902823,359.4650688510735
2013-12-20 16:40:00+01:00,343.7970464228126,360.8059393030976,356.9577342970075,356.6437666539524
2013-12-20 16:50:00+01:00,334.7427791794179,355.6028312850571,351.68375897961755,357.1628844468867
2013-12-20 17:00:00+01:00,376.4347955606825,345.60192278830084,343.8083849448958,346.21111919541056
2013-12-20 17:10:00+01:00,353.91429928307434,352.6074945413398,344.2579696552323,347.12725013654926
2013-12-20 17:20:00+01:00,330.53957623049564,351.2299368764007,342.4708624413519,342.7047253195547
2013-12-20 17:30:00+01:00,329.3038903090845,346.27068852036825,336.351786271517,342.4641644856885
2013-12-20 17:40:00+01:00,306.8544451527414,321.3125341733178,329.8032861074812,333.6428823519928
2013-12-20 17:50:00+01:00,320.2345354191197,314.47822024897414,319.12737133151455,327.17452083027734
2013-12-20 18:00:00+01:00,344.3050112144928,331.44479165353397,311.9501180051611,326.81903938115767
2013-12-20 18:10:00+01:00,322.92934660341746,328.57249554661,311.5508355812386,328.06812039527654
2013-12-20 18:20:00+01:00,291.3426140803558,318.0719970434456,309.6394838806755,322.8786938888837
2013-12-20 18:30:00+01:00,308.2242898278075,306.6950829054403,301.8179911323158,314.59161185324734
2013-12-20 18:40:00+01:00,281.61542506833956,293.6666648360813,297.3867096850232,311.8215317123943
2013-12-20 18:50:00+01:00,283.54487539635954,284.59440449209313,288.6666512687555,304.8312229185423
2013-12-20 19:00:00+01:00,268.4672781470584,289.63385111786624,281.00593829667895,299.7592450726324
2013-12-20 19:10:00+01:00,240.45012626772197,259.60019465984675,271.63482318374326,289.8683225270558
2013-12-20 19:20:00+01:00,259.4979267695976,238.64230365658926,257.4410171581374,280.8406533600055
2013-12-20 19:30:00+01:00,253.69563735905302,256.6599063940539,248.84947014832034,277.74836334030346
2013-12-20 19:40:00+01:00,251.2616367051219,243.19420746968697,242.1395493513013,270.93686618854525
2013-12-20 19:50:00+01:00,273.0318831058349,241.0623166156465,237.47242830445387,268.4753076301197
2013-12-20 20:00:00+01:00,251.41023905204162,251.5490735280316,239.38242114361393,268.75602086639896
2013-12-20 20:10:00+01:00,253.25637780641213,245.73016396567627,239.40660229576045,266.10949472251855
2013-12-20 20:20:00+01:00,242.06163549602724,243.35141544289576,240.19847755882535,264.1485379968548
2013-12-20 20:30:00+01:00,241.3818243753612,240.38191567765557,238.8090858164933,259.76657368282633
2013-12-20 20:40:00+01:00,229.14762701833158,233.24760487467108,236.95693367442865,257.8062104840966
2013-12-20 20:50:00+01:00,213.60077434564835,237.86769213986307,232.34069446353323,253.74454967295483
2013-12-20 21:00:00+01:00,231.06713237100462,227.79608174837776,223.99880057505973,246.1838280397097
2013-12-20 21:10:00+01:00,225.8997111908187,219.27109270147605,219.92252850141963,245.34718765483518
2013-12-20 21:20:00+01:00,238.021312284969,223.0917171441385,216.57734602040796,242.20926257440811
2013-12-20 21:30:00+01:00,220.26370454321534,235.16704472449797,217.26670342935103,245.80706241153297
2013-12-20 21:40:00+01:00,184.10243449540135,220.0971972752514,215.69164152006587,240.605047519968
2013-12-20 21:50:00+01:00,190.42172935186923,197.2805139098913,205.49800699142003,229.6412882451863
2013-12-20 22:00:00+01:00,230.0809598233703,196.89155867418665,196.45836506386874,220.62855347380201
2013-12-20 22:10:00+01:00,206.3024165458706,204.8399000476703,197.38413908111534,224.93439876535837
2013-12-20 22:20:00+01:00,215.00984304983345,205.89230229442342,196.50645984591722,221.64497666212372
2013-12-20 22:30:00+01:00,223.54946132753693,214.4859749574555,198.39195053248918,227.69020439423622
2013-12-20 22:40:00+01:00,201.63764012361656,207.0017227485745,203.22183192144817,227.7425666172076
2013-12-20 22:50:00+01:00,202.92583654812117,207.45003821388357,203.69760436593907,224.47562490169457
2013-12-20 23:00:00+01:00,227.14656850268813,206.3621217959304,203.40245182180556,222.2874959537432
2013-12-20 23:10:00+01:00,180.1758492189804,210.29035520793423,208.23903389154185,226.86132312237925
2013-12-20 23:20:00+01:00,205.51768281391392,194.68665823900616,202.14437644031096,215.66093866782046
2013-12-20 23:30:00+01:00,198.92278555994343,203.8862321193332,200.5169891320281,219.40917337406137
2013-12-20 23:40:00+01:00,187.8820175627582,192.34969569319418,198.08771697006495,211.89784040689202
2013-12-20 23:50:00+01:00,199.51550209318964,193.7205305202146,193.39500751109483,210.64296250879633
2013-12-21 00:00:00+01:00,182.43813602011568,193.52136063192293,191.71751769088624,210.2762747271076
2013-12-21 00:10:00+01:00,219.5537597387097,182.92798500386942,187.1743543870424,202.88861463997068
2013-12-21 00:20:00+01:00,202.25441532273337,202.37758518840118,191.30243855470889,212.53010121895335
2013-12-21 00:30:00+01:00,182.85145994602607,193.78886618133103,193.82308306687153,206.9348198246506
2013-12-21 00:40:00+01:00,167.86641688613182,179.68407030781066,191.60763046737364,204.6093994199639
2013-12-21 00:50:00+01:00,183.8588842031624,171.71626881046762,184.65121826073783,192.55707885566102
2013-12-21 01:00:00+01:00,166.21534225722164,178.05985863350432,181.20861931346474,192.44315933247512
2013-12-21 01:10:00+01:00,151.49697292572517,167.72619260939172,174.7683563614846,182.19771709592305
2013-12-21 01:20:00+01:00,159.34565575742957,160.81620571114507,165.57298465123256,175.88102648913656
2013-12-21 01:30:00+01:00,150.0853458633915,157.71479969230032,159.477438223577,169.3823343592858
2013-12-21 01:40:00+01:00,151.3340096473106,148.74612718285627,153.3459358597048,162.3664895248578
2013-12-21 01:50:00+01:00,150.81716001775865,151.59295970114968,149.17212620995502,159.60259424363733
2013-12-21 02:00:00+01:00,150.41808542338285,148.85462947936003,146.5520323371844,155.2836722550131
2013-12-21 02:10:00+01:00,140.84453361319805,142.17854155630786,145.20968658405258,155.2729601935737
2013-12-21 02:20:00+01:00,131.63773789872033,140.10344143835152,142.83974065664475,150.0831368875661
2013-12-21 02:30:00+01:00,133.3411032865034,132.17825358048486,139.05358370895547,146.34749882302572
2013-12-21 02:40:00+01:00,127.537881284569,124.77713716681941,136.29402986743858,143.78935016714684
2013-12-21 02:50:00+01:00,125.2789000743734,128.73830615885987,133.1521017885834,141.30766387701462
2013-12-21 03:00:00+01:00,129.846133225498,126.3106592336951,130.3008808987369,139.09358277333985
2013-12-21 03:10:00+01:00,117.3176384707561,124.12614723524271,129.20583612697186,136.8277528329556
2013-12-21 03:20:00+01:00,124.63311588748381,118.78703485961422,126.2309677909706,132.84342680195343
2013-12-21 03:30:00+01:00,120.69325585793794,122.74333194397428,125.29550155549845,133.267121468824
2013-12-21 03:40:00+01:00,122.20177136023742,119.40982622916485,124.2207758995837,131.0644375488804
2013-12-21 03:50:00+01:00,125.36942679813465,124.12584704959276,123.87198520951821,131.55874835036445
2013-12-21 04:00:00+01:00,125.1138877815231,125.7689407224524,124.54862019190084,131.3999983770976
2013-12-21 04:10:00+01:00,117.90599611601439,121.80931303399434,125.44448797934159,131.90426482906236
2013-12-21 04:20:00+01:00,114.6200023230409,120.22845968227199,124.87064474859979,130.3376239933443
2013-12-21 04:30:00+01:00,131.9393627169658,117.37971460463645,123.52148593107533,128.80130973873787
2013-12-21 04:40:00+01:00,118.24543898929647,123.7633376766541,125.87988269944287,131.15003692209115
2013-12-21 04:50:00+01:00,125.18788116308946,120.20019379695071,125.65906811131467,129.22055416709546
2013-12-21 05:00:00+01:00,122.69038843034666,124.28124217876665,126.70797498078113,132.362999884524
2013-12-21 05:10:00+01:00,109.16752619818399,122.20993488390928,127.24335072098762,130.36329264995535
2013-12-21 05:20:00+01:00,118.43360266251828,119.709444228696,124.55788026814913,128.38775186259383
2013-12-21 05:30:00+01:00,122.5235798914194,121.84500185050501,123.8575978186965,129.04685532441005
2013-12-21 05:40:00+01:00,106.35411063050651,123.73271717245062,124.33146261811842,128.94562242938727
2013-12-21 05:50:00+01:00,117.52056912032302,121.25600642186784,121.43494151317265,125.67974120417956
2013-12-21 06:00:00+01:00,118.75847267234892,122.48248169548611,121.02931132773904,126.63346760332085
2013-12-21 06:10:00+01:00,104.0108358126059,120.14036863906098,121.28548246981703,125.93143130892102
2013-12-21 06:20:00+01:00,111.61756597124696,120.54654307359222,118.55742739624478,123.43460985924582
2013-12-21 06:30:00+01:00,108.56528669386113,122.18606206019994,117.59568711982679,123.85209493024745
2013-12-21 06:40:00+01:00,106.19184793377588,115.18206328087284,116.4084055714576,121.43278471747831
2013-12-21 06:50:00+01:00,106.50048566320734,117.57654460083066,115.0056506846195,121.60303657704344
2013-12-21 07:00:00+01:00,117.6557219303906,116.12354810819333,113.95920801196425,121.23756341111563
2013-12-21 07:10:00+01:00,108.20365419893069,119.16343215295626,115.38032862389608,124.98994572214882
2013-12-21 07:20:00+01:00,126.8512601000739,118.62588373713047,115.17582789227825,123.12100650839514
2013-12-21 07:30:00+01:00,134.52139428694048,130.94533551122797,118.56745854173647,131.62143074993546
2013-12-21 07:40:00+01:00,133.02584491351865,133.44751696548028,123.72661278207129,135.2090597168365
2013-12-21 07:50:00+01:00,199.15227914821256,138.68002109954404,128.57816422533688,143.4763410823371
2013-12-21 08:00:00+01:00,138.7704091427087,171.0619792938221,146.20115328727076,170.52103508823774
2013-12-21 08:10:00+01:00,118.52369021548753,151.46501063048058,152.9453414038967,165.04801110993887
2013-12-21 08:20:00+01:00,132.0373056477451,147.4010310037316,150.9183773077009,164.4974642764095
2013-12-21 08:30:00+01:00,132.37861781787643,143.99102839203815,150.14995795194653,157.54410647116688
2013-12-21 08:40:00+01:00,140.64569786440683,140.96610305651936,148.42000578089295,156.26803924355562
2013-12-21 08:50:00+01:00,159.4423798482712,154.12399448341955,148.12581893027743,157.64956588173996
2013-12-21 09:00:00+01:00,151.2251659671298,162.51943506042932,152.18947448294554,164.6425436724269
2013-12-21 09:10:00+01:00,170.3324665050047,154.73472679406765,154.69133443599372,164.91063366537153
2013-12-21 09:20:00+01:00,178.69403686459316,177.15237800074613,161.27610243181263,172.8714853929857
2013-12-21 09:30:00+01:00,185.44736223613958,178.93007318655552,170.11080606753634,179.4268386288618
2013-12-21 09:40:00+01:00,201.6822494091099,181.62109363887149,180.47053063320615,190.05969595774107
2013-12-21 09:50:00+01:00,192.4222073846598,198.43279936947815,194.29846726924993,203.80497279352988
2013-12-21 10:00:00+01:00,182.36609069655833,197.1084370483202,204.8931234868328,207.80870420044647
2013-12-21 10:10:00+01:00,194.1425515001932,192.66470677941308,209.41031785471435,207.93364173092147
2013-12-21 10:20:00+01:00,216.9710489480041,200.63417760932302,213.15136220824579,210.71759976932202
2013-12-21 10:30:00+01:00,190.7907990529903,214.69331864777084,220.27892042591913,220.61940839242155
2013-12-21 10:40:00+01:00,243.40971677336702,205.44228526214965,218.66262611825624,210.91059748572093
2013-12-21 10:50:00+01:00,190.12512195978812,240.28269428952663,227.65119919502234,231.8100884912828
2013-12-21 11:00:00+01:00,185.51223714991573,209.4987176654072,222.9102777881482,213.64188099227778
2013-12-21 11:10:00+01:00,198.76375696601085,209.21478161007212,213.63051950412662,215.35110177565687
2013-12-21 11:20:00+01:00,186.658307712529,211.03795418249388,206.79742149506347,207.69233823931899
2013-12-21 11:30:00+01:00,194.07503164715695,203.30717662326373,197.9937153212899,205.14714638036665
2013-12-21 11:40:00+01:00,174.01619031864647,205.17695642234725,192.1791967509149,203.97111335237312
2013-12-21 11:50:00+01:00,215.9086813987376,192.4275269934638,183.5680214744951,192.56986234609977
2013-12-21 12:00:00+01:00,226.22017516512906,203.776129607236,185.46726800762897,205.8416171413218
2013-12-21 12:10:00+01:00,212.2599060054074,216.916100278158,192.74758520451954,209.5023717366435
2013-12-21 12:20:00+01:00,205.27014086254496,221.85781111199577,199.1653195338419,216.42106464810394
2013-12-21 12:30:00+01:00,202.56545353900336,210.56694850571878,203.696032905518,213.60657370777128
2013-12-21 12:40:00+01:00,177.00521848146764,209.19025510943362,206.27488292793646,213.0946539010838
2013-12-21 12:50:00+01:00,179.55933702775795,200.56178946241803,200.56230065531628,201.08876337596578
2013-12-21 13:00:00+01:00,183.2311346203193,195.6847567615903,193.6242351774006,197.1669792583111
2013-12-21 13:10:00+01:00,176.4473808079792,188.27933885389126,187.62997240630784,192.19286238367357
2013-12-21 13:20:00+01:00,181.52118215802437,191.89092776690555,181.1207647433616,186.9134015829903
2013-12-21 13:30:00+01:00,180.92865721819726,192.5647939593132,177.05167451947383,184.62685704206524
2013-12-21 13:40:00+01:00,188.7539917866208,186.43922631681656,174.49696798650032,182.68366032711478
2013-12-21 13:50:00+01:00,149.59572158608208,189.57014866585297,175.06310457476937,186.63083616022348
2013-12-21 14:00:00+01:00,176.43615885175072,168.79478985550236,167.59973300829145,173.81981360716654
2013-12-21 14:10:00+01:00,198.15216048477484,178.31712645689694,166.25937748273137,177.8228157498211
2013-12-21 14:20:00+01:00,206.72464958126963,184.51651131727397,171.17258309947005,181.77323477147894
2013-12-21 14:30:00+01:00,233.14550041383276,200.28875611186766,179.9263893533094,196.5848944843766
2013-12-21 14:40:00+01:00,259.76550728836844,214.90643369556165,195.8448295592054,212.0929145444926
2013-12-21 14:50:00+01:00,202.9834189607285,242.08866104848076,219.80218891243257,232.56893249460012
2013-12-21 15:00:00+01:00,208.60225968082523,217.76095785415566,230.47287241611176,227.0077017408869
2013-12-21 15:10:00+01:00,191.183579339036,217.58311545841025,236.2963391107453,228.87769543953968
2013-12-21 15:20:00+01:00,189.78036289768107,207.8647067451825,231.50120075474894,215.14204423800948
2013-12-21 15:30:00+01:00,205.43433833342976,204.0346699884767,221.65572840119503,213.0841761581536
2013-12-21 15:40:00+01:00,201.48084759320224,210.84452101730508,214.35001906713364,211.8712973332161
2013-12-21 15:50:00+01:00,172.71072338630685,205.76788742374566,207.0271952077743,210.05417428059417
2013-12-21 16:00:00+01:00,178.9453075990965,194.3277863181931,193.9329114526224,200.76189614962993
2013-12-21 16:10:00+01:00,180.738668314977,188.0279379838673,183.79782115413803,194.34972493253386
2013-12-21 16:20:00+01:00,187.56291984904564,186.07212123529513,176.70210258588793,188.51299745761773
2013-12-21 16:30:00+01:00,176.5962809524185,185.54192606993422,173.69730058524647,190.06677455424523
2013-12-21 16:40:00+01:00,165.0728146109179,178.01394891856512,170.70511117480143,187.67738473610862
2013-12-21 16:50:00+01:00,169.1847976974425,167.87079763807404,166.47156408266395,181.9546571896922
2013-12-21 17:00:00+01:00,167.91912273011204,171.62792662924377,164.06331051238314,179.9044337271857
2013-12-21 17:10:00+01:00,176.32154523884947,166.96137751899536,162.54851784609585,176.59571906759467
2013-12-21 17:20:00+01:00,158.4094288608118,173.9348581348183,163.81415581330546,178.78208555621677
2013-12-21 17:30:00+01:00,175.97953731168175,168.51112222601088,161.9746914079519,172.63228934133406
2013-12-21 17:40:00+01:00,152.85696586262617,173.5776077168775,164.09460863078672,176.9721737800195
2013-12-21 17:50:00+01:00,179.72630372179063,160.0672003532481,161.5783221825793,167.68771346773414
2013-12-21 18:00:00+01:00,167.4290779599017,175.37722416839705,164.84959266995182,178.15231510502147
2013-12-21 18:10:00+01:00,159.60510707189462,172.20282894551912,166.2959196506025,172.92400394827482
2013-12-21 18:20:00+01:00,153.86522803948694,164.0987617916185,165.55485431905313,175.73002258405273
2013-12-21 18:30:00+01:00,187.02912123335986,163.52717594957346,162.92150881705817,168.86920555691773
2013-12-21 18:40:00+01:00,149.56785132593913,171.98822452434325,167.72593239038105,177.91385601021983
2013-12-21 18:50:00+01:00,150.7366152141277,158.6504323670021,164.71926290959325,169.9541875382566
2013-12-21 19:00:00+01:00,170.44524522580377,160.8877405085638,161.03379822404395,170.85690457973564
2013-12-21 19:10:00+01:00,164.49699468791286,164.28684417201342,162.0473977276221,171.05025061128663
2013-12-21 19:20:00+01:00,163.0617357625754,163.36597576360242,162.6468513560928,172.72755195215706
2013-12-21 19:30:00+01:00,164.9501228055884,168.5527701998735,163.10689458724383,174.0467327356952
2013-12-21 19:40:00+01:00,156.92893986982574,164.234430661194,164.06137579092731,172.19068416362003
2013-12-21 19:50:00+01:00,164.3372298562776,160.02356390246007,163.09337424341996,169.98741134072088
2013-12-21 20:00:00+01:00,177.2774485685737,166.06206513010622,163.61880840811205,167.77920469761574
2013-12-21 20:10:00+01:00,172.05244651463133,170.4871610123557,167.374829331669,172.71660873885648
2013-12-21 20:20:00+01:00,162.90594835051374,174.11182490667852,170.3822485105541,173.6984381746691
2013-12-21 20:30:00+01:00,156.93756086098043,168.22149660010305,170.70093305754625,173.5963061903519
2013-12-21 20:40:00+01:00,175.70867079573802,158.3881862237619,168.59943296152602,168.68445739540334
2013-12-21 20:50:00+01:00,167.4575497222076,166.59490290070084,170.45583800232225,174.074547557029
2013-12-21 21:00:00+01:00,164.30371954963567,167.80281275426992,170.7540556786237,172.2332243118898
2013-12-21 21:10:00+01:00,163.96215728902044,163.32922878309628,169.95830647038989,174.2474392743478
2013-12-21 21:20:00+01:00,188.67261180410347,163.12802094840998,168.8021572143404,172.59961066293235
2013-12-21 21:30:00+01:00,143.4961658417563,178.56512629618769,173.41809696048279,183.11376540907074
2013-12-21 21:40:00+01:00,156.20803617182236,158.25683175162038,167.49785743504106,170.1142191681366
2013-12-21 21:50:00+01:00,181.3342827569636,165.21308256173091,163.66714384082385,172.7829573377019
2013-12-21 22:00:00+01:00,149.80502993979547,169.54606825997578,166.14464318259542,173.97428855801166
2013-12-21 22:10:00+01:00,146.9102985290438,157.28296696707372,162.45622628726952,168.60512357004436
2013-12-21 22:20:00+01:00,158.9348586402418,158.21830760239447,157.7149519993485,165.41531798368527
2013-12-21 22:30:00+01:00,146.8003194321221,158.9338225345891,156.20859393289544,163.6101709175356
2013-12-21 22:40:00+01:00,207.00111951564566,150.88077985800814,152.9059236254861,160.37867792064247
2013-12-21 22:50:00+01:00,194.73098811246402,183.73951816684223,162.74356041570076,179.40657591883854
2013-12-21 23:00:00+01:00,219.75254592588246,181.11243224701772,173.29654047074777,184.84151621909487
2013-12-21 23:10:00+01:00,212.66878406582848,200.55160041497177,190.20656669272893,208.7603234771887
2013-12-21 23:20:00+01:00,192.5583193610749,201.1015770006399,206.69456668753284,213.5804353480057
2013-12-21 23:30:00+01:00,154.48995843857367,196.5746220738671,215.8017122154679,217.97862361339423
2013-12-21 23:40:00+01:00,145.22711549359067,175.49375935058896,207.7698809113983,199.63453301553307
2013-12-21 23:50:00+01:00,156.5848062287659,165.56971351025754,191.56390959163994,186.20673227158517
2013-12-22 00:00:00+01:00,165.41101754044624,164.39059874349297,177.8778781982891,175.37829411332186
2013-12-22 00:10:00+01:00,152.62910817921508,168.4178174848823,168.58951699476057,172.45847637891026
2013-12-22 00:20:00+01:00,164.75124878935682,160.54483216772732,159.41266195249622,167.92833044340986
2013-12-22 00:30:00+01:00,154.3523619209042,159.48308676614025,155.39911450774977,166.59155425378003
2013-12-22 00:40:00+01:00,161.13477922997714,158.5790548754186,151.7077430118747,162.28871050618798
2013-12-22 00:50:00+01:00,171.04141507834152,158.03625315957012,151.01832492528015,163.1137170471422
2013-12-22 01:00:00+01:00,161.6614089292877,162.57678730189625,153.85864809183033,166.8248903164259
2013-12-22 01:10:00+01:00,154.534816529022,155.7268996304692,155.8644249235348,167.53055188268092
2013-12-22 01:20:00+01:00,167.98800176045827,151.7142642898039,156.31917123813454,166.93113016589078
2013-12-22 01:30:00+01:00,182.8850981984124,154.4257633363983,159.62341811093555,168.02037504569589
2013-12-22 01:40:00+01:00,150.25658288529814,167.63334881780474,166.65020832921329,175.0858666811035
2013-12-22 01:50:00+01:00,157.15145288947667,156.85482483492277,165.9620399548676,166.40379826957442
2013-12-22 02:00:00+01:00,148.3983192414271,157.36547155618507,165.3273997208927,167.17063336580526
2013-12-22 02:10:00+01:00,130.67526017966097,152.20776716295495,161.89584278352365,157.72400909193192
2013-12-22 02:20:00+01:00,149.16549350428767,141.23383212351936,153.52561861505623,151.41535708965688
2013-12-22 02:30:00+01:00,145.57995483712912,143.25408863117326,149.95628824576036,150.68305458744118
2013-12-22 02:40:00+01:00,132.01508517325667,142.15115291041678,147.01221373523953,148.31484762971235
2013-12-22 02:50:00+01:00,139.0951445961523,140.62699293512478,142.03827791189173,144.29441616615324
2013-12-22 03:00:00+01:00,131.95244021258705,136.8256460851465,139.50569148767104,142.66197603638807
2013-12-22 03:10:00+01:00,122.29981940202707,128.462883991133,136.55258031741286,138.75923287695474
2013-12-22 03:20:00+01:00,129.4190808524349,129.3874242946426,132.2873036862677,135.4456256910202
2013-12-22 03:30:00+01:00,117.50992708281835,128.40934045373618,130.36542667853283,133.20593340960184
2013-12-22 03:40:00+01:00,122.54684052879257,119.7639904914072,126.8721775749206,126.53855428138546
2013-12-22 03:50:00+01:00,116.48724574329933,125.75722802240801,125.12944169944151,127.13079497671754
2013-12-22 04:00:00+01:00,108.66286015418619,119.14649894801818,122.93091678052754,122.37108545105087
2013-12-22 04:10:00+01:00,107.04400883907522,111.71433516636819,119.68877754295518,119.41892189001523
2013-12-22 04:20:00+01:00,125.3353659030056,115.69536153988673,116.77242039283792,116.44742746091183
2013-12-22 04:30:00+01:00,120.24188279166648,115.82801793562638,118.09436448033365,120.58724867945125
2013-12-22 04:40:00+01:00,110.82408966968902,113.65038662221019,119.14296600723146,121.36878630353738
2013-12-22 04:50:00+01:00,111.04855777525687,114.87814564590354,118.39111018955172,121.46813746046885
2013-12-22 05:00:00+01:00,105.34055378741738,108.5384430568522,117.69311390486509,119.09640513341313
2013-12-22 05:10:00+01:00,105.36647676099292,102.5179591875645,115.9672389501289,116.03179757551712
2013-12-22 05:20:00+01:00,101.66247649910076,109.3881384395937,114.45555671365847,115.39960328726274
2013-12-22 05:30:00+01:00,96.3696249676659,104.95369421501259,112.52138464441525,113.21029053447539
2013-12-22 05:40:00+01:00,95.22995264384512,100.79478889323818,109.89900593933929,110.74408849320733
2013-12-22 05:50:00+01:00,99.73727920448012,102.52746065185393,107.55902951419519,108.8579804044173
2013-12-22 06:00:00+01:00,101.26749712650827,103.97727287554102,106.61811913467176,109.01659023461063
2013-12-22 06:10:00+01:00,100.0255378642379,106.44097445812055,106.38853716824316,109.0602918253655
2013-12-22 06:20:00+01:00,100.17872269266287,105.5905161609877,106.1857073473937,109.09133245446762
2013-12-22 06:30:00+01:00,105.79800729113404,102.68012863702347,106.15930541043797,108.47500138960864
2013-12-22 06:40:00+01:00,98.08233714159942,104.025847505885,107.25903795502373,109.66231107009024
2013-12-22 06:50:00+01:00,102.49061365542003,103.6960272118243,106.95022611169412,109.22513965261234
2013-12-22 07:00:00+01:00,106.0429051526364,103.5886807992276,107.41108122361143,112.0747011001166
2013-12-22 07:10:00+01:00,103.27335504254043,104.35949441578298,108.55784619010996,112.93768293546546
2013-12-22 07:20:00+01:00,103.6840128220495,106.33204958721136,109.11478849649822,114.16496151611318
2013-12-22 07:30:00+01:00,111.96741974063532,104.40341236868441,109.6082940036029,115.50872963349858
2013-12-22 07:40:00+01:00,109.82198052697032,108.28600542487204,111.58851063167978,118.23823143865924
2013-12-22 07:50:00+01:00,103.96183970236933,111.70163437362572,113.06807235065301,119.74497801914856
2013-12-22 08:00:00+01:00,123.02160430979795,112.09513373721667,113.08135721431229,119.80822655670426
2013-12-22 08:10:00+01:00,104.10746880106262,123.64349798896555,116.6220335957756,127.40225665740701
2013-12-22 08:20:00+01:00,106.030628129639,116.79367768699369,116.24167847876362,123.3938377568775
2013-12-22 08:30:00+01:00,113.28871317040498,118.181792802338,115.80468510031827,126.74143605829308
2013-12-22 08:40:00+01:00,116.19641819988145,118.52476644269449,116.77669899287432,125.00911899437706
2013-12-22 08:50:00+01:00,120.93363306751915,121.04865151766933,118.312834827749,129.06769800117684
2013-12-22 09:00:00+01:00,115.5971226969751,123.2013806178076,120.6907030506246,132.44871830699563
2013-12-22 09:10:00+01:00,106.62701980908238,120.14548372698823,121.73689805063535,132.30918655627113
2013-12-22 09:20:00+01:00,131.60363492034236,115.36521269223817,120.38413976897183,128.9896130989033
2013-12-22 09:30:00+01:00,123.77466522452991,127.95256346869292,124.04305761734176,137.20992718818832
2013-12-22 09:40:00+01:00,123.53912247805754,126.41185678908657,126.29969052085285,137.4020519262892
2013-12-22 09:50:00+01:00,126.77734538686236,128.70849175002178,128.05354464036594,142.52019601443837
2013-12-22 10:00:00+01:00,159.44816841032323,128.29491054975023,130.11544120271728,142.48322139375475
2013-12-22 10:10:00+01:00,137.70558042117062,143.7500741148386,138.8773437763624,156.25614946135897
2013-12-22 10:20:00+01:00,131.36279567383642,142.8082036950591,143.32331039096616,154.2109431161974
2013-12-22 10:30:00+01:00,140.75619769787664,142.9363267827692,144.83789626233383,157.7774700637281
2013-12-22 10:40:00+01:00,133.77451827308505,142.77609219593603,147.44009706539475,157.3002673920269
2013-12-22 10:50:00+01:00,141.14359970631986,145.20976675935077,147.50174875775244,154.50263758050983
2013-12-22 11:00:00+01:00,153.49124277612333,146.74514230763054,148.45760874728208,158.43949934673168
2013-12-22 11:10:00+01:00,135.6916446898938,147.44501157152632,151.98263160010399,161.14606343053092
2013-12-22 11:20:00+01:00,133.52319049385696,143.76335017327202,150.8775630063797,159.6013612999437
2013-12-22 11:30:00+01:00,150.86903124283523,144.0348135521039,148.27801730004387,154.70522443828
2013-12-22 11:40:00+01:00,116.06621524650672,144.47394147838492,149.54978552740607,157.06947958488317
2013-12-22 11:50:00+01:00,133.42206522130417,134.0049736450197,142.37897851339642,144.14070798597726
2013-12-22 12:00:00+01:00,140.82285396198853,138.02614525862427,139.35387453055125,148.30815425187856
2013-12-22 12:10:00+01:00,138.10989844626383,136.03065840321563,138.93677236902326,142.9546393969072
2013-12-22 12:20:00+01:00,119.35770864879696,141.4793090013475,138.7416168000673,146.35032682233384
2013-12-22 12:30:00+01:00,135.49794415418307,134.04224418373607,134.59378309918128,138.33927511481716
2013-12-22 12:40:00+01:00,135.4976739849677,134.35301593122801,134.2712666145233,141.69506131254028
2013-12-22 12:50:00+01:00,152.04085624588697,137.028816602845,134.70692264614868,139.4159598805192
2013-12-22 13:00:00+01:00,148.7933582181992,151.60544879494293,139.0503581659691,149.25491917073572
2013-12-22 13:10:00+01:00,188.99247040593718,145.83751026012303,143.31680120149417,150.756558954956
2013-12-22 13:20:00+01:00,213.7803327907946,168.82129289074823,156.1866774283766,170.377355806193
2013-12-22 13:30:00+01:00,182.86239185247396,188.39942636280688,176.440887978355,190.93745829126811
2013-12-22 13:40:00+01:00,161.0322599770419,185.52692813927976,191.13534560608522,198.68172262401725
2013-12-22 13:50:00+01:00,154.21241112994338,176.843654292548,196.15648716006018,196.82304302935563
2013-12-22 14:00:00+01:00,154.0707302547224,168.688859779321,193.64407347277773,187.68043691296708
2013-12-22 14:10:00+01:00,140.06177816695515,164.49611434760027,186.90064389951425,182.7773075542
2013-12-22 14:20:00+01:00,140.9189194758516,159.8546104754887,174.2110337881672,170.44088372398159
2013-12-22 14:30:00+01:00,131.71125383071308,156.36535256222797,162.13214535393143,166.62827240466203
2013-12-22 14:40:00+01:00,138.7861059240593,142.64395664911783,150.04593250820952,154.1467400067524
2013-12-22 14:50:00+01:00,149.3072662474444,143.42808144578385,142.41980933667446,151.06723413917908
2013-12-22 15:00:00+01:00,141.23287970172603,149.83107622255505,139.7327988175335,149.39538333093827
2013-12-22 15:10:00+01:00,129.83611130626983,142.96129013623545,137.66423824878098,149.67188256256955
2013-12-22 15:20:00+01:00,154.6227472916115,135.27461714847547,134.48508402715336,144.34191922364514
2013-12-22 15:30:00+01:00,146.01459109157258,143.56129501591016,137.192601118685,150.71940713557217
2013-12-22 15:40:00+01:00,137.37174268641786,137.60432400935036,139.4555810633106,150.33754822226746
2013-12-22 15:50:00+01:00,149.58947456807388,138.2337290392701,139.9982696906698,152.26772197444186
2013-12-22 16:00:00+01:00,169.82926646355037,143.04012578256794,143.06994592530953,154.06339857103353
2013-12-22 16:10:00+01:00,138.8369664458501,153.09221290673153,150.8079749332491,162.61189688536825
2013-12-22 16:20:00+01:00,144.2612841626372,149.39678533660594,151.68035249920126,157.53277220992024
2013-12-22 16:30:00+01:00,131.6448983978656,147.71993327872343,152.3974907694285,159.57573582758178
2013-12-22 16:40:00+01:00,135.68511137555635,137.7792263395531,149.18119506965132,151.13464687062526
2013-12-22 16:50:00+01:00,151.78917116602264,149.24720527613968,146.34853911646053,151.45062072422152
2013-12-22 17:00:00+01:00,152.49605021312368,151.6857422958513,147.4125666301601,153.82897739927702
2013-12-22 17:10:00+01:00,140.72814615120623,150.4333664965169,149.30138599615896,158.01887229971464
2013-12-22 17:20:00+01:00,146.03306710677717,150.9098699529943,148.5888476381702,158.10499401900177
2013-12-22 17:30:00+01:00,154.57940156078627,146.8868486390304,148.8162796679411,158.65219423230596
2013-12-22 17:40:00+01:00,129.27795262364597,146.0809311648405,151.0986118514821,161.1580005903465
2013-12-22 17:50:00+01:00,160.7919244541867,143.07619708878934,147.29934471073443,153.81638061684242
2013-12-22 18:00:00+01:00,157.23021204946735,151.88260538105575,150.32710257136068,163.7214379612053
2013-12-22 18:10:00+01:00,146.34408895749934,150.91391010610835,153.43991136623072,161.62885644973568
2013-12-22 18:20:00+01:00,139.71912652026035,156.6752805194613,153.85540001220573,165.57794571886
2013-12-22 18:30:00+01:00,139.3968685166177,145.9826076736269,151.95402803137821,158.97205926731584
2013-12-22 18:40:00+01:00,140.68226014745755,139.23627443483178,149.51695277533966,156.64107749189765
2013-12-22 18:50:00+01:00,135.5088498796806,152.99154564114048,147.4109898381937,153.4218579159522
2013-12-22 19:00:00+01:00,147.31261579249164,145.33687982131568,144.39607511016663,151.0001221680552
2013-12-22 19:10:00+01:00,173.2090851820579,144.84763310554746,144.44989226141726,153.38974693867303
2013-12-22 19:20:00+01:00,162.85711315651503,160.3838050836162,150.83152472961956,164.08135769075852
2013-12-22 19:30:00+01:00,163.11284364831081,158.45172908030145,156.23771291421437,168.51352739700272
2013-12-22 19:40:00+01:00,144.97898911607876,156.16822209340887,161.4279491996611,173.23714355689717
2013-12-22 19:50:00+01:00,161.82982973659327,150.9510366456433,161.20462950910058,167.64553815457273
2013-12-22 20:00:00+01:00,182.44048350335348,153.11801855975855,163.706529143397,174.4802599459367
2013-12-22 20:10:00+01:00,159.57093192950344,166.96563157988695,170.85133867079512,181.5926430752074
2013-12-22 20:20:00+01:00,140.98988547673005,170.0584276192699,172.41149476046584,181.71884564010702
2013-12-22 20:30:00+01:00,145.17489800270343,158.998405445423,167.09900120496644,174.8924041724174
2013-12-22 20:40:00+01:00,147.47967001539567,153.68749497094922,161.57582596950675,166.56695552496413
2013-12-22 20:50:00+01:00,167.2919251663614,160.99581265575986,156.7947250860751,161.4253940616272
2013-12-22 21:00:00+01:00,190.3361663347463,170.09223459811867,157.3663236857924,166.65182864491476
2013-12-22 21:10:00+01:00,149.99018971224862,174.55616261304854,164.3770689922999,178.22436380174526
2013-12-22 21:20:00+01:00,141.40139074428495,163.75445554945415,163.34942621377152,170.78094106841493
2013-12-22 21:30:00+01:00,127.77751854134615,160.24546752642527,158.84096316161805,167.45583928394788
2013-12-22 21:40:00+01:00,127.63937100002103,137.68923788543745,150.42570627574995,152.5651902864593
2013-12-22 21:50:00+01:00,137.36820736329503,135.18081064317073,142.62977904812095,147.15945701707054
2013-12-22 22:00:00+01:00,134.58417394852242,138.76876506783887,138.5369007166479,143.98346548448413
2013-12-22 22:10:00+01:00,116.29446177201461,130.88516033345172,135.5449587483218,141.89255888505238
2013-12-22 22:20:00+01:00,126.26027810571048,124.70442835455998,129.8402254462032,132.77506845181566
2013-12-22 22:30:00+01:00,136.0529210105018,128.2156244459058,127.30650779088143,133.00684678953294
2013-12-22 22:40:00+01:00,136.7687993256396,127.23176548242327,127.94851525925856,133.5094697818663
2013-12-22 22:50:00+01:00,130.01638096327068,138.2687780783272,129.6972395033114,137.23723270769017
2013-12-22 23:00:00+01:00,124.96101939634798,136.06919281988075,130.4856725852001,136.28723544671828
2013-12-22 23:10:00+01:00,139.7283613150972,126.91344970883858,130.17711741817962,135.02194647538917
2013-12-22 23:20:00+01:00,128.91571983451237,133.4925430723191,132.9936846593697,139.70278211885244
2013-12-22 23:30:00+01:00,138.74734337036224,134.1901875315143,133.7091369163106,138.67732116314016
2013-12-22 23:40:00+01:00,123.02544630424542,138.1057966971311,136.27622581127486,143.82137031488293
2013-12-22 23:50:00+01:00,122.25279193249663,130.97012789052633,135.1400250633331,135.88154538750436
