local_time,actual,ridge,lstm,tcn
2013-12-16 00:00:00+01:00,346.4602756860823,357.2632922000648,336.9885196910947,375.8402099855443
2013-12-16 00:10:00+01:00,335.47935978758,337.4466233885798,316.99229098807086,343.98059503680133
2013-12-16 00:20:00+01:00,321.9108181220995,316.796134923598,301.9289184618531,319.3650246479528
2013-12-16 00:30:00+01:00,286.600020724892,315.20283421064886,290.2129409302043,292.5119247497802
2013-12-16 00:40:00+01:00,299.6622130058684,293.64270859877865,276.3663434880888,269.8541650790473
2013-12-16 00:50:00+01:00,247.8545104406109,277.20586019740625,268.72810382172,251.97390792268783
2013-12-16 01:00:00+01:00,235.4923578044656,258.25739466874427,254.65042920993804,235.73455914063905
2013-12-16 01:10:00+01:00,268.6986469622539,240.29317208917467,240.76397034805098,222.05010302377406
2013-12-16 01:20:00+01:00,252.07262947594268,247.40188950322934,236.3889093126595,210.41152153598918
2013-12-16 01:30:00+01:00,218.3795688570358,243.43965019042878,232.54667817072058,202.87794405236042
2013-12-16 01:40:00+01:00,231.68236946057067,228.19341059388813,224.33104348557126,195.568512803211
2013-12-16 01:50:00+01:00,209.62328125234657,221.1348487017259,220.225092178081,189.84605851835738
2013-12-16 02:00:00+01:00,209.11710109328376,212.41908140486663,213.87596707938903,184.33183698264156
2013-12-16 02:10:00+01:00,235.20218140229807,212.1891211983905,208.87422963388013,181.37388980787173
2013-12-16 02:20:00+01:00,214.24267087954343,216.59406950291404,210.23695077215152,177.97678230268528
2013-12-16 02:30:00+01:00,207.96500751912225,213.5040078151403,209.52910233690417,174.79939847346904
2013-12-16 02:40:00+01:00,218.9016873174376,216.6383615658548,208.24130886554858,171.6568303673354
2013-12-16 02:50:00+01:00,192.52117308206127,206.10217560263928,209.63864171544066,169.4166071257635
2013-12-16 03:00:00+01:00,199.50375341265507,193.91938774808804,206.5632681223052,166.93295376676863
2013-12-16 03:10:00+01:00,205.08748105394343,206.26677199254306,205.022066777029,165.1157723505283
2013-12-16 03:20:00+01:00,198.84102663165817,198.15841269332628,205.2457803137339,163.0381781144018
2013-12-16 03:30:00+01:00,199.2838699268772,197.08608361482516,204.8966438357001,163.33175312954265
2013-12-16 03:40:00+01:00,209.1224585157593,203.12296941815674,204.98978789029664,162.87163868822603
2013-12-16 03:50:00+01:00,184.26078191472104,203.48511796640585,207.40693805534315,161.9980903280115
2013-12-16 04:00:00+01:00,201.11851402503288,193.52153419210805,205.15056112960067,160.407634953484
2013-12-16 04:10:00+01:00,209.11015269754418,204.9421899577867,206.18129270232183,159.8905292331489
2013-12-16 04:20:00+01:00,183.4329766535252,200.48164027131523,209.33592473441712,158.72717505150365
2013-12-16 04:30:00+01:00,199.9571860767021,195.1550146412566,207.435491999942,158.25878170180334
2013-12-16 04:40:00+01:00,200.83169763798787,205.20618663861958,208.65224507736923,157.48116210416907
2013-12-16 04:50:00+01:00,179.14809387736145,198.72441100705012,210.44324324184973,158.0179858576714
2013-12-16 05:00:00+01:00,210.14604922304892,192.11204072030742,207.6367539628786,158.46737372863566
2013-12-16 05:10:00+01:00,205.14392275826233,209.35743093325087,211.06554735271652,160.40134524477872
2013-12-16 05:20:00+01:00,189.92653477212093,199.5313177148733,214.22139262776693,162.21825049590723
2013-12-16 05:30:00+01:00,202.235955127159,205.57952016265222,214.01158920913895,165.17262081469292
2013-12-16 05:40:00+01:00,209.58280854964187,210.60402056426466,216.00866134082457,166.65217948227775
2013-12-16 05:50:00+01:00,187.69509257088845,204.87595708918235,219.67075031320283,169.47682548944402
2013-12-16 06:00:00+01:00,199.1373964912097,205.33740132596526,218.4437350412396,172.70104070409982
2013-12-16 06:10:00+01:00,207.1425943707448,209.11775976817142,219.12822845907252,177.70297037240263
2013-12-16 06:20:00+01:00,193.52404734417755,207.56161194180925,221.62548032097854,182.59735855728417
2013-12-16 06:30:00+01:00,233.35507042522218,213.7490320621596,221.15665637512978,190.18999919439327
2013-12-16 06:40:00+01:00,318.26089120968584,231.8782539974101,228.81608840396973,198.0085507182142
2013-12-16 06:50:00+01:00,289.0319077610065,262.55241699381105,253.5444052748803,210.27725222136988
2013-12-16 07:00:00+01:00,270.3490785552023,287.52387839143717,276.67333384235184,225.18028128844398
2013-12-16 07:10:00+01:00,247.3762025310514,293.9545628414309,294.75869298620114,245.1824570140689
2013-12-16 07:20:00+01:00,269.40008265500626,271.1780653570446,303.3435538812272,262.9981726206279
2013-12-16 07:30:00+01:00,277.7561965885386,287.77220129521754,312.88379135606255,286.92009150773674
2013-12-16 07:40:00+01:00,299.5086220330908,302.1688713521886,321.3952378718726,307.70513205234437
2013-12-16 07:50:00+01:00,318.23899659104825,312.40758876707594,332.5710713276386,342.72820979210223
2013-12-16 08:00:00+01:00,395.32355064705223,346.3965105058682,346.39313792471245,377.93495595962736
2013-12-16 08:10:00+01:00,432.19434248309,403.4277235084261,376.8150751395355,434.63915997554346
2013-12-16 08:20:00+01:00,419.6881915490129,433.2910760845888,417.6068414276364,489.5288153200415
2013-12-16 08:30:00+01:00,572.1271501097597,461.8299434577733,455.533256483929,558.5892236343545
2013-12-16 08:40:00+01:00,695.2920762105921,572.8752339815948,525.6890446463743,628.6190626953517
2013-12-16 08:50:00+01:00,704.8020496166409,654.2069980396757,629.3022561359587,709.6529299731708
2013-12-16 09:00:00+01:00,789.2131820467196,751.0616007936784,742.5764224110222,798.3882559551794
2013-12-16 09:10:00+01:00,869.7986213305568,827.1732343840068,870.7383812970933,894.4793187950883
2013-12-16 09:20:00+01:00,834.4705463862928,893.9736015321658,1005.2876516336336,1002.5746016418796
2013-12-16 09:30:00+01:00,946.5521361813195,963.4483232077145,1101.700895995432,1131.1783641200839
2013-12-16 09:40:00+01:00,943.6082736003971,1034.61178365779,1186.6290212308518,1262.821679352667
2013-12-16 09:50:00+01:00,961.7044601238025,1045.9076530892728,1230.2943065911068,1374.8494819654427
2013-12-16 10:00:00+01:00,1011.9495764231501,1167.206018881103,1239.354792639082,1481.2583501218112
2013-12-16 10:10:00+01:00,947.5970402099955,1224.8408375910303,1231.804276910412,1583.1748649310339
2013-12-16 10:20:00+01:00,1048.6559854844904,1165.2562102994455,1186.6574428062768,1679.0248594254035
2013-12-16 10:30:00+01:00,1179.4794231089295,1278.0872664590252,1156.1717572158204,1775.5835353936411
2013-12-16 10:40:00+01:00,1383.9190538649898,1350.5254793423508,1158.3663832323873,1864.8005859334858
2013-12-16 10:50:00+01:00,1328.741719369997,1431.467128568211,1214.8805099041842,1966.2972679783607
2013-12-16 11:00:00+01:00,1379.0597497974818,1574.4915874878718,1276.136753469875,2051.6293338613505
2013-12-16 11:10:00+01:00,1550.8689446759556,1621.1902388925146,1349.1365261044405,2135.256423410892
2013-12-16 11:20:00+01:00,1559.009767136589,1663.7779792515048,1453.807981471105,2221.5381509418344
2013-12-16 11:30:00+01:00,1864.4412108660454,1739.3555647110957,1555.7857729829448,2314.0452065464356
2013-12-16 11:40:00+01:00,1848.0159730803725,1963.6847212188407,1706.0386039272048,2410.7051680058316
2013-12-16 11:50:00+01:00,1709.3956800194205,1966.7796084900892,1844.8297747604302,2496.8601734712342
2013-12-16 12:00:00+01:00,1961.1586501560193,2016.6945764202362,1925.8045530973143,2579.346430022323
2013-12-16 12:10:00+01:00,2086.6458370194973,2092.8619018222257,2021.1534138510517,2673.2924297065338
2013-12-16 12:20:00+01:00,1910.0787488750395,2185.7489986473797,2115.9044178080635,2769.1887096981545
2013-12-16 12:30:00+01:00,2116.08755296827,2220.6861036895434,2148.7253942408706,2846.899189881325
2013-12-16 12:40:00+01:00,2292.7482323837057,2344.7703228131772,2193.9189899607354,2919.6866050140366
2013-12-16 12:50:00+01:00,2109.0093096825776,2432.5183556773213,2256.523751562337,2979.381901453029
2013-12-16 13:00:00+01:00,2360.444586874856,2472.3522725246607,2270.9633645239514,3039.4244576160345
2013-12-16 13:10:00+01:00,2505.14486098856,2625.761547073941,2316.192951889335,3080.6965372404893
2013-12-16 13:20:00+01:00,2585.2379450759836,2683.300168460135,2380.6621707870477,3121.4361221397867
2013-12-16 13:30:00+01:00,2969.491296695161,2911.393072782321,2454.020273801741,3171.4938878264925
2013-12-16 13:40:00+01:00,3057.329998717289,3073.0859202779566,2583.5974833842165,3204.7483564460504
2013-12-16 13:50:00+01:00,2938.0559341446656,3107.4648669168346,2724.116611926267,3206.624499712635
2013-12-16 14:00:00+01:00,2866.0698551966134,3299.523793886883,2831.4394775543446,3224.500743629745
2013-12-16 14:10:00+01:00,2798.730042548761,3219.9933902630387,2899.6086793227523,3240.417972563712
2013-12-16 14:20:00+01:00,2803.094413244207,3021.0664052335737,2926.5254880331645,3270.4423123692595
2013-12-16 14:30:00+01:00,2646.839995041431,3117.663448498427,2928.7479411847085,3276.8912442303968
2013-12-16 14:40:00+01:00,2462.6576690902566,3016.968722656569,2884.1342992988602,3276.68028820705
2013-12-16 14:50:00+01:00,2350.529872956471,2790.9698553487387,2790.0253197856923,3258.3360618313636
2013-12-16 15:00:00+01:00,2328.255191918183,2809.72785139233,2666.4257140054983,3259.9845340823645
2013-12-16 15:10:00+01:00,2480.4862102203915,2714.2547566391045,2541.3477422221276,3251.3508280749006
2013-12-16 15:20:00+01:00,2310.557989680255,2618.722691814231,2457.996075280084,3247.0326279025985
2013-12-16 15:30:00+01:00,2615.643493102411,2613.518942427745,2363.2962558515583,3218.263286127288
2013-12-16 15:40:00+01:00,2538.410514803179,2732.049951274224,2340.0025117369323,3207.9692578951685
2013-12-16 15:50:00+01:00,2448.4735785178277,2661.7457407301727,2327.644455146094,3181.9219904059883
2013-12-16 16:00:00+01:00,2772.013617332839,2710.291631138813,2314.5247739876986,3168.409434605093
2013-12-16 16:10:00+01:00,2690.519512294491,2771.7538127135495,2363.5949857772034,3138.0038273339037
2013-12-16 16:20:00+01:00,2592.6479521449105,2696.2190670153686,2413.251360564407,3116.691360180621
2013-12-16 16:30:00+01:00,2785.390971012687,2780.010852559157,2448.0851648139155,3075.8641152508317
2013-12-16 16:40:00+01:00,2619.2588713685946,2852.887110633012,2509.2312846864033,3045.3418795776993
2013-12-16 16:50:00+01:00,2633.586352553629,2724.2468599542744,2539.169097546115,3004.787748352985
2013-12-16 17:00:00+01:00,2544.4759066480965,2901.548212262135,2560.4658989693885,2974.2162724681525
2013-12-16 17:10:00+01:00,2674.0369944306763,2741.4252847607813,2556.1436927553773,2940.441433735316
2013-12-16 17:20:00+01:00,2557.1150054996683,2696.321429141471,2565.8393739920566,2908.4880224434446
2013-12-16 17:30:00+01:00,2391.7550214881935,2780.7333013716466,2552.366098704613,2864.686346418824
2013-12-16 17:40:00+01:00,2553.3016046389957,2619.684335289186,2503.2562062178104,2825.6005635248775
2013-12-16 17:50:00+01:00,2696.6913564320644,2619.9444630283515,2479.5523405804784,2782.243572268665
2013-12-16 18:00:00+01:00,2386.359150415242,2768.016172683732,2486.108015651454,2752.980560545351
2013-12-16 18:10:00+01:00,2363.581646736606,2532.936961479967,2445.269052732441,2711.6446873915816
2013-12-16 18:20:00+01:00,2429.090158481364,2420.080655743508,2397.9753407700123,2685.0330627148874
2013-12-16 18:30:00+01:00,2416.330809952751,2423.8730836542095,2364.577481017459,2637.101150893014
2013-12-16 18:40:00+01:00,2332.473836769392,2415.119587844678,2335.955850285882,2607.650159445969
2013-12-16 18:50:00+01:00,2197.790807653422,2322.340713266536,2299.067249827793,2530.499811107532
2013-12-16 19:00:00+01:00,2127.232569081806,2249.4712374343053,2241.3485288552893,2445.263738301648
2013-12-16 19:10:00+01:00,2131.436996204718,2155.5090405299097,2173.1940577210776,2349.8789912608586
2013-12-16 19:20:00+01:00,1931.2818337151925,2029.2748743811246,2112.077999966416,2267.128585728347
2013-12-16 19:30:00+01:00,1857.6205597025662,1932.7536427461232,2021.2569279700708,2158.082168791029
2013-12-16 19:40:00+01:00,1720.8193322763298,1842.8692987884554,1923.4199261159802,2053.4385030593357
2013-12-16 19:50:00+01:00,1719.8895638319545,1735.079942760185,1809.186505216289,1943.7066575433241
2013-12-16 20:00:00+01:00,1494.5802591991269,1646.0659553978423,1709.8593665128335,1857.0045193330204
2013-12-16 20:10:00+01:00,1387.2497562192434,1498.9102150375052,1583.1194781936615,1743.1451559894492
2013-12-16 20:20:00+01:00,1310.2693516543166,1347.3069463910624,1451.376020218891,1628.2962437988479
2013-12-16 20:30:00+01:00,1161.102544897296,1256.4183771198916,1325.8646124740774,1521.0136000498626
2013-12-16 20:40:00+01:00,1097.7890773365516,1157.1971428251459,1194.5743220302475,1432.2244165794052
2013-12-16 20:50:00+01:00,1052.019173035895,1080.7098616164958,1077.2756178992522,1337.647731769568
2013-12-16 21:00:00+01:00,966.3624734017345,1012.5467367039449,980.3337108341779,1247.8698205718463
2013-12-16 21:10:00+01:00,789.504790768643,941.9795959598453,895.3001551723482,1170.9550695193727
2013-12-16 21:20:00+01:00,889.2621867595232,811.6411176267262,798.2633019842377,1103.4263511759455
2013-12-16 21:30:00+01:00,790.8689030678371,817.6593178431633,743.4997009441025,1040.123369392967
2013-12-16 21:40:00+01:00,795.4713223064675,752.3196785700653,695.1335541801186,971.3506607056418
2013-12-16 21:50:00+01:00,769.1046473823519,744.9103220451058,665.9354300023673,918.580004876094
2013-12-16 22:00:00+01:00,695.0575355658403,712.3935152790337,647.7650507361103,859.4597253060226
2013-12-16 22:10:00+01:00,614.0004076521011,675.1468622767314,626.5446102500215,811.0507044596217
2013-12-16 22:20:00+01:00,642.0886257461541,612.9802360501744,594.512844169175,751.7495655279995
2013-12-16 22:30:00+01:00,682.7367134788167,591.2719226571727,573.1370668764591,706.7760270757989
2013-12-16 22:40:00+01:00,582.5713171728918,581.2462879959417,567.8504840686476,663.470987557649
2013-12-16 22:50:00+01:00,860.3829426100458,566.4250879979412,550.4717827954416,627.2533184600468
2013-12-16 23:00:00+01:00,633.4714392077531,652.9457556280837,588.0581567631258,602.2088292161
2013-12-16 23:10:00+01:00,543.3787492850882,575.2728487457528,598.1923788918867,574.6277602542693
2013-12-16 23:20:00+01:00,597.4091750516162,550.7564127075622,582.0996203691717,552.1456591529686
2013-12-16 23:30:00+01:00,610.5447066159588,531.2822398831202,571.8835238427569,522.0724293635205
2013-12-16 23:40:00+01:00,333.7360457473581,526.9835769821906,564.9520252385543,504.46466919949995
2013-12-16 23:50:00+01:00,394.0916993742066,421.39835509567996,485.76411616265653,469.929689837456
2013-12-17 00:00:00+01:00,417.1658336622053,402.4153565095386,426.8360147638447,447.26318112486734
2013-12-17 00:10:00+01:00,311.190922064494,377.716993112609,386.72038666107954,410.7129707750038
2013-12-17 00:20:00+01:00,445.8624530921254,348.97320287595636,338.5383400405859,389.4545105126925
2013-12-17 00:30:00+01:00,342.16657594569904,378.37844386873303,327.655536049377,365.38654199935183
2013-12-17 00:40:00+01:00,318.0864419863345,323.3010360536164,311.05815075392695,343.4985150219204
2013-12-17 00:50:00+01:00,304.5793150069837,334.9808891080618,295.88041588699826,326.0586558212736
2013-12-17 01:00:00+01:00,302.764988141766,290.2325537480376,283.0683408357391,306.1257361902399
2013-12-17 01:10:00+01:00,232.7316643734294,266.1796181171668,274.2764504710608,293.141156528415
2013-12-17 01:20:00+01:00,268.7747995622892,257.85499932522214,254.95263674221945,279.3618433168813
2013-12-17 01:30:00+01:00,226.48288796489106,252.47203990448125,245.85045311745196,271.1345345513815
2013-12-17 01:40:00+01:00,187.17806591260253,209.27338932101623,232.6723182935104,261.2054909366132
2013-12-17 01:50:00+01:00,223.17185846057694,208.98217378235378,214.43558371403586,254.8105710580091
2013-12-17 02:00:00+01:00,234.36075561978643,209.56009125439385,206.68869110100047,246.87595621859276
2013-12-17 02:10:00+01:00,216.70508100954143,204.03148065707808,204.62553292420907,243.41748040731497
2013-12-17 02:20:00+01:00,229.82294206070475,223.59090811960417,202.24268421867896,237.86962591968813
2013-12-17 02:30:00+01:00,209.51703585982187,221.809220787949,203.72322869149406,233.9817000822074
2013-12-17 02:40:00+01:00,183.13840232603152,196.44289127522282,203.04247136271053,228.88590286565778
2013-12-17 02:50:00+01:00,202.82635390458003,203.67233845068526,197.78683020456035,224.38431611772177
2013-12-17 03:00:00+01:00,204.5113759135692,198.0122256364332,196.80841628334605,221.2008815489615
2013-12-17 03:10:00+01:00,173.604901178288,190.60864025487695,197.3124078021441,219.52787554363618
2013-12-17 03:20:00+01:00,195.62657722787543,198.23116776525976,192.54797728393916,216.01476073274677
2013-12-17 03:30:00+01:00,199.53999388768037,199.53346873588055,192.3684383378371,214.94038500737392
2013-12-17 03:40:00+01:00,188.96452205209215,188.3143329927411,193.9530818588837,212.43519370172046
2013-12-17 03:50:00+01:00,206.67401810190816,200.1789437950992,194.18011959776754,211.85221729726663
2013-12-17 04:00:00+01:00,213.5412026694256,202.21202724731694,197.96918471217265,208.66972417529794
2013-12-17 04:10:00+01:00,164.38318781264684,197.11865729575902,203.6358809134765,208.61956819747311
2013-12-17 04:20:00+01:00,205.71875081404303,194.71307326470676,199.15961967006487,207.55906330908977
2013-12-17 04:30:00+01:00,189.8337937590183,204.31268014027032,202.41393502667893,209.29620259813106
2013-12-17 04:40:00+01:00,165.30069476948887,186.8330763829156,203.27340988792412,207.64485607607378
2013-12-17 04:50:00+01:00,211.25015265660852,188.9285441582881,198.57222628059935,209.54571114339186
2013-12-17 05:00:00+01:00,207.73287305906223,199.3694039350761,203.0413908819057,210.0943941334038
2013-12-17 05:10:00+01:00,186.83726648585449,193.36856344730893,208.00319313893414,213.5589740478778
2013-12-17 05:20:00+01:00,212.57007106479435,213.84708510532607,208.64427463700108,215.43179273036674
2013-12-17 05:30:00+01:00,199.12000009053637,216.82165333999814,214.03225961601666,218.23713833666488
2013-12-17 05:40:00+01:00,189.68363995546855,193.0594519212647,216.84268263134274,221.34185145032524
2013-12-17 05:50:00+01:00,206.416556683001,210.83089038320122,216.8789784620251,224.2976359458322
2013-12-17 06:00:00+01:00,199.1442836261162,216.09557175418973,219.95869770057953,227.27309376483683
2013-12-17 06:10:00+01:00,175.57236746877405,203.928780490941,221.45095245081163,231.15767608102664
2013-12-17 06:20:00+01:00,211.89520691013047,213.32051041433482,216.9360819410645,236.13653447171504
2013-12-17 06:30:00+01:00,229.97296220004918,218.32235041615888,219.97828960077342,243.43457220328594
2013-12-17 06:40:00+01:00,222.11826935438958,221.5562389854351,227.60196748187974,252.8284981204747
2013-12-17 06:50:00+01:00,266.9553283161563,246.91725603930976,234.1191258130506,265.38158455326635
2013-12-17 07:00:00+01:00,266.657720025219,272.8285196963987,249.57062282283448,277.00282057000067
2013-12-17 07:10:00+01:00,264.9793853207954,272.0589320283189,265.9879607463706,295.59914395299046
2013-12-17 07:20:00+01:00,299.7556316617965,305.3937518225962,281.3094758201015,312.5977147916009
2013-12-17 07:30:00+01:00,341.2189995132583,316.8637151379864,302.8987012148196,337.0002452461544
2013-12-17 07:40:00+01:00,302.00634130821595,335.529291121044,333.350073274608,360.9153682005406
2013-12-17 07:50:00+01:00,336.06756291396573,356.75988192381675,353.4624366992209,397.1176544454496
2013-12-17 08:00:00+01:00,375.1931261635951,379.8993790090318,376.83215822674657,434.24781733029425
2013-12-17 08:10:00+01:00,397.5810342453703,394.595878111295,406.1294967156085,482.5994024608562
2013-12-17 08:20:00+01:00,489.1837540406109,442.58859907715043,437.70827827662674,536.5750099584271
2013-12-17 08:30:00+01:00,534.2421996729205,507.60010933622493,488.0391617192452,592.3352200651242
2013-12-17 08:40:00+01:00,660.0386766733409,544.3866387762176,549.2431080439284,658.6448436906954
2013-12-17 08:50:00+01:00,617.4211150070694,676.1411469519945,639.1330571310633,728.7001061689791
2013-12-17 09:00:00+01:00,824.7165321501714,691.7182884270629,718.090834737289,814.0874029946154
2013-12-17 09:10:00+01:00,862.911700622789,783.1867782999146,836.5982582718369,904.9490264272396
2013-12-17 09:20:00+01:00,903.3844859707318,907.6875273377038,959.8063390553572,1005.48820596072
2013-12-17 09:30:00+01:00,993.2105956505819,958.6923568960673,1074.8104883711317,1110.6230910281806
2013-12-17 09:40:00+01:00,1057.962274297578,1010.9554573533177,1183.984923958449,1209.8023728631367
2013-12-17 09:50:00+01:00,1036.0688002569661,1125.2851544298626,1276.9914230866386,1318.7862713754853
2013-12-17 10:00:00+01:00,1217.511462221508,1162.45630835663,1326.4352584859967,1405.0253369394572
2013-12-17 10:10:00+01:00,1188.263378878907,1232.9007861961693,1386.6389503074556,1516.2846776066037
2013-12-17 10:20:00+01:00,1214.9234997508631,1303.0243282083193,1415.039591560356,1593.3043448476967
2013-12-17 10:30:00+01:00,1532.3738141538433,1380.9882700015871,1425.4632552329886,1712.280704685845
2013-12-17 10:40:00+01:00,1466.2655369239371,1474.5705772102733,1493.433731085957,1795.265191894833
2013-12-17 10:50:00+01:00,1664.7877122926457,1538.017387453141,1547.4002566387544,1899.0613869048193
2013-12-17 11:00:00+01:00,1818.2194392016495,1767.8966372114405,1635.561365023685,1980.9389273714132
2013-12-17 11:10:00+01:00,1694.5821651072915,1819.4129257865136,1751.1614749906691,2071.0754854374263
2013-12-17 11:20:00+01:00,1874.442167001097,1840.0921573546148,1831.4430401750928,2150.17320744417
2013-12-17 11:30:00+01:00,2035.2654295938864,2016.106057454198,1925.180952316234,2238.376342492069
2013-12-17 11:40:00+01:00,2138.96438398052,2054.280127697482,2031.9989311605927,2304.6565689350095
2013-12-17 11:50:00+01:00,2250.600237322876,2160.550652500273,2141.549368080857,2368.6347718452284
2013-12-17 12:00:00+01:00,2388.472860715465,2357.415875075797,2252.2623354200914,2459.617765827959
2013-12-17 12:10:00+01:00,2460.7340250945,2369.180034774725,2366.717292752845,2545.1740291159945
2013-12-17 12:20:00+01:00,2415.1036427864697,2512.1181287821987,2471.4430130831656,2635.467731672658
2013-12-17 12:30:00+01:00,2763.06830619554,2556.196642332563,2540.9221490028867,2718.4415199678697
2013-12-17 12:40:00+01:00,2744.737320010747,2678.156390230305,2645.2746361907366,2813.0798685585546
2013-12-17 12:50:00+01:00,2774.442905314343,2774.038493889041,2728.9000906830915,2889.5249847447662
2013-12-17 13:00:00+01:00,3062.45790754789,2963.4783187592893,2795.520380016119,2971.163808969596
2013-12-17 13:10:00+01:00,3291.727468650194,3042.4019786251733,2889.129791482411,3025.290044852696
2013-12-17 13:20:00+01:00,3444.1061813997912,3284.0999342163855,3004.656335540113,3091.682707412623
2013-12-17 13:30:00+01:00,3373.3854691242036,3382.6976424832123,3129.71305353323,3143.390212405253
2013-12-17 13:40:00+01:00,3342.4271046951403,3427.433362624498,3226.373985888267,3190.126572958258
2013-12-17 13:50:00+01:00,3505.43260472632,3390.9771354417235,3293.6686373644193,3226.320086504168
2013-12-17 14:00:00+01:00,3803.937616319148,3531.73098922034,3361.8687248355327,3277.798866010392
2013-12-17 14:10:00+01:00,3543.5134449968514,3670.576341965334,3455.5995813906206,3339.2381294625443
2013-12-17 14:20:00+01:00,3208.639047949592,3613.6349778525805,3497.5448649340724,3391.03608759645
2013-12-17 14:30:00+01:00,3234.5731841536394,3459.088493229464,3465.2912811506394,3430.521081542668
2013-12-17 14:40:00+01:00,3110.6793754923365,3337.481598324105,3418.1525114051365,3465.709243562185
2013-12-17 14:50:00+01:00,3139.696400012281,3241.6434896668957,3341.4316893438527,3486.2971874079044
2013-12-17 15:00:00+01:00,2945.246655483483,3186.73139938249,3267.6002644023824,3504.996499780052
2013-12-17 15:10:00+01:00,2766.0856261656504,3047.698411436914,3164.8220033476246,3490.937278506257
2013-12-17 15:20:00+01:00,3100.93205273643,2906.5355617553264,3035.9067380654305,3483.4951807949924
2013-12-17 15:30:00+01:00,3517.677983897069,3005.4081597083,2975.392064072266,3466.206345545461
2013-12-17 15:40:00+01:00,3524.895063722922,3131.2369307071885,2998.8387169686093,3460.3078592972365
2013-12-17 15:50:00+01:00,3358.103377137942,3323.7735859757586,3047.0055385192777,3432.5363498521124
2013-12-17 16:00:00+01:00,3876.9596688803167,3269.8165034611484,3082.3548032021617,3422.8548760279737
2013-12-17 16:10:00+01:00,3759.0381920283567,3506.107279721798,3191.127192700893,3405.2276890106905
2013-12-17 16:20:00+01:00,3837.149429379931,3451.4315936153394,3288.5808634736013,3390.180000270133
2013-12-17 16:30:00+01:00,3774.9139555075467,3609.549972152947,3388.5858316426616,3356.989764698788
2013-12-17 16:40:00+01:00,3495.152450283321,3512.8585527515456,3467.14095840164,3331.8459966047267
2013-12-17 16:50:00+01:00,3764.5987476551054,3506.4287240366957,3487.0004090393395,3307.761051303261
2013-12-17 17:00:00+01:00,3746.0461928270543,3501.6025420197197,3527.6508661090447,3299.0994304583573
2013-12-17 17:10:00+01:00,3641.8798335686565,3407.0800210000352,3556.0728771867334,3272.698705221637
2013-12-17 17:20:00+01:00,3795.9837000928264,3641.980807110952,3560.3729970727427,3232.0138508395203
2013-12-17 17:30:00+01:00,3566.969016036498,3596.473098394058,3578.994086857081,3202.967711080336
2013-12-17 17:40:00+01:00,3228.276952055301,3500.7104669444534,3559.7502260838696,3175.619788414912
2013-12-17 17:50:00+01:00,3273.0973652775065,3324.383981940513,3479.6276661028846,3127.333904299182
2013-12-17 18:00:00+01:00,3197.365310400741,3213.113896489667,3402.0217983370744,3083.5059012563197
2013-12-17 18:10:00+01:00,3225.8514510239543,3003.814124005435,3315.821155014611,3035.639135642957
2013-12-17 18:20:00+01:00,2850.0389598970346,3151.3876070082356,3242.4286098483853,3002.716420643876
2013-12-17 18:30:00+01:00,3065.798054716381,2775.21961228552,3115.386545688522,2945.3067839007526
2013-12-17 18:40:00+01:00,2853.2895455813646,2691.2866720454126,3034.9535378251276,2876.4792760237237
2013-12-17 18:50:00+01:00,2902.800840774749,2646.850135432696,2935.4342004460877,2772.83057230266
2013-12-17 19:00:00+01:00,2814.68614563136,2521.9359882374215,2859.0779011619793,2676.328869960445
2013-12-17 19:10:00+01:00,2951.3239482580657,2498.2823254968785,2784.593629993367,2567.918982706495
2013-12-17 19:20:00+01:00,2730.4815830257567,2533.155102219424,2748.4662180481873,2458.5817711536947
2013-12-17 19:30:00+01:00,2447.7034023463802,2451.9011432292514,2692.1798743263253,2342.4476489197114
2013-12-17 19:40:00+01:00,2416.3674836333294,2180.856571925569,2593.550146093255,2243.7069295399106
2013-12-17 19:50:00+01:00,2257.174864360952,2177.8564330092654,2494.987709973957,2130.2704799356447
2013-12-17 20:00:00+01:00,2049.7352729983354,2031.8915548924463,2377.5414979175703,2034.5663318367554
2013-12-17 20:10:00+01:00,1769.059363325039,1880.2813925910868,2231.9781836581205,1922.9510874480875
2013-12-17 20:20:00+01:00,1671.0308554026699,1672.323432531108,2041.7537322908636,1810.6541938392263
2013-12-17 20:30:00+01:00,1472.3549846994713,1552.1376360872525,1850.7658325246084,1702.7712001944176
2013-12-17 20:40:00+01:00,1444.2585797604067,1422.070177663093,1645.8996895444582,1604.7774911382267
2013-12-17 20:50:00+01:00,1219.85070023966,1353.4865615648478,1471.6429911922876,1502.9311412533573
2013-12-17 21:00:00+01:00,1171.962370084583,1206.0793547466121,1290.7220840381362,1399.2452652824202
2013-12-17 21:10:00+01:00,1066.5071142007228,1101.8746828378878,1140.89384032914,1305.6140423922752
2013-12-17 21:20:00+01:00,1065.675344189218,1026.7719707590165,1011.6605430022296,1222.5318207161456
2013-12-17 21:30:00+01:00,1107.439998627892,965.4838246673553,921.0669239924264,1155.5891466847074
2013-12-17 21:40:00+01:00,1170.195080833962,963.0045309558686,873.5378893366837,1081.9819103467273
2013-12-17 21:50:00+01:00,881.8594319027436,988.4169949848782,868.0991785072255,1026.612407739012
2013-12-17 22:00:00+01:00,747.4791263684059,850.979861660088,833.0331403013953,956.4037452739159
2013-12-17 22:10:00+01:00,636.7719475721575,764.0125780021789,773.1016478402837,897.8351417118996
2013-12-17 22:20:00+01:00,549.4325508128481,646.0384783609775,691.595343734513,821.6642469670314
2013-12-17 22:30:00+01:00,636.7148057202292,580.6475621869199,600.3472638606852,759.606826614137
2013-12-17 22:40:00+01:00,583.7481411863654,560.356618835556,545.9370089505015,698.4008759817273
2013-12-17 22:50:00+01:00,538.8654377647891,556.4398457101743,503.5029248311149,647.1582050120118
2013-12-17 23:00:00+01:00,543.961533063264,518.3708903677086,469.695910439065,599.1957905344736
2013-12-17 23:10:00+01:00,439.515768418845,495.63887047979483,450.2481156586944,562.0549749092071
2013-12-17 23:20:00+01:00,424.59025265588747,426.39242809718183,421.1773462529036,522.9339641137694
2013-12-17 23:30:00+01:00,452.1990424364424,415.72876061512875,395.69630681299765,486.86907858520823
2013-12-17 23:40:00+01:00,361.0226593838237,400.2187853396991,382.9280004496853,451.68875613635913
2013-12-17 23:50:00+01:00,371.8660477250394,366.86655570971453,359.1887451430594,424.96247610912286
2013-12-18 00:00:00+01:00,434.7363969546021,366.22991293979015,342.1690317522894,398.2362104443191
2013-12-18 00:10:00+01:00,406.53530362574355,364.8272337004378,342.6044369429281,371.5998082103631
2013-12-18 00:20:00+01:00,314.7143768670994,363.16718339595303,344.630870682306,348.82459482536615
2013-12-18 00:30:00+01:00,311.52431694473506,327.0069564025396,330.35672314716646,327.714401118917
2013-12-18 00:40:00+01:00,268.6449901889773,301.09466950093423,315.4753662074187,308.29469392565306
2013-12-18 00:50:00+01:00,269.0886359117024,272.5839089512628,293.3492283920013,287.72301749457057
2013-12-18 01:00:00+01:00,303.0961481591804,268.71971718264075,274.66177566803026,268.63923335858567
2013-12-18 01:10:00+01:00,274.729757294545,259.68773571643925,267.18530222429933,254.25314705134576
2013-12-18 01:20:00+01:00,234.2820494847288,257.72512820857423,259.0681590631974,244.60275733560007
2013-12-18 01:30:00+01:00,258.46707144337455,246.85498917952452,245.7088168161543,236.16664169276217
2013-12-18 01:40:00+01:00,235.9508028704756,234.87954391019784,239.5852958206397,230.16929647238743
2013-12-18 01:50:00+01:00,214.01556383036043,225.73476340136,232.22275557530915,224.23991865692574
2013-12-18 02:00:00+01:00,244.06613829384204,225.7039488605781,222.61573535346378,219.75064475141002
2013-12-18 02:10:00+01:00,221.3958276509302,222.61892342295454,220.69456903035478,214.78894067629986
2013-12-18 02:20:00+01:00,390.53134448762887,218.55692897576373,216.99843945931877,209.84237454000498
2013-12-18 02:30:00+01:00,385.11371145090635,299.9804817762115,241.06179152667517,209.45490756362292
2013-12-18 02:40:00+01:00,443.7337166404427,297.7360649664292,272.4183206756284,209.254974901365
2013-12-18 02:50:00+01:00,424.5218189918709,344.2488884011775,318.7158534254211,213.16618916050894
2013-12-18 03:00:00+01:00,514.8599377290959,378.4451315929418,368.0733159708742,213.6948042174557
2013-12-18 03:10:00+01:00,243.27391662521072,402.740305352842,437.5287787782929,220.5694122508032
2013-12-18 03:20:00+01:00,216.10473306227644,300.34777190810206,426.7579763518453,216.62296617094285
2013-12-18 03:30:00+01:00,226.12570898861824,275.5013139885651,383.20874172289086,215.43117560591276
2013-12-18 03:40:00+01:00,232.07373857381674,232.3846923638765,337.120851613129,206.35172346848887
2013-12-18 03:50:00+01:00,208.05131152068196,242.01902256590094,297.70738892174717,205.9895006897734
2013-12-18 04:00:00+01:00,225.40231883691754,228.38282096270683,261.24070371207995,200.01440549132246
2013-12-18 04:10:00+01:00,227.49485929936256,220.05268263137046,238.35792432402764,200.20423991065968
2013-12-18 04:20:00+01:00,215.5400516402809,229.82720130034443,224.05026235926337,197.39896905802874
2013-12-18 04:30:00+01:00,227.69819403531625,232.4095376824305,213.47281702846465,198.94370227103587
2013-12-18 04:40:00+01:00,220.47952551752596,208.26616961996524,209.31462062856045,195.77923568571643
2013-12-18 04:50:00+01:00,219.93323423727847,214.67435094099352,207.12113326682442,194.41604491088137
2013-12-18 05:00:00+01:00,234.73873484598002,227.73367444291128,206.89129254759766,193.22728996640845
2013-12-18 05:10:00+01:00,256.2188555144022,212.04157339634372,210.8169986892961,195.49737040216695
2013-12-18 05:20:00+01:00,246.57612592377367,228.091702927064,219.92800821582924,197.49985221581363
2013-12-18 05:30:00+01:00,248.08905066449177,239.29806787847022,228.54034616945006,201.60956884119605
2013-12-18 05:40:00+01:00,257.05329492048764,229.30235835893257,237.3978281231803,205.2981542045374
2013-12-18 05:50:00+01:00,243.37932740814938,242.70156347015873,247.66561209753596,211.57027371466796
2013-12-18 06:00:00+01:00,263.17789343777645,257.93194777669885,254.4079768432623,217.2014986943318
2013-12-18 06:10:00+01:00,227.6866219765991,263.2351097197239,263.94708975720295,224.4212563458266
2013-12-18 06:20:00+01:00,237.63648193237862,249.33026883050294,264.27177659841203,229.64383227572418
2013-12-18 06:30:00+01:00,320.88790613884976,258.8614198998477,264.63292629552524,238.28961946940112
2013-12-18 06:40:00+01:00,246.09838605413313,295.3104338268345,281.8485123269173,247.2257579879918
2013-12-18 06:50:00+01:00,260.014967945567,279.35624748148666,284.3671558796698,260.83609546875687
2013-12-18 07:00:00+01:00,350.64961349855326,301.333551068552,287.2460814753389,274.8763279556951
2013-12-18 07:10:00+01:00,396.91444262208506,339.5182710326116,308.62550336507786,293.53421140746246
2013-12-18 07:20:00+01:00,404.74668790510873,389.37316658883105,342.5694246659206,320.2784960977497
2013-12-18 07:30:00+01:00,444.64057022495973,431.91133574415625,381.38253705397693,350.04425483725726
2013-12-18 07:40:00+01:00,383.8240981562703,452.43725799470207,429.32318781776956,391.77273834258716
2013-12-18 07:50:00+01:00,396.33360008328873,439.6853847543202,459.305176098098,430.9616072820023
2013-12-18 08:00:00+01:00,413.65237130929233,473.15362201396255,481.0608171337156,481.4740730917249
2013-12-18 08:10:00+01:00,642.7807981404417,438.35252584092876,496.25309435678867,518.2203701939569
2013-12-18 08:20:00+01:00,541.2099035896497,570.0539389081924,557.9789770156424,582.1529456608996
2013-12-18 08:30:00+01:00,618.9033906617368,614.5288697023584,601.0880644511899,626.2453903993785
2013-12-18 08:40:00+01:00,646.4804250593488,663.7887326778435,653.9858722586098,720.0776177387471
2013-12-18 08:50:00+01:00,736.5292137771427,677.3455143884747,705.4167570177726,788.9315730374866
2013-12-18 09:00:00+01:00,844.3093291363507,780.7469197444789,768.4397487264821,919.0402907288534
2013-12-18 09:10:00+01:00,899.5496229967761,818.7533035601837,849.1348546960617,1004.1210311642684
2013-12-18 09:20:00+01:00,958.5369743205648,904.2733567109868,935.8219656523293,1124.2190576748621
2013-12-18 09:30:00+01:00,1156.9510131636562,1051.5901845485555,1024.1403019269821,1214.8571909959992
2013-12-18 09:40:00+01:00,1070.9885273908935,1159.420636436979,1143.6087282876256,1349.492122769926
2013-12-18 09:50:00+01:00,1130.08438330247,1111.8718941345408,1229.160109208278,1437.5427092913003
2013-12-18 10:00:00+01:00,1296.1780485477595,1235.953622051321,1298.4163320119956,1557.9183555908076
2013-12-18 10:10:00+01:00,1440.5530194214932,1359.6266964040751,1379.1346417638388,1655.4718304204468
2013-12-18 10:20:00+01:00,1529.7800595619283,1448.4692614492283,1474.0587674244775,1790.723149905855
2013-12-18 10:30:00+01:00,1691.0552866925966,1618.2375963762006,1574.0578731920587,1865.1267855512135
2013-12-18 10:40:00+01:00,1911.096067971949,1731.7409532238814,1692.6786169549205,1970.1320056482439
2013-12-18 10:50:00+01:00,1785.5616468634723,1899.0652567390093,1842.2311190588223,2035.2572794504756
2013-12-18 11:00:00+01:00,2071.8499346707868,2006.5564597797713,1948.912769595708,2136.992551737847
2013-12-18 11:10:00+01:00,2104.3838035486897,2125.8137431123623,2082.688755968017,2190.9849673837048
2013-12-18 11:20:00+01:00,2088.5828633765614,2154.315296266021,2198.211003934287,2293.250513542962
2013-12-18 11:30:00+01:00,2219.1139890295,2331.8789647420867,2279.089480887215,2369.0175207492557
2013-12-18 11:40:00+01:00,2249.7116483369614,2303.3801070127693,2352.6509636764663,2490.6726333349347
2013-12-18 11:50:00+01:00,2448.1500848046576,2338.714582465899,2404.651998027757,2574.6008316007715
2013-12-18 12:00:00+01:00,2599.8910082921657,2571.0521195386814,2471.106826219407,2696.759670849378
2013-12-18 12:10:00+01:00,2445.932020288153,2606.593971070181,2549.570158096387,2786.2129055166265
2013-12-18 12:20:00+01:00,2537.6950762035267,2560.8227600726977,2584.5981910343025,2882.398233855601
2013-12-18 12:30:00+01:00,2588.7941060367284,2749.706107032913,2615.4021700120147,2953.6503539353503
2013-12-18 12:40:00+01:00,2524.918015994139,2740.5598609406693,2639.4933928493683,3055.3731605170196
2013-12-18 12:50:00+01:00,2801.2404911584013,2679.1012766583717,2638.79095872126,3120.8197427287723
2013-12-18 13:00:00+01:00,2847.3315441081354,2939.1457104658657,2675.9646423005734,3195.6531803801854
2013-12-18 13:10:00+01:00,3144.238023041749,2925.354696443971,2718.681908048832,3239.28794934789
2013-12-18 13:20:00+01:00,3527.2244496763883,3140.4328919619225,2805.57488268605,3295.88509347583
2013-12-18 13:30:00+01:00,3725.4207645288634,3375.1923698528494,2948.4680496406913,3322.8861834748177
2013-12-18 13:40:00+01:00,3822.5182078349003,3492.524559650883,3117.885767363406,3336.806255408756
2013-12-18 13:50:00+01:00,3866.7158500755886,3681.6872607647656,3289.475637970874,3353.9463444435128
2013-12-18 14:00:00+01:00,3877.3700268057564,3864.6033275773593,3445.0762663951778,3373.8755961985125
2013-12-18 14:10:00+01:00,3581.297248901585,3715.7969347864555,3573.065804699398,3423.8935934353203
2013-12-18 14:20:00+01:00,3756.3365876069734,3637.1908898173256,3625.9128221326373,3453.64019779821
2013-12-18 14:30:00+01:00,3436.163796955061,3670.3535087482887,3672.392912111077,3481.9015982108967
2013-12-18 14:40:00+01:00,3591.041634336808,3526.3071984031967,3647.7494184111174,3501.7761331409724
2013-12-18 14:50:00+01:00,3316.722194513904,3724.1428265743543,3628.821466167996,3516.7109298450287
2013-12-18 15:00:00+01:00,3167.5090616678713,3563.120194079062,3558.183626485543,3507.1783990131808
2013-12-18 15:10:00+01:00,3138.9187678562544,3448.1283593359244,3456.949649806462,3501.8279743494945
2013-12-18 15:20:00+01:00,3047.2730093875666,3342.7190060632133,3351.9121013211375,3466.7972175876166
2013-12-18 15:30:00+01:00,3150.526410924985,3365.8764711255058,3239.2514325847533,3442.7838256572036
2013-12-18 15:40:00+01:00,2938.9462944045526,3293.5729064451775,3156.304776546745,3404.9224562288296
2013-12-18 15:50:00+01:00,3039.3790085958994,3188.8339022872046,3053.901954183443,3382.7219926536113
2013-12-18 16:00:00+01:00,3118.208108217072,3053.7020310145726,2982.5570424356047,3352.35099633678
2013-12-18 16:10:00+01:00,3213.4922163310375,3054.3080624753106,2941.353374132778,3329.390111458034
2013-12-18 16:20:00+01:00,3012.903616167264,3089.6912399959283,2932.37771355095,3291.4348954503894
2013-12-18 16:30:00+01:00,2953.8872359949355,3083.3542952084767,2905.944632185615,3263.6323710462502
2013-12-18 16:40:00+01:00,2920.784697090147,2947.151577755997,2875.762818435498,3222.67848699994
2013-12-18 16:50:00+01:00,2932.362162951596,2957.0888598330507,2844.602046233214,3190.688597488787
2013-12-18 17:00:00+01:00,3075.209735872019,2782.4521844150163,2820.3237308662233,3148.8983208451923
2013-12-18 17:10:00+01:00,3023.214646197049,2910.966026518998,2825.456260902398,3120.6349374038377
2013-12-18 17:20:00+01:00,2955.809682558079,2935.643927545333,2830.564294669124,3072.8484307219815
2013-12-18 17:30:00+01:00,2909.4140309420695,2919.2908566765987,2828.2930041257796,3037.204263731346
2013-12-18 17:40:00+01:00,2701.297098109609,2747.9859836422243,2818.6383131249736,2991.3863765385913
2013-12-18 17:50:00+01:00,2824.244735891416,2758.820661119235,2772.043907347518,2949.4261443076
2013-12-18 18:00:00+01:00,2610.159367569728,2802.0430238026343,2744.446821087305,2883.127308893114
2013-12-18 18:10:00+01:00,2438.9464047220226,2722.406759017027,2683.362129405584,2811.963995274806
2013-12-18 18:20:00+01:00,2638.442059133726,2606.6042387388256,2591.935594576501,2698.4807281736958
2013-12-18 18:30:00+01:00,2572.860467556091,2604.9923559252097,2541.193443503131,2617.9795544195567
2013-12-18 18:40:00+01:00,2564.8270013137244,2404.5749128513125,2492.984749832017,2521.196676385228
2013-12-18 18:50:00+01:00,2356.0194800955564,2337.408470016942,2455.604151971298,2458.0321346222
2013-12-18 19:00:00+01:00,2361.877506626191,2258.1078132029797,2391.043075866339,2357.2983559216796
2013-12-18 19:10:00+01:00,2249.4898934912317,2171.4944593417563,2333.5900758645757,2293.097566573292
2013-12-18 19:20:00+01:00,2056.9506121539016,2142.5062507072353,2264.368902040342,2169.7790941984217
2013-12-18 19:30:00+01:00,2078.265930617187,2029.7148897118145,2166.0029953258563,2081.258796017405
2013-12-18 19:40:00+01:00,2282.8702344669236,1946.899270373375,2080.362460758709,1944.3955554690876
2013-12-18 19:50:00+01:00,2069.832047319782,1972.9919232372936,2047.823815228297,1865.277933481834
2013-12-18 20:00:00+01:00,1856.3399395959118,1862.1056373842061,1998.476465671401,1749.1803550283921
2013-12-18 20:10:00+01:00,1593.6848404836912,1730.7685021420982,1918.019994380207,1671.0690640601142
2013-12-18 20:20:00+01:00,1380.718501108397,1594.685067635367,1786.521917587975,1554.9184095157893
2013-12-18 20:30:00+01:00,1368.4242757138204,1383.4087111198314,1612.6235860136296,1482.6865731667212
2013-12-18 20:40:00+01:00,1136.792249422685,1299.1365130071115,1453.6872940813848,1393.0806977714603
2013-12-18 20:50:00+01:00,1057.0448974885362,1155.3460143977024,1271.605236974418,1315.5621621152375
2013-12-18 21:00:00+01:00,952.5083094111519,1050.2093961611145,1106.0855857282754,1231.7636857236355
2013-12-18 21:10:00+01:00,885.5503789645999,946.8842990377699,958.080853804837,1162.2210707225875
2013-12-18 21:20:00+01:00,945.3039765700032,840.8879009081177,837.1165294312984,1093.0916879229496
2013-12-18 21:30:00+01:00,955.2644142785122,864.5567595781949,765.9007008684315,1030.579449200756
2013-12-18 21:40:00+01:00,908.5028626962755,821.8494954011899,731.3316217316092,961.9122291318027
2013-12-18 21:50:00+01:00,948.1961829441356,824.3016965640303,716.1609870159467,904.4855856968965
2013-12-18 22:00:00+01:00,824.9544105694688,819.329316451222,726.747294795043,851.4989542336177
2013-12-18 22:10:00+01:00,795.2902571378482,735.4129781911217,728.2624982480872,795.1634806725324
2013-12-18 22:20:00+01:00,611.8898132580771,708.3015577283452,725.9754569068388,746.511487591718
2013-12-18 22:30:00+01:00,578.9331160593664,611.1304130991957,680.1518761317844,693.895776918341
2013-12-18 22:40:00+01:00,579.758380728512,541.3832023090548,622.0358156315098,651.9833356828128
2013-12-18 22:50:00+01:00,505.07068586891967,525.2676598034625,569.5119979203106,605.4478578782067
2013-12-18 23:00:00+01:00,457.7309837729682,500.9068473723761,512.0558225273983,567.0380766109668
2013-12-18 23:10:00+01:00,554.7293924602143,448.8490118347443,457.3644402271579,525.546752243595
2013-12-18 23:20:00+01:00,463.8495192179037,476.7038938936442,435.8468843059392,497.41854534150946
2013-12-18 23:30:00+01:00,405.31707405852785,447.08047185352586,412.6738612384084,463.2554888863421
2013-12-18 23:40:00+01:00,362.23329870761717,422.1553163156724,386.47380006659836,437.2600540196311
2013-12-18 23:50:00+01:00,315.83979004875897,365.1834537930557,358.0249277305543,404.0777269686934
2013-12-19 00:00:00+01:00,274.15971413353014,329.75099682462746,326.4144886356374,377.28968726948966
2013-12-19 00:10:00+01:00,267.61262626934615,299.500536111096,293.2150515353753,344.1856797526495
2013-12-19 00:20:00+01:00,269.43481435216074,275.86448150440054,266.9678533874843,318.67387799494946
2013-12-19 00:30:00+01:00,251.59936031068105,278.14295941009,249.22584049680694,293.72419275673724
2013-12-19 00:40:00+01:00,241.11077549617795,257.36407374183034,235.0958287645663,277.2465463623573
2013-12-19 00:50:00+01:00,217.61387908115543,242.7080491153971,224.32278291862912,262.4750613555794
2013-12-19 01:00:00+01:00,203.93836896901365,219.7949797588821,213.43778740748618,251.13701825605258
2013-12-19 01:10:00+01:00,204.19021109794605,210.22023007892136,203.37056468772545,240.0604734933324
2013-12-19 01:20:00+01:00,169.83191805344853,199.36423486489284,196.36157066094512,232.13347234150177
2013-12-19 01:30:00+01:00,162.96949533698893,178.6340487316934,185.67914499174222,223.0353719366517
2013-12-19 01:40:00+01:00,188.53651545443148,173.73766248538857,176.08692990393325,216.69510639735472
2013-12-19 01:50:00+01:00,145.82473974649017,177.15798139666236,173.38202034783436,210.7786358862514
2013-12-19 02:00:00+01:00,147.12279347960083,163.99739497751307,165.4215842758762,207.14800884167425
2013-12-19 02:10:00+01:00,160.8532692142406,160.1015209608627,159.23338372688593,202.78262825776892
2013-12-19 02:20:00+01:00,167.06289120360282,163.70658913847242,157.10527268263473,199.50885589937207
2013-12-19 02:30:00+01:00,144.11838169526197,164.8409635699374,157.42294391652075,196.161333580295
2013-12-19 02:40:00+01:00,168.72064638973615,160.88927218477366,154.87491280776015,193.1583921204331
2013-12-19 02:50:00+01:00,163.0735970957352,161.27358505623738,156.85646832363165,190.31898407635643
2013-12-19 03:00:00+01:00,140.690203533808,168.4159478724839,158.76649954107214,188.66432034545886
2013-12-19 03:10:00+01:00,169.99310076299008,159.65433364233849,156.97444012837377,186.97503320752284
2013-12-19 03:20:00+01:00,146.30840908528077,160.48216583610886,160.2228373165551,185.04206979379308
2013-12-19 03:30:00+01:00,139.73345358089506,152.96983954204677,159.95142437511328,183.2633619123814
2013-12-19 03:40:00+01:00,157.5361068964527,162.6347548521641,158.28977193573255,181.9790487604719
2013-12-19 03:50:00+01:00,149.20889286245782,158.18882174723578,159.97688611767728,179.8287263812995
2013-12-19 04:00:00+01:00,137.03987324181455,157.56258725187143,160.6127215887489,178.44882485456384
2013-12-19 04:10:00+01:00,161.42362473173466,160.37386625656586,158.95423213173007,176.28201583067263
2013-12-19 04:20:00+01:00,149.15988373353292,159.72733821494322,161.75769577019662,175.73300929527366
2013-12-19 04:30:00+01:00,137.6941780938017,152.84144730959017,162.81417611485347,174.85256475517133
2013-12-19 04:40:00+01:00,167.33061109865338,161.11812603641084,161.4941566237952,175.0992448775934
2013-12-19 04:50:00+01:00,163.0625850532912,167.21415259602847,165.55156533300718,175.67134865251893
2013-12-19 05:00:00+01:00,148.12736079806203,167.3080282234503,169.34997977969127,177.43444703592112
2013-12-19 05:10:00+01:00,192.28413701945345,175.5401095536224,170.03565627393633,179.61649413951045
2013-12-19 05:20:00+01:00,164.71341985199507,180.55332694578263,178.44046771510776,182.10575107217454
2013-12-19 05:30:00+01:00,144.27452155604874,171.8480450930086,182.26570803303818,184.4920511345245
2013-12-19 05:40:00+01:00,199.83220208558296,177.00211999852323,180.66964367871302,187.65358666329774
2013-12-19 05:50:00+01:00,156.33419538909803,193.16205656443145,189.37135524841463,191.73315834591844
2013-12-19 06:00:00+01:00,143.32223407904334,179.99377169849774,189.91836923823038,195.13008702842043
2013-12-19 06:10:00+01:00,201.51145994190713,181.92112000741264,186.1843366521669,199.56633593891132
2013-12-19 06:20:00+01:00,182.4923689474145,193.81921327887474,193.99210336899873,205.23572716843856
2013-12-19 06:30:00+01:00,133.89031098882396,192.08409159942863,199.12440072999686,213.9363983923091
2013-12-19 06:40:00+01:00,189.7395394126133,190.8669755269885,191.8859157864795,221.88698415971382
2013-12-19 06:50:00+01:00,187.9349339469853,199.94741096504669,196.22002301833982,232.79034386856384
2013-12-19 07:00:00+01:00,209.46092881455084,198.72929237994128,201.21589638755626,243.90824093546823
2013-12-19 07:10:00+01:00,197.4262665671401,244.75210050475695,210.57161401557957,263.91262863302245
2013-12-19 07:20:00+01:00,212.63688567675612,221.58603641375242,217.5174347447878,277.43173032202503
2013-12-19 07:30:00+01:00,216.06083141924427,232.9978819883558,226.81452315060676,303.2398082513907
2013-12-19 07:40:00+01:00,261.43170237526004,273.71733888420704,236.2404930176692,325.4783180725556
2013-12-19 07:50:00+01:00,296.27100234562073,278.0551926687554,254.65310204737293,364.9551855444735
2013-12-19 08:00:00+01:00,342.76181921731956,297.8608804058376,281.2929553256334,397.40985359193644
2013-12-19 08:10:00+01:00,346.6925731453356,391.9821957560775,319.2789519201521,447.2537167507098
2013-12-19 08:20:00+01:00,422.22979830298686,391.2379860595796,360.1476744437138,489.7346635497345
2013-12-19 08:30:00+01:00,488.4607549887772,440.10488421176956,418.1538386667822,556.5989282034484
2013-12-19 08:40:00+01:00,604.7331293745742,540.0189660563819,494.18522052907633,611.5587066129623
2013-12-19 08:50:00+01:00,607.370634249314,624.0091577709139,601.0672183086191,697.9838233349291
2013-12-19 09:00:00+01:00,717.0960681246435,654.1651643191844,712.0947404633708,770.362323985172
2013-12-19 09:10:00+01:00,744.4125955030348,791.6643175829541,842.4258984891412,879.8195942464445
2013-12-19 09:20:00+01:00,885.8691646569249,817.8994935480808,963.4537740982387,962.7718908591369
2013-12-19 09:30:00+01:00,956.9749876230775,933.1074683126376,1094.6739183991197,1086.96604728106
2013-12-19 09:40:00+01:00,974.4222874115709,1039.3164121960465,1214.1906657365728,1184.9881743451826
2013-12-19 09:50:00+01:00,1099.8968903830025,1099.1175049319359,1298.7674823539273,1310.432203677212
2013-12-19 10:00:00+01:00,1223.0265098359564,1211.3435501461613,1375.269218341772,1402.340002709172
2013-12-19 10:10:00+01:00,1343.7740895969175,1361.011138140985,1450.3274795797265,1524.088513456473
2013-12-19 10:20:00+01:00,1372.3714407262266,1456.123620111579,1529.819655529715,1626.39968534748
2013-12-19 10:30:00+01:00,1541.0252950144395,1514.564393274593,1594.3261011864297,1748.63993092612
2013-12-19 10:40:00+01:00,1538.6102731116114,1697.1525290658335,1676.4926699396365,1854.4940302199218
2013-12-19 10:50:00+01:00,1767.8144305583833,1690.1726911171693,1740.4206761753485,1968.1381704974826
2013-12-19 11:00:00+01:00,1720.5001740033592,1857.375531520009,1835.151157785414,2078.4688761134175
2013-12-19 11:10:00+01:00,1655.2977562718881,1900.5505648759904,1904.576919149608,2171.814093042543
2013-12-19 11:20:00+01:00,1764.8961707210094,1952.4072537666593,1933.4829187571586,2266.022339046551
2013-12-19 11:30:00+01:00,1819.6340785186505,1960.168065446722,1959.533742383831,2348.460573979839
2013-12-19 11:40:00+01:00,2052.6956170451535,2028.0543036104057,1978.6066140122412,2446.284819175074
2013-12-19 11:50:00+01:00,2101.9969804616767,2143.332536660155,2033.2041977733422,2541.9999044343895
2013-12-19 12:00:00+01:00,2135.135202435923,2217.0277376954,2093.4402534724427,2618.7979242205774
2013-12-19 12:10:00+01:00,2269.4614446858823,2302.561897070987,2152.002725586022,2710.2027275542578
2013-12-19 12:20:00+01:00,2298.472882852355,2402.3638491352813,2224.4621532124524,2793.1007818089074
2013-12-19 12:30:00+01:00,2442.743228078157,2417.073474438302,2290.9998584870177,2881.481082819525
2013-12-19 12:40:00+01:00,2534.7805491728072,2552.7091752947135,2369.667804660102,2948.9126117313344
2013-12-19 12:50:00+01:00,2562.878688500337,2694.4117978201457,2451.805891982263,3023.423459184936
2013-12-19 13:00:00+01:00,2649.38390156176,2782.7452882197945,2524.135852593709,3090.2716723359213
2013-12-19 13:10:00+01:00,3079.733514443519,2816.621425644304,2594.197904315476,3158.137984360943
2013-12-19 13:20:00+01:00,2879.352555600679,3120.465400856604,2719.7663186515783,3223.6525350104803
2013-12-19 13:30:00+01:00,3051.9825326139958,3072.1878137682615,2804.8227428243285,3275.6661976337095
2013-12-19 13:40:00+01:00,3203.6880296283844,3255.2989307056555,2896.94634759533,3326.386614403224
2013-12-19 13:50:00+01:00,3184.9203645597727,3287.0192767040267,2994.5389205886227,3357.723460234436
2013-12-19 14:00:00+01:00,3255.8199028504423,3339.5138898995333,3071.482283131748,3417.4891631466207
2013-12-19 14:10:00+01:00,3134.402113538145,3354.3240014754256,3139.2959393774736,3429.1338256195295
2013-12-19 14:20:00+01:00,3258.1519848721173,3271.1442135334178,3168.3965244416627,3472.1714731693464
2013-12-19 14:30:00+01:00,3144.569117852562,3447.9742856124176,3198.4144249288834,3491.2459522155705
2013-12-19 14:40:00+01:00,3201.7523314251794,3356.4982920325497,3197.052393536367,3539.0035638447857
2013-12-19 14:50:00+01:00,2828.0122826513634,3312.4798532727864,3193.380059745127,3548.034140918743
2013-12-19 15:00:00+01:00,3105.1985250868565,3100.4732213534467,3117.6786927145104,3561.1134045853373
2013-12-19 15:10:00+01:00,2825.0268339070653,3232.212273994398,3082.2078587164224,3535.934447869742
2013-12-19 15:20:00+01:00,2680.860336062098,3068.058735363422,3002.4187107353364,3533.740903180136
2013-12-19 15:30:00+01:00,2901.164357907592,2888.5380837417933,2898.1215189860723,3501.345262511766
2013-12-19 15:40:00+01:00,2752.326020835195,2908.0598221908344,2838.88599168117,3482.0316496104356
2013-12-19 15:50:00+01:00,2739.1607345507177,2761.453992415891,2768.731744807477,3443.4497438514645
2013-12-19 16:00:00+01:00,2807.926953434118,2816.533434955099,2708.0038902467363,3427.55625938831
2013-12-19 16:10:00+01:00,2584.647400885469,2813.838426014139,2671.4167008752,3382.6604284103964
2013-12-19 16:20:00+01:00,2495.299646205601,2651.9141764757933,2608.893698628524,3342.3648991522937
2013-12-19 16:30:00+01:00,2745.706886709115,2652.842781214326,2537.0831252506864,3277.40756518977
2013-12-19 16:40:00+01:00,2450.8028465302964,2660.0649050343272,2517.4601079396166,3232.3878798637566
2013-12-19 16:50:00+01:00,2718.514610508946,2447.4188560221487,2461.6833736917793,3175.8199265837184
2013-12-19 17:00:00+01:00,2651.8242539923936,2663.6579169999836,2458.97804646441,3129.3339002312464
2013-12-19 17:10:00+01:00,2449.5355814077093,2619.8713328539116,2458.8850254131685,3075.5416106762964
2013-12-19 17:20:00+01:00,2364.176910891732,2483.7347984757785,2430.2657624046324,3052.194318456431
2013-12-19 17:30:00+01:00,2622.104593469219,2412.9471767344576,2385.4661303953885,2996.2900053093604
2013-12-19 17:40:00+01:00,2355.841113979691,2497.442235175177,2387.7047847612675,2957.87980797666
2013-12-19 17:50:00+01:00,2382.0018107642663,2345.5221189650597,2352.8270570151244,2893.9743394555517
2013-12-19 18:00:00+01:00,2420.4247558234865,2433.355621297741,2323.629098371927,2859.007224357105
2013-12-19 18:10:00+01:00,2299.2362821535507,2340.539755567445,2305.532207581593,2790.723077858457
2013-12-19 18:20:00+01:00,2240.367438013967,2309.8325566980466,2271.4320018848503,2750.6695025010686
2013-12-19 18:30:00+01:00,2492.7871933938977,2259.6978976338514,2229.0898770686267,2683.5604140423143
2013-12-19 18:40:00+01:00,2202.0071146875607,2289.910275025054,2236.2645739436093,2638.063986584388
2013-12-19 18:50:00+01:00,2133.3736147695986,2131.866730045937,2202.9214898799655,2550.242269338762
2013-12-19 19:00:00+01:00,2326.3214458188872,2165.8947199988997,2156.33916715484,2455.71756348495
2013-12-19 19:10:00+01:00,1970.256784462737,2101.199144864146,2147.4270315159197,2326.0948920225724
2013-12-19 19:20:00+01:00,1808.8307854157467,1911.998992767933,2079.7216099700413,2220.94795879135
2013-12-19 19:30:00+01:00,1778.773170198912,1889.5669531550773,1976.5219077796544,2091.8170656911816
2013-12-19 19:40:00+01:00,1635.787719109659,1687.2325931097942,1869.8067647637179,1979.5181538170978
2013-12-19 19:50:00+01:00,1787.2637532046163,1568.6877748627248,1744.5911768795572,1856.001857834136
2013-12-19 20:00:00+01:00,1440.8886721880199,1674.494850334129,1666.8849982352372,1766.3887144487448
2013-12-19 20:10:00+01:00,1445.5644674539708,1412.0846742161002,1542.3153394327214,1633.8081720813896
2013-12-19 20:20:00+01:00,1165.559039153461,1338.3531025538894,1435.5114071141988,1535.3954228732473
2013-12-19 20:30:00+01:00,983.6175479920739,1232.6576706621313,1288.7755076918922,1407.6556551853191
2013-12-19 20:40:00+01:00,1067.5725188758042,999.3311809990668,1120.3559077859677,1317.9110828575742
2013-12-19 20:50:00+01:00,1064.6182239351729,984.810902981509,1000.6614770826735,1214.0840820052827
2013-12-19 21:00:00+01:00,953.1277380167767,987.3334808961608,917.5935334662053,1149.4087368943608
2013-12-19 21:10:00+01:00,991.1119054543544,928.3084983324054,846.9399742338638,1070.7619809278394
2013-12-19 21:20:00+01:00,837.1151397881082,874.9284106191833,809.2984030006819,1018.4736812275727
2013-12-19 21:30:00+01:00,743.8278799292221,808.7488526988931,764.6985623374876,949.6204181176724
2013-12-19 21:40:00+01:00,719.1316889898059,732.3607542826755,713.3827334361582,899.8036518433793
2013-12-19 21:50:00+01:00,640.9126234522488,680.3820322572254,667.5155299219211,837.7396489914987
2013-12-19 22:00:00+01:00,713.2597044109507,609.5952211992465,617.041807891573,786.6690317560077
2013-12-19 22:10:00+01:00,645.8009501561384,647.7567924679308,592.5729876087032,734.2000180441956
2013-12-19 22:20:00+01:00,572.8273669647257,588.5404043928854,569.3144998739451,684.3342196115752
2013-12-19 22:30:00+01:00,602.1082651205095,547.1541891346864,540.0832098401377,639.9636718634978
2013-12-19 22:40:00+01:00,612.7761073387328,554.6954019619861,523.4478772934276,601.8316397641679
2013-12-19 22:50:00+01:00,511.6283892034662,536.1583537348273,517.3532488013121,566.9490781991876
2013-12-19 23:00:00+01:00,441.1131532476022,493.09528531714784,497.16658795477736,534.9460143156609
2013-12-19 23:10:00+01:00,420.68939333691895,449.05847373457385,462.93619427594086,498.9257727202109
2013-12-19 23:20:00+01:00,422.7639309716791,411.78623275817677,427.40301172906123,467.5398516926914
2013-12-19 23:30:00+01:00,424.813802766231,405.40622476067097,399.1039642803043,442.90112251282767
2013-12-19 23:40:00+01:00,384.1681117928519,393.53832931749776,379.56862973576233,418.37050302591894
2013-12-19 23:50:00+01:00,292.08993344227594,356.23884343014373,359.7290000552698,390.98998997241296
2013-12-20 00:00:00+01:00,320.8548608702784,311.75022084007577,325.61226327646335,364.61941667034955
2013-12-20 00:10:00+01:00,295.0888240231719,319.15484176741364,303.48189507868705,343.0397872908945
2013-12-20 00:20:00+01:00,295.930735817044,277.96241579963487,283.6245706462041,319.7999169173551
2013-12-20 00:30:00+01:00,256.0935387514627,278.43336225905455,270.109550000195,299.9314046691896
2013-12-20 00:40:00+01:00,206.02028699020246,258.3559782896349,254.2856930353758,279.2887255940122
2013-12-20 00:50:00+01:00,217.9249505451503,216.40438640330873,232.35148489496464,266.39954972958657
2013-12-20 01:00:00+01:00,242.26109047807194,210.04091721820066,217.46433170615632,254.1163883755725
2013-12-20 01:10:00+01:00,174.30727529920304,215.89569153211266,211.6500938053824,246.3020734784035
2013-12-20 01:20:00+01:00,178.3624895996379,177.96538535028753,197.13224245293011,235.35441288642878
2013-12-20 01:30:00+01:00,175.14631321298384,177.80199546532265,186.28681548777124,229.1764987198466
2013-12-20 01:40:00+01:00,152.33877903626714,173.19802539591015,178.098670566419,221.6502685741236
2013-12-20 01:50:00+01:00,180.4087312079657,158.8095658629394,168.54313400070572,217.2244906203789
2013-12-20 02:00:00+01:00,171.04825715394256,163.2906134351406,166.07062271106605,210.9056853414526
2013-12-20 02:10:00+01:00,161.85027633466174,159.4971788088107,164.24141169928345,207.64783070708071
2013-12-20 02:20:00+01:00,185.78027659485545,161.32072127135055,162.12205304862186,203.9634256084623
2013-12-20 02:30:00+01:00,189.96631002664574,173.37531976130086,164.76160752216168,202.01191863178101
2013-12-20 02:40:00+01:00,159.52863581588178,169.34815252169105,169.1338055588316,199.10728265035107
2013-12-20 02:50:00+01:00,174.65320720775034,170.59944105221567,168.73550960199844,198.8981528106557
2013-12-20 03:00:00+01:00,173.67646954474253,170.36746385002186,170.81019896367206,197.38248341799402
2013-12-20 03:10:00+01:00,210.40674521528015,165.99807010129638,173.0728779197578,196.59508884726742
2013-12-20 03:20:00+01:00,215.7389642710228,194.41105669145793,181.69876657284937,195.6795474526864
2013-12-20 03:30:00+01:00,178.25207816386845,204.52337236942796,192.13975786757038,195.65108200627682
2013-12-20 03:40:00+01:00,188.90145295184752,185.20772693586136,195.39761162821483,195.2157756505142
2013-12-20 03:50:00+01:00,167.10315362723503,198.21166463546479,199.4197141135761,195.1033253298158
2013-12-20 04:00:00+01:00,169.19827912810726,180.67161704513308,198.10236343592868,193.0817709970923
2013-12-20 04:10:00+01:00,178.67270202915898,173.546371820766,196.35095910356807,193.4848250252587
2013-12-20 04:20:00+01:00,154.4512476431332,180.93159799074945,196.4686828560377,191.92452353580123
2013-12-20 04:30:00+01:00,164.45603344192116,173.65540103026996,191.43811798960272,192.62541299061712
2013-12-20 04:40:00+01:00,150.4502013784426,172.0468022277514,188.60921809433412,192.28170995661105
2013-12-20 04:50:00+01:00,157.78348111259098,162.72549685124855,183.4252065715902,194.45823760407845
2013-12-20 05:00:00+01:00,150.8773208692979,160.10130221876665,180.39254940479643,195.34719137744173
2013-12-20 05:10:00+01:00,154.23660128905453,156.5846029701324,176.81918243459327,197.39412019816606
2013-12-20 05:20:00+01:00,181.1986822665034,161.2432920054589,174.63744430912158,197.79101386954727
2013-12-20 05:30:00+01:00,191.88644164475403,174.1312879366382,178.29066565035424,201.2129310858481
2013-12-20 05:40:00+01:00,183.4331477599359,182.8586973338751,184.84279443851793,204.0771973848983
2013-12-20 05:50:00+01:00,154.46096759489487,181.6802865311729,190.22055609918647,209.77914478348063
2013-12-20 06:00:00+01:00,191.37867000837022,170.07200424446822,188.96604409544997,215.319975005156
2013-12-20 06:10:00+01:00,142.1596574518059,185.30962050766357,194.51254424706627,223.4675297341606
2013-12-20 06:20:00+01:00,163.77123826219884,169.15730051172548,189.48786403377545,230.71731977631907
2013-12-20 06:30:00+01:00,186.41087200627024,175.9841445676263,188.54144369132135,241.1814896390514
2013-12-20 06:40:00+01:00,174.15650488207154,185.73664113957986,192.65254647113096,249.38506610473738
2013-12-20 06:50:00+01:00,208.7821609085626,194.75160899689874,194.77502648176466,262.9754834306716
2013-12-20 07:00:00+01:00,232.60472252868118,221.14103184948965,203.57942900842895,276.11766936388665
2013-12-20 07:10:00+01:00,239.04326388395526,234.60906656477374,217.72154166675077,299.931568110052
2013-12-20 07:20:00+01:00,270.35875498465947,258.5690821085854,233.84633167587128,324.13358393393133
2013-12-20 07:30:00+01:00,315.4996875703942,289.5673066213994,256.3690783978573,356.394361906989
2013-12-20 07:40:00+01:00,319.7182355636193,318.40544377175223,289.05808008549457,387.850567322886
2013-12-20 07:50:00+01:00,377.8523219965641,353.34259268143984,324.40928438280986,429.2267325017773
2013-12-20 08:00:00+01:00,352.55076036185295,414.5185684895135,372.66592280013566,472.043946202496
2013-12-20 08:10:00+01:00,383.3799070414188,390.23597232057347,414.43772828563266,516.1194879516732
2013-12-20 08:20:00+01:00,457.7913815296144,450.2305314892583,457.4890854129838,569.823409181777
2013-12-20 08:30:00+01:00,519.1234567663073,500.252435671173,513.1812997918165,628.643983269614
2013-12-20 08:40:00+01:00,592.0156234283004,547.8514075543469,579.8422531639104,704.2819922672559
2013-12-20 08:50:00+01:00,682.5120157015944,641.8685044333046,659.7324884813385,778.6620399679357
2013-12-20 09:00:00+01:00,815.2566292754292,720.0941520222548,756.3584020447776,867.5052421360806
2013-12-20 09:10:00+01:00,893.1666128774608,817.480541572346,879.424276883054,964.8976333046925
2013-12-20 09:20:00+01:00,951.8005583399396,931.8703890938782,1014.0890555087699,1069.3687050938088
2013-12-20 09:30:00+01:00,889.6656756141371,1021.1362367595174,1145.2563687061875,1176.4238181210483
2013-12-20 09:40:00+01:00,1044.0207602265414,1020.7094412858429,1223.6399530438102,1280.7682021293615
2013-12-20 09:50:00+01:00,1141.5234197001528,1141.1966646693324,1299.655133288211,1393.167393942962
2013-12-20 10:00:00+01:00,1331.02199644499,1212.1551479210607,1366.9928451439837,1491.012559233068
2013-12-20 10:10:00+01:00,1221.1820332134453,1356.8694080181378,1455.378817730705,1606.310217497856
2013-12-20 10:20:00+01:00,1363.394858811753,1392.8970540933265,1496.0188936917652,1695.8368092173089
2013-12-20 10:30:00+01:00,1549.38743153856,1487.1662990788618,1544.1303231515333,1813.9423015748034
2013-12-20 10:40:00+01:00,1544.8606875603273,1592.4493965580423,1617.9737874608895,1901.0652089351158
2013-12-20 10:50:00+01:00,1697.7923816756988,1646.6079174394197,1680.378680918206,1993.2082865531552
2013-12-20 11:00:00+01:00,1738.712584381243,1813.2797687978314,1761.1653640430352,2076.659527647778
2013-12-20 11:10:00+01:00,1758.3699015189936,1829.0474713356202,1837.5701940543843,2158.738943255016
2013-12-20 11:20:00+01:00,1717.3818826052748,1948.2335202868987,1900.0410934313472,2231.6680399496868
2013-12-20 11:30:00+01:00,2046.7504347800004,1937.1134264522173,1930.5990672443518,2322.0240118268207
2013-12-20 11:40:00+01:00,1989.8289110019257,2040.5848417455989,2008.4249398912366,2401.319504483433
2013-12-20 11:50:00+01:00,2381.054740755783,2136.363285299418,2066.3899324730464,2469.7841742524997
2013-12-20 12:00:00+01:00,2271.2346295292778,2411.6585902365155,2184.860067773102,2565.074653725172
2013-12-20 12:10:00+01:00,2400.4789142208974,2338.529379784093,2277.8822503865686,2635.3705426280485
2013-12-20 12:20:00+01:00,2226.8410081129687,2573.073913552043,2375.253807503158,2727.8746575265745
2013-12-20 12:30:00+01:00,2358.4517378261553,2550.6150288399854,2416.5043919091045,2784.2093794088987
2013-12-20 12:40:00+01:00,2492.5641437400623,2487.7065130463634,2454.563012149302,2876.543742515556
2013-12-20 12:50:00+01:00,2654.9883148253366,2628.2647046873585,2498.2227702145333,2942.4874025124213
2013-12-20 13:00:00+01:00,2834.7442128128737,2796.278382102049,2558.503877529616,3035.2078876835953
2013-12-20 13:10:00+01:00,2796.336689338997,2841.2147966143675,2641.092355579747,3094.068783045262
2013-12-20 13:20:00+01:00,3057.389463717066,2955.8644923977345,2709.13298406716,3169.8699134579074
2013-12-20 13:30:00+01:00,3188.3403287128976,3197.9109790541634,2806.17895044613,3201.6472262664115
2013-12-20 13:40:00+01:00,3221.6808742543076,3189.2115990725156,2913.4089435715987,3262.9608876605666
2013-12-20 13:50:00+01:00,3524.6062732506516,3294.5093100699955,3012.3393362173306,3280.1476519233843
2013-12-20 14:00:00+01:00,3223.6046779304047,3505.1131318033704,3139.0776369995183,3314.2871500554857
2013-12-20 14:10:00+01:00,3420.8806611306845,3376.8302306168043,3203.4541137181386,3341.045954004952
2013-12-20 14:20:00+01:00,3430.338261397512,3504.977934224097,3272.867619565629,3404.5506641579695
2013-12-20 14:30:00+01:00,3298.1097496739517,3434.3932704756467,3324.7727614447394,3430.899436706357
2013-12-20 14:40:00+01:00,3026.8646999421208,3381.344875347626,3338.388767108915,3483.726544999912
2013-12-20 14:50:00+01:00,3372.5327205685285,3173.138519019827,3289.0485459978413,3481.6783940375894
2013-12-20 15:00:00+01:00,3101.176111267436,3303.5774871696026,3283.137057695256,3517.9458245764754
2013-12-20 15:10:00+01:00,3045.330459174396,3186.788533111037,3232.302709826009,3478.595195697951
2013-12-20 15:20:00+01:00,3055.9317954110975,3196.6194967506526,3169.0240192159845,3485.438833608695
2013-12-20 15:30:00+01:00,2986.7649359562242,3039.561931845055,3108.8339239977136,3437.304247577364
2013-12-20 15:40:00+01:00,3136.2237396105165,3046.588400679276,3042.6900138954543,3433.393803445465
2013-12-20 15:50:00+01:00,3131.0836766029715,3164.9277488432463,3008.9228379664555,3386.5094272544693
2013-12-20 16:00:00+01:00,3260.1056479460967,3001.5648956085133,2985.908735090199,3373.4609165816128
2013-12-20 16:10:00+01:00,3274.444813113249,3110.0844592332055,2992.8396710785114,3342.3063389310105
2013-12-20 16:20:00+01:00,3278.2549995689146,3176.4989375034384,3011.214796612778,3320.6046700470492
2013-12-20 16:30:00+01:00,3278.9110789634487,3172.2482355627353,3035.1015281003592,3278.779326370772
2013-12-20 16:40:00+01:00,3529.7247247170953,3179.0070132946043,3060.187531994762,3249.981710487379
2013-12-20 16:50:00+01:00,3394.194194877176,3272.491574791306,3121.6150390870152,3211.316391794301
2013-12-20 17:00:00+01:00,3234.2071748373237,3179.627971522857,3163.7204829147568,3186.4158838248773
2013-12-20 17:10:00+01:00,3389.9430555221684,3047.121834145182,3173.7363470243004,3160.0778400834092
2013-12-20 17:20:00+01:00,3076.820474819462,3187.107115703857,3198.105137318364,3132.146763282217
2013-12-20 17:30:00+01:00,3169.0256514371504,3128.733384775333,3166.985760525418,3098.866240569664
2013-12-20 17:40:00+01:00,3152.813292928822,3092.976336941044,3142.6188218176712,3075.2667565190077
2013-12-20 17:50:00+01:00,2945.2570829354518,3002.2388756221044,3114.3347965297366,3030.5151242137754
2013-12-20 18:00:00+01:00,2751.2407057623977,2919.306320785136,3052.167786727216,2995.955902028747
2013-12-20 18:10:00+01:00,2526.086363808874,2799.34172298182,2955.493949124804,2936.8144478688782
2013-12-20 18:20:00+01:00,2513.1202697284125,2536.395359486824,2818.885643805006,2890.9786775713646
2013-12-20 18:30:00+01:00,2452.4889786194076,2454.436151319114,2687.4249653464644,2826.1955058468507
2013-12-20 18:40:00+01:00,2226.2948976824414,2344.9275111137604,2560.5853688614434,2750.5542433632286
2013-12-20 18:50:00+01:00,2231.8540436912117,2209.141261572352,2409.6364142266566,2639.9188157208355
2013-12-20 19:00:00+01:00,2045.1723911260906,2106.3604224334267,2279.99009705679,2530.9661167995923
2013-12-20 19:10:00+01:00,1932.1817819671633,1966.4416505081474,2138.575243755031,2413.112539159043
2013-12-20 19:20:00+01:00,1809.0938692333534,1819.0733402720903,1998.3990933232283,2298.0734101027697
2013-12-20 19:30:00+01:00,1682.2748232455915,1695.931273807658,1858.6980776769833,2170.2219959882163
2013-12-20 19:40:00+01:00,1658.5393864433915,1568.3827077117971,1719.5601602188924,2038.7374163457077
2013-12-20 19:50:00+01:00,1627.1318128969829,1559.97087998253,1603.3258427217866,1912.5694785817914
2013-12-20 20:00:00+01:00,1571.7871199941262,1429.0171753662946,1510.863094856041,1777.8872597477184
2013-12-20 20:10:00+01:00,1417.9407513716649,1414.3816570206752,1436.6376670055677,1656.1722491491992
2013-12-20 20:20:00+01:00,1296.3013396407569,1344.3979178902584,1356.9662058902256,1527.7653653959608
2013-12-20 20:30:00+01:00,1142.2091077956493,1206.1301636333867,1270.7928498113165,1428.450127508443
2013-12-20 20:40:00+01:00,1166.7402506036506,1087.3730081449216,1168.0656083253518,1325.3557565937658
2013-12-20 20:50:00+01:00,1058.700025643568,1083.7886669760803,1087.7273828691548,1243.9310305804627
2013-12-20 21:00:00+01:00,881.558410641106,1000.8337928881223,1007.4856533608535,1163.713307359513
2013-12-20 21:10:00+01:00,897.3151194870408,896.3659732925955,908.4226844753647,1093.3354192462712
2013-12-20 21:20:00+01:00,777.0236581361162,865.7123558585498,831.2514201812056,1024.2606323427262
2013-12-20 21:30:00+01:00,764.114738732356,753.7047653489244,751.4866438667904,960.1500499013691
2013-12-20 21:40:00+01:00,716.7286343989679,723.2170986106776,689.4063383857311,899.2004358567946
2013-12-20 21:50:00+01:00,641.4411633097075,678.5603051120188,638.4448297291827,837.135487803514
2013-12-20 22:00:00+01:00,796.3833848117757,635.9958408570711,589.9891763648588,780.9237174589363
2013-12-20 22:10:00+01:00,612.7666021978904,683.1513261448082,584.8667016205948,731.3202861893337
2013-12-20 22:20:00+01:00,640.7963391743685,573.1691855775296,563.1330489889044,677.7378115695783
2013-12-20 22:30:00+01:00,594.8789978391299,579.4390711257279,552.747695347947,639.3835566313477
2013-12-20 22:40:00+01:00,603.3621102896908,559.1283751656392,539.8405817188517,590.0120262846059
2013-12-20 22:50:00+01:00,514.1576935703727,539.4867414733578,532.8347878277474,562.9545667672667
2013-12-20 23:00:00+01:00,460.330469444625,497.5879303963547,510.7289076775672,521.5094190510739
2013-12-20 23:10:00+01:00,372.4422441896763,447.8144374054532,477.38143820964206,495.15820341093155
2013-12-20 23:20:00+01:00,336.61069902166724,378.06177929816556,426.147085561024,455.86082390968
2013-12-20 23:30:00+01:00,280.37223634351284,348.18205082216264,373.85282000540906,433.3747002832317
2013-12-20 23:40:00+01:00,322.4158153523704,292.0675839530167,320.85238764537985,395.2837955921928
2013-12-20 23:50:00+01:00,283.09523696169595,297.5597731734876,290.60014282003107,370.8631947160686
2013-12-21 00:00:00+01:00,408.79402833506043,278.97793134706563,265.640898171727,338.5245096560817
2013-12-21 00:10:00+01:00,251.3852793634796,320.71580781511494,269.5745886029232,325.50883997589
2013-12-21 00:20:00+01:00,240.89424085063007,267.83845251286454,255.57160555056737,297.9436528803758
2013-12-21 00:30:00+01:00,218.96946807047425,251.37057445252526,241.74147916479333,284.7993752401492
2013-12-21 00:40:00+01:00,215.77421086978106,216.4532162767505,226.94330042379056,262.6918003091164
2013-12-21 00:50:00+01:00,185.7218044804621,212.29769871410596,215.100532642771,254.9668163697882
2013-12-21 01:00:00+01:00,219.384309088298,192.95263522777321,201.06313013664933,238.78769719779945
2013-12-21 01:10:00+01:00,211.2913277228449,197.87578578643297,196.36505437741405,232.9298679607218
2013-12-21 01:20:00+01:00,178.29423170755484,193.6113027555075,193.52700154565503,222.03886736806214
2013-12-21 01:30:00+01:00,155.89793725996577,184.3606773946852,186.77669591834044,219.89540343418102
2013-12-21 01:40:00+01:00,151.62740792268534,157.7991789184278,177.18214898140428,210.81026887947084
2013-12-21 01:50:00+01:00,149.15113078382652,155.60599499299042,168.693754408407,207.51019222261235
2013-12-21 02:00:00+01:00,150.27457309929034,157.36175827832872,161.92100158436486,199.3830618042412
2013-12-21 02:10:00+01:00,152.64250469395122,148.62197643144663,157.30725952567963,196.6286819728302
2013-12-21 02:20:00+01:00,146.28990190594385,153.44610000822846,154.71376454601528,190.06613410810414
2013-12-21 02:30:00+01:00,124.0085975070541,152.49592304724072,152.32251522708322,188.3120709719268
2013-12-21 02:40:00+01:00,140.75583912090605,138.9305885344964,146.9658236803018,184.82889125984525
2013-12-21 02:50:00+01:00,125.73199348243067,134.1593785627032,145.38298862523925,185.3623974364692
2013-12-21 03:00:00+01:00,123.5893081080935,136.1831337832267,142.34105583941596,181.80223971759634
2013-12-21 03:10:00+01:00,146.927884172056,134.08045207409774,139.60786900707964,181.41381143660536
2013-12-21 03:20:00+01:00,124.38357141287877,141.32419081694502,141.26910688819046,177.44576171844423
2013-12-21 03:30:00+01:00,133.63641824487547,134.4298610891982,140.00354473565963,177.44261194889233
2013-12-21 03:40:00+01:00,151.0684975065832,138.09177012596174,140.3761833612428,175.0766269003851
2013-12-21 03:50:00+01:00,124.37742687108396,140.32495869234094,143.83299398662422,175.29123203989718
2013-12-21 04:00:00+01:00,127.792397419427,130.74531369821213,143.1646033208651,173.37726124751322
2013-12-21 04:10:00+01:00,139.45918071108613,137.5308827435199,142.85680945676194,174.57144572644094
2013-12-21 04:20:00+01:00,113.93145975962479,135.339864793211,144.67951250683882,173.1637563577442
2013-12-21 04:30:00+01:00,122.52346714731334,129.82104668198934,142.14803783937128,173.86136474490186
2013-12-21 04:40:00+01:00,140.00160070819962,135.39789408643892,141.1405705494687,172.74189468666108
2013-12-21 04:50:00+01:00,114.01265830259102,132.8931619625209,143.43135723337662,174.20675551138402
2013-12-21 05:00:00+01:00,134.51646904289706,129.38744939772286,141.45544638573213,174.5930689748886
2013-12-21 05:10:00+01:00,143.63505929629918,140.20979500438398,142.96138674129233,176.62355363032643
2013-12-21 05:20:00+01:00,108.21251555999137,141.4191065079564,146.32523703942553,177.46497651672152
2013-12-21 05:30:00+01:00,125.43552749159909,131.85046290118146,143.21262767574026,180.3929681037649
2013-12-21 05:40:00+01:00,124.96248377447156,141.6237866336817,143.0851916988399,182.0283225054658
2013-12-21 05:50:00+01:00,126.73486948731588,129.76942050480534,143.24448958805962,186.18029559527477
2013-12-21 06:00:00+01:00,122.21121178304307,141.37108015197768,143.8150603452285,191.57076877062332
2013-12-21 06:10:00+01:00,121.18921194734097,139.71010356681552,143.63091683177493,196.8414546955109
2013-12-21 06:20:00+01:00,108.15402782149579,133.56610374876215,143.25690726067722,204.31978894352625
2013-12-21 06:30:00+01:00,142.08627214890706,135.97822665567116,140.49194382619467,210.45346409926148
2013-12-21 06:40:00+01:00,152.99304643296284,157.37648798529042,143.7849006544105,220.39922944342987
2013-12-21 06:50:00+01:00,118.65697548662527,152.7938916425412,149.40582552585343,227.38634556928878
2013-12-21 07:00:00+01:00,147.33125052069272,157.77824397086712,148.78981592799673,239.9536959561291
2013-12-21 07:10:00+01:00,190.51249076320627,171.57821979468295,152.77367919399936,250.80348257698262
2013-12-21 07:20:00+01:00,157.04752999065758,186.49285797562817,164.07817829322133,274.7801519432449
2013-12-21 07:30:00+01:00,164.99595827680673,194.59745846299327,170.28962638568228,293.94957682364657
2013-12-21 07:40:00+01:00,186.3249070583533,206.72039008369006,176.862453986843,326.10801874902654
2013-12-21 07:50:00+01:00,186.6871942685496,205.5758457517482,186.9259076862061,349.76764771122185
2013-12-21 08:00:00+01:00,205.55936938267206,226.71120124591596,196.81902557849006,381.94607153900336
2013-12-21 08:10:00+01:00,196.18859819594852,251.3583758173911,209.75805333434303,403.71900371120245
2013-12-21 08:20:00+01:00,191.43242554678886,238.46822158726894,220.0487808014676,438.8021958456475
2013-12-21 08:30:00+01:00,309.6654694035888,261.7394591687676,227.40200620641727,465.55242389160423
2013-12-21 08:40:00+01:00,279.31417103308496,339.16283804612345,257.6246071893978,518.1192488100647
2013-12-21 08:50:00+01:00,268.8868587772839,312.5052446130888,285.94292940012326,551.143607212402
2013-12-21 09:00:00+01:00,373.03028041005814,355.11463179538754,310.2660787834874,606.8960413169601
2013-12-21 09:10:00+01:00,390.93958202097235,416.22426999171665,356.34375214702203,645.5336009411998
2013-12-21 09:20:00+01:00,502.57407596578537,435.9325134524596,409.6795791864493,716.0945556612443
2013-12-21 09:30:00+01:00,582.1602023010975,542.3005912977852,490.2922194998581,775.7405665946833
2013-12-21 09:40:00+01:00,601.1610928559709,629.534782226878,595.99592953542,858.1415221919304
2013-12-21 09:50:00+01:00,754.6819569557177,643.1394521986732,709.0995236471381,944.0198561222577
2013-12-21 10:00:00+01:00,991.0583984087252,823.4381826923708,854.9820664395446,1059.6857997028224
2013-12-21 10:10:00+01:00,1191.5288993278511,959.7008536912766,1055.3242114179939,1169.9884533411396
2013-12-21 10:20:00+01:00,1183.197351601158,1113.804538297629,1302.8509101663315,1307.3973953363486
2013-12-21 10:30:00+01:00,1464.592219430088,1355.4334620309687,1529.1765364673045,1435.3442117154257
2013-12-21 10:40:00+01:00,1627.2996510372031,1475.4364005207271,1776.3424642944242,1593.7826059947074
2013-12-21 10:50:00+01:00,1823.7963255160344,1660.523445763111,2008.3335412495128,1708.4042839690344
2013-12-21 11:00:00+01:00,1806.9460479528143,2023.3780740287198,2223.927223197095,1846.8795220899501
2013-12-21 11:10:00+01:00,2013.106949287701,2003.775030379659,2367.8898838855353,1951.9458047054818
2013-12-21 11:20:00+01:00,2429.833733579505,2181.5227930670712,2491.055130221752,2085.742440675276
2013-12-21 11:30:00+01:00,2454.531025786859,2642.3238416125782,2649.6285461437965,2184.2532079324337
2013-12-21 11:40:00+01:00,2610.0925066717796,2670.7360651761805,2775.2299785037226,2334.8943727243136
2013-12-21 11:50:00+01:00,3039.940652591627,2754.1371914305782,2889.9347555674353,2434.1645740643908
2013-12-21 12:00:00+01:00,3289.7625262860306,3143.7574044530397,3044.9365494866593,2557.0917428753874
2013-12-21 12:10:00+01:00,3277.9907973740014,3409.527901284778,3212.4532402772275,2649.7093449341546
2013-12-21 12:20:00+01:00,3280.968589605382,3413.7690938204278,3346.308042220671,2758.939826575783
2013-12-21 12:30:00+01:00,3712.0480794312016,3585.0578232694847,3441.36169850653,2833.950014264302
2013-12-21 12:40:00+01:00,3323.2079792119266,3670.7268991321494,3565.6699815647776,2939.2063910771703
2013-12-21 12:50:00+01:00,3579.2656451159773,3590.910892484617,3599.760481816048,3033.4303581412287
2013-12-21 13:00:00+01:00,3672.262724219391,3679.9750490664396,3641.5054883453327,3146.9311315940863
2013-12-21 13:10:00+01:00,3719.9592210341175,3733.839914721205,3675.630358274801,3225.5086371038665
2013-12-21 13:20:00+01:00,3381.2672527106074,3852.2666067640994,3700.4651741100956,3336.645824895624
2013-12-21 13:30:00+01:00,3742.539503306832,3707.7708661555384,3658.11302099169,3412.6481615512585
2013-12-21 13:40:00+01:00,3613.5343041575966,3749.288020075013,3658.4623099846776,3513.8816226233457
2013-12-21 13:50:00+01:00,3626.544659109674,3851.8700467335666,3636.692981572044,3553.287195507578
2013-12-21 14:00:00+01:00,3952.793121249553,3752.6701950689885,3613.5446732535884,3607.6351228281915
2013-12-21 14:10:00+01:00,4221.103758177353,3905.4471235519895,3636.939951350554,3677.045890125293
2013-12-21 14:20:00+01:00,4256.291757440721,4082.885985533697,3700.2596238927563,3779.7652504963885
2013-12-21 14:30:00+01:00,4343.981501853526,4385.566831843005,3770.4573887554334,3860.626348490683
2013-12-21 14:40:00+01:00,4247.047316841919,4155.997283060813,3847.65741769809,3935.0224848419143
2013-12-21 14:50:00+01:00,4482.816748523909,4243.918755790891,3904.0555651410095,3991.767213511539
2013-12-21 15:00:00+01:00,4332.154939138822,4380.9664163794505,3978.6739538119728,4050.550541400537
2013-12-21 15:10:00+01:00,4579.678363882214,4365.930957114161,4024.189297078041,4085.1900552048814
2013-12-21 15:20:00+01:00,4600.044053857119,4529.237319280242,4088.4636902625307,4108.548435451221
2013-12-21 15:30:00+01:00,4888.674485362086,4666.491792967043,4146.124666038237,4109.645592019778
2013-12-21 15:40:00+01:00,4814.121333423062,4770.355388924192,4228.218686458336,4116.958698793705
2013-12-21 15:50:00+01:00,5115.530077872615,4718.065772612058,4292.847800247439,4087.027475005966
2013-12-21 16:00:00+01:00,4931.131627617077,4922.224764799029,4380.195985545744,4052.2485551293094
2013-12-21 16:10:00+01:00,5197.421780300487,4859.98973293979,4436.112315816048,4021.392001594145
2013-12-21 16:20:00+01:00,5152.100810177668,4917.092246421656,4508.646643430107,4000.869710508261
2013-12-21 16:30:00+01:00,5161.937927241289,5029.34899542088,4565.474388322951,3979.0754590698816
2013-12-21 16:40:00+01:00,5238.319086874514,5020.000368290538,4611.54794704051,3954.912204247209
2013-12-21 16:50:00+01:00,5195.2694844972175,5024.430950870814,4655.378331529597,3925.8202251015223
2013-12-21 17:00:00+01:00,5096.81063192002,4873.482091204375,4685.277663248241,3877.0406260931813
2013-12-21 17:10:00+01:00,4723.405888823008,4863.275106971505,4695.543481029766,3837.088399706344
2013-12-21 17:20:00+01:00,4707.659783618527,4521.779085063799,4654.079893689328,3795.897683129113
2013-12-21 17:30:00+01:00,4619.044402270679,4595.01297049297,4605.371878005209,3758.808578349885
2013-12-21 17:40:00+01:00,4474.986686322363,4354.490405527243,4546.070290775087,3737.198006533757
2013-12-21 17:50:00+01:00,4293.825706148151,4253.932320541879,4471.790924902804,3711.170034555281
2013-12-21 18:00:00+01:00,4229.714958241941,4019.133730863126,4379.150320132309,3673.7363455801865
2013-12-21 18:10:00+01:00,3847.8634339486293,3828.1910140400596,4285.869541105721,3624.5499515516594
2013-12-21 18:20:00+01:00,3759.31599737606,3511.834349753668,4148.131451715568,3567.378928393915
2013-12-21 18:30:00+01:00,3328.4039210997857,3566.3533651874113,4008.4656211311485,3503.2194126298336
2013-12-21 18:40:00+01:00,3298.8413227687415,3099.1806666810253,3814.6760935257985,3416.321073331015
2013-12-21 18:50:00+01:00,3376.9341060250244,3047.6495657730734,3633.730158139888,3343.8987249871025
2013-12-21 19:00:00+01:00,3115.285019527269,2927.754408711765,3489.9445867914287,3258.136920497644
2013-12-21 19:10:00+01:00,2839.473807662675,2761.9273884787963,3329.771787995273,3178.5851935935825
2013-12-21 19:20:00+01:00,2628.260390958283,2599.661917157738,3144.9861016352374,3050.1967926351444
2013-12-21 19:30:00+01:00,2649.719648210177,2522.2655544578647,2944.7503711065124,2916.8311238429883
2013-12-21 19:40:00+01:00,2409.682414159707,2293.914907658567,2775.8703088644575,2737.1217153948505
2013-12-21 19:50:00+01:00,2318.032308555899,2173.2975313509755,2593.5318272982395,2600.941393105737
2013-12-21 20:00:00+01:00,2096.1625344200265,2064.4225418267015,2424.0510482739587,2433.975452738124
2013-12-21 20:10:00+01:00,1898.7650910446844,1912.237453851385,2242.7255860982527,2276.682926714651
2013-12-21 20:20:00+01:00,1636.9044185192909,1743.888213902128,2052.107924803622,2123.339931561872
2013-12-21 20:30:00+01:00,1420.6627173063277,1609.16131013514,1837.732966188805,1977.6089853292533
2013-12-21 20:40:00+01:00,1195.5849223490814,1419.4744200703742,1610.454128943976,1813.560619649359
2013-12-21 20:50:00+01:00,1291.733854235984,1197.5974291173259,1373.3539807483164,1642.6485276517476
2013-12-21 21:00:00+01:00,1121.3543032920004,1169.0609015675498,1206.9199430385497,1495.2461313240196
2013-12-21 21:10:00+01:00,1123.299937440474,1017.6052637343371,1059.6350162201877,1359.8990373585768
2013-12-21 21:20:00+01:00,1009.4167066744261,993.4890509593769,958.4079976202739,1248.607373022698
2013-12-21 21:30:00+01:00,1009.5737335816184,938.9589791310182,876.2733446177608,1147.0664620269777
2013-12-21 21:40:00+01:00,845.9598634600505,878.0129171916053,825.3111853537115,1069.275332243745
2013-12-21 21:50:00+01:00,824.4452441923612,793.4666516302881,768.9865240256737,984.6989333191581
2013-12-21 22:00:00+01:00,1049.9864373531293,735.4618371881409,724.8235586202419,917.8642751831767
2013-12-21 22:10:00+01:00,899.4313977898921,786.7791768903684,736.5665223464574,848.2977930149531
2013-12-21 22:20:00+01:00,778.8371637441144,754.039081193543,745.0335002055143,796.0520913460572
2013-12-21 22:30:00+01:00,784.3658035382902,708.9096443035414,735.3785701034943,741.0645261475313
2013-12-21 22:40:00+01:00,847.2651406560348,674.729339914569,725.1664886235782,689.0869837719335
2013-12-21 22:50:00+01:00,807.6160762664845,688.3630555948998,729.1245560691992,643.3818513817857
2013-12-21 23:00:00+01:00,717.5034726855594,685.2955137466041,729.815337852418,605.8667782255624
2013-12-21 23:10:00+01:00,554.8813937001861,614.2424796943982,711.383903031917,568.4332536294196
2013-12-21 23:20:00+01:00,431.04717023434733,552.5767456370442,649.3756574273247,528.3461176266457
2013-12-21 23:30:00+01:00,450.6121769880062,466.3564646333456,553.264285497862,489.6942865061646
2013-12-21 23:40:00+01:00,378.2580786536508,416.2668732288907,475.7181310024318,453.3262676808971
2013-12-21 23:50:00+01:00,413.0445940637046,367.27976263795733,403.476571433545,416.059308470974
2013-12-22 00:00:00+01:00,416.8296093782527,382.7912893531088,360.0226289696958,387.4357980431814
2013-12-22 00:10:00+01:00,471.0095405551826,356.3164607882332,335.7738867119086,359.3962891059614
2013-12-22 00:20:00+01:00,364.3126021276758,381.3716341000449,334.04619987076865,343.6635558558658
2013-12-22 00:30:00+01:00,317.07717304562635,353.28904770508194,324.5261714945684,321.0832982614099
2013-12-22 00:40:00+01:00,296.89960472115786,308.1167460865744,309.37131901170056,301.4126248374466
2013-12-22 00:50:00+01:00,202.7472035232973,271.07571620540745,293.0249592349046,276.12809218244604
2013-12-22 01:00:00+01:00,218.88101507982455,226.57816720365216,258.9812711708648,253.2780385622178
2013-12-22 01:10:00+01:00,220.17167093383344,211.79315207675506,234.3971589238589,234.4430928299282
2013-12-22 01:20:00+01:00,203.02659052435948,199.31606010354554,217.18674484267274,219.2357947042949
2013-12-22 01:30:00+01:00,209.57048833729024,193.87233690636307,202.87822087624846,208.57363562281114
2013-12-22 01:40:00+01:00,187.7339602812038,194.4923699303029,194.45826414322974,200.73309847643628
2013-12-22 01:50:00+01:00,179.95673049985345,172.92606908860316,186.0585202773859,193.8680240398617
2013-12-22 02:00:00+01:00,176.4017854183797,173.09431660571101,179.07222200022503,187.2139533902914
2013-12-22 02:10:00+01:00,158.6114392386203,166.7839645927852,173.85215288820973,181.90582113490052
2013-12-22 02:20:00+01:00,179.7534012548501,151.88701865558951,167.5206469777134,176.42353871951417
2013-12-22 02:30:00+01:00,155.42877259099077,167.45963283332256,166.3582398271426,172.05091410186685
2013-12-22 02:40:00+01:00,161.6168273398002,155.74299391988131,162.71331498737976,167.93662049952005
2013-12-22 02:50:00+01:00,163.4289298904495,147.22069218548995,161.0251729160197,165.4757344846177
2013-12-22 03:00:00+01:00,154.28815858915044,152.518892145986,160.64805470268118,163.69504986448882
2013-12-22 03:10:00+01:00,142.01356809290058,150.61829898756955,159.4736014156316,162.3699064726189
2013-12-22 03:20:00+01:00,155.68127779351605,147.0663111412032,156.6215166010765,161.3789828273609
2013-12-22 03:30:00+01:00,147.1571722435796,149.36041391649084,156.6525949510836,161.1547145377753
2013-12-22 03:40:00+01:00,156.03911416114346,143.46699438763656,155.91481593401585,159.47534454238607
2013-12-22 03:50:00+01:00,151.3917168856451,150.8374162546057,157.04105527746907,158.15259993359257
2013-12-22 04:00:00+01:00,144.24456309247435,151.11421600225972,157.78826911629102,156.42931808824727
2013-12-22 04:10:00+01:00,145.34609152618867,143.39851293850566,157.40367165433926,156.40146812435356
2013-12-22 04:20:00+01:00,149.29714434083576,143.11974544523324,157.3211242930275,154.8437405280355
2013-12-22 04:30:00+01:00,156.20475504467814,146.62790332816343,158.1628648253933,155.10007571531614
2013-12-22 04:40:00+01:00,148.22444127633,153.7558097238666,160.4403804624471,155.52174911921838
2013-12-22 04:50:00+01:00,137.2813747147883,150.1601789253336,161.42487052607473,157.18991981083047
2013-12-22 05:00:00+01:00,175.68719091322677,144.0601881963325,160.1830449414811,157.51563838556936
2013-12-22 05:10:00+01:00,188.8816134241458,160.70985134885626,165.75007815405021,159.33599775814307
2013-12-22 05:20:00+01:00,153.52302096724787,170.12025562055177,174.29337040595703,160.9048356115525
2013-12-22 05:30:00+01:00,166.2394470179146,160.92961268388368,176.2827620393806,164.54264694279985
2013-12-22 05:40:00+01:00,139.73801486826935,167.81871412113418,179.74099607947502,166.1000927402819
2013-12-22 05:50:00+01:00,167.0637719974169,150.9986391985447,177.18425382113986,169.0490704914236
2013-12-22 06:00:00+01:00,157.21971454113216,165.8549850888391,179.68686705965013,171.45613270150184
2013-12-22 06:10:00+01:00,191.821710833738,159.31932258901736,180.4634957247182,174.7114122164942
2013-12-22 06:20:00+01:00,174.44112259031152,176.34357656985506,187.7537943930776,178.86002289536466
2013-12-22 06:30:00+01:00,181.11990544922463,181.7897056790822,192.09704312809222,182.87889445996748
2013-12-22 06:40:00+01:00,198.58918026155555,187.80006009339652,197.09105942922014,189.81473237913096
2013-12-22 06:50:00+01:00,175.9436205489722,190.4651612211895,205.23723930940017,197.6806485827734
2013-12-22 07:00:00+01:00,185.95341991045296,191.56344772415133,208.11057571769393,207.00971155357297
2013-12-22 07:10:00+01:00,169.45209018535897,201.18577863225113,211.89074566891526,216.31301485199745
2013-12-22 07:20:00+01:00,143.3639778399359,192.07769480860898,211.01709245996412,229.54899374037342
2013-12-22 07:30:00+01:00,193.89926054878657,176.62012896816117,202.44744007822692,244.03320593560755
2013-12-22 07:40:00+01:00,184.4760690249251,197.72691898589497,205.2041427584861,262.62711070030815
2013-12-22 07:50:00+01:00,240.31913686019982,198.2571388352244,207.14097168386962,286.7065245598462
2013-12-22 08:00:00+01:00,326.52258469975754,246.2079709618332,220.41579389163851,318.7952181082048
2013-12-22 08:10:00+01:00,215.69339414859627,296.3233314054015,251.28896447318675,357.9681894345866
2013-12-22 08:20:00+01:00,260.60250964516644,266.9861553868734,262.72212790835437,388.13947852059715
2013-12-22 08:30:00+01:00,264.78929717822166,306.04670161254717,280.6420671691289,432.3916020803516
2013-12-22 08:40:00+01:00,250.56294913562954,301.46783682607264,297.94271930471973,464.58866107009527
2013-12-22 08:50:00+01:00,314.7869743669099,307.9262747009379,308.44574756919013,513.1184351466677
2013-12-22 09:00:00+01:00,313.99712481951934,367.51180754156707,331.18722229548774,553.8095685260143
2013-12-22 09:10:00+01:00,307.7366523605728,355.55218014594533,352.8492798399814,609.2012128341603
2013-12-22 09:20:00+01:00,368.3241752335688,384.1445390443804,369.2571126524813,665.5495018492793
2013-12-22 09:30:00+01:00,479.6991421624146,441.7134471876279,396.6695117692294,724.456644891273
2013-12-22 09:40:00+01:00,485.3155053730385,493.1839498366245,449.37937741093305,791.0930563512057
2013-12-22 09:50:00+01:00,637.4825389493722,558.9428917886971,507.31039300544035,863.667625547598
2013-12-22 10:00:00+01:00,769.5695640594581,691.8942085230063,600.584566345354,953.290746409675
2013-12-22 10:10:00+01:00,1042.9388336685054,765.656244686646,731.8428107589755,1053.3789145282526
2013-12-22 10:20:00+01:00,1120.0113479631561,1013.5719535760874,935.0604931196254,1184.7472137754953
2013-12-22 10:30:00+01:00,1506.1578736039087,1164.2892313664977,1176.2322699765386,1304.6286303943766
2013-12-22 10:40:00+01:00,1612.7490363956854,1401.7973898777498,1503.044784217392,1470.8379957877846
2013-12-22 10:50:00+01:00,1948.4682011097045,1639.6150593869163,1844.4353329061128,1606.746755135842
2013-12-22 11:00:00+01:00,1964.9064539732367,2040.4491545957956,2208.983869416372,1759.1902601679706
2013-12-22 11:10:00+01:00,2264.958762877191,2106.4060615504127,2500.9179215281483,1889.2219804544532
2013-12-22 11:20:00+01:00,2556.042499417858,2461.17466553717,2760.202059583458,2061.4636240967657
2013-12-22 11:30:00+01:00,2781.13015790421,2782.0077686692116,2989.50375172076,2185.160295702117
2013-12-22 11:40:00+01:00,2721.0408313901676,2937.7300520000026,3184.446457199515,2344.2801922826184
2013-12-22 11:50:00+01:00,2945.8359127470176,3020.320921137888,3296.754540888509,2455.0218329635213
2013-12-22 12:00:00+01:00,3088.5342199496,3282.8748688042874,3387.0724566152035,2615.350125992676
2013-12-22 12:10:00+01:00,3307.9295624414344,3339.422723157145,3453.6964864218976,2726.2652045567047
2013-12-22 12:20:00+01:00,3401.1373432467863,3619.21910096284,3519.9784922895046,2855.7548755285375
2013-12-22 12:30:00+01:00,3480.995844962526,3743.31515531496,3572.535429138268,2927.485202741514
2013-12-22 12:40:00+01:00,3382.0596761050087,3745.3935621599426,3613.084841895086,3029.41959912001
2013-12-22 12:50:00+01:00,3540.3796854421607,3899.787996383453,3616.027889747639,3098.5514254935606
2013-12-22 13:00:00+01:00,3520.159010464802,3793.7933188565235,3625.2229525936023,3223.018604260757
2013-12-22 13:10:00+01:00,3635.4125051131414,3652.2863574091666,3619.0190455583315,3286.3559272508146
2013-12-22 13:20:00+01:00,3604.9354548935253,3819.204287294667,3621.0673097899685,3403.046800292136
2013-12-22 13:30:00+01:00,3322.620007354985,3810.867449664846,3612.721729337136,3471.613162351739
2013-12-22 13:40:00+01:00,3709.612318725739,3650.6676414207573,3553.7910635577737,3573.433183225202
2013-12-22 13:50:00+01:00,3698.952862485719,3785.558721677022,3549.5856670345056,3612.4317561869098
2013-12-22 14:00:00+01:00,3807.0194962603696,3767.6711386921943,3547.7903156010157,3678.6218405670074
2013-12-22 14:10:00+01:00,3881.281894465513,3769.361685611249,3563.7982489001524,3717.831789993181
2013-12-22 14:20:00+01:00,4090.781208188177,3995.0669222970523,3591.887901531197,3793.6856323532957
2013-12-22 14:30:00+01:00,4110.35040282007,4234.387643765899,3648.5218662172606,3863.6933131475153
2013-12-22 14:40:00+01:00,4074.6942031786452,4164.069736379152,3706.9204277230683,3944.0743592961444
2013-12-22 14:50:00+01:00,3939.6631599524853,4245.114894893988,3755.053659065779,3986.9093934782504
2013-12-22 15:00:00+01:00,4441.477820527754,4117.85284928556,3775.674020612931,4048.94067176147
2013-12-22 15:10:00+01:00,4475.814961576271,4344.10272103359,3852.8955362997244,4083.2630673536937
2013-12-22 15:20:00+01:00,4638.5597049393,4669.501164349232,3931.3697504442966,4124.203598361388
2013-12-22 15:30:00+01:00,4911.6540775767235,4806.17863516218,4022.0572756946412,4151.200674651671
2013-12-22 15:40:00+01:00,4693.617679539194,4940.683685695964,4135.1032778946,4155.67669720817
2013-12-22 15:50:00+01:00,4772.321099778948,4906.691323315152,4211.146637989056,4135.976652660816
2013-12-22 16:00:00+01:00,4917.944017950382,4976.631929342987,4279.581426550963,4108.32691902882
2013-12-22 16:10:00+01:00,5202.036631359948,5018.851755885469,4350.219746174407,4070.022882009968
2013-12-22 16:20:00+01:00,5496.44038545786,5065.737218861919,4440.183849003669,4034.9414388022133
2013-12-22 16:30:00+01:00,5148.811589829591,5363.268438542289,4550.298957416589,4010.365488838819
2013-12-22 16:40:00+01:00,5170.472629814422,5243.918889299046,4610.371928590295,3997.2812721619202
2013-12-22 16:50:00+01:00,5197.568751682298,5247.234285267423,4655.7975248556795,3975.809473782061
2013-12-22 17:00:00+01:00,5111.876428163607,5113.405712354047,4690.795073269751,3935.4682244582536
2013-12-22 17:10:00+01:00,5203.031691935349,5071.956037288926,4705.518643786976,3891.159034792743
2013-12-22 17:20:00+01:00,4704.434690350708,4964.047158479653,4722.043946993024,3842.4332027647456
2013-12-22 17:30:00+01:00,4574.606537064017,4829.1022783697845,4674.012829557535,3803.1344964695986
2013-12-22 17:40:00+01:00,4689.867550626104,4602.511336618411,4604.129903416989,3770.4481712329975
2013-12-22 17:50:00+01:00,4508.65791216911,4424.123177514928,4549.879992081671,3753.6957913451292
2013-12-22 18:00:00+01:00,4076.4366124167345,4307.5421247870245,4478.380246893544,3706.9214346396257
2013-12-22 18:10:00+01:00,3945.866261436027,3920.547416734335,4353.876591463989,3669.245027272995
2013-12-22 18:20:00+01:00,3792.1097610201673,3740.184721527398,4217.901867878819,3600.7839119428113
2013-12-22 18:30:00+01:00,3426.213700000162,3539.5953040407353,4071.7301626228164,3554.6170017734025
2013-12-22 18:40:00+01:00,3258.9499234076898,3327.5420411314717,3883.2273347363475,3458.3998235265385
2013-12-22 18:50:00+01:00,3132.630531760205,3119.9559989367754,3684.8528234804908,3373.1667769626238
2013-12-22 19:00:00+01:00,2755.733242790056,2971.324025741516,3488.091275005276,3266.0082701884103
2013-12-22 19:10:00+01:00,2439.465725656723,2656.479263679158,3248.937930497075,3169.897037465412
2013-12-22 19:20:00+01:00,2133.37202831053,2400.4236417721936,2974.9503806513703,3041.8387976027084
2013-12-22 19:30:00+01:00,1886.3403506154268,2122.574258648077,2669.068406405103,2887.8492186380286
2013-12-22 19:40:00+01:00,1736.2621937173117,1933.67795542703,2349.3506145419638,2692.5223531931524
2013-12-22 19:50:00+01:00,1414.5423195553344,1693.465744175876,2047.0857776151524,2531.6474246824982
2013-12-22 20:00:00+01:00,1426.41164303257,1460.253780575021,1728.5701824129192,2325.0628439428283
2013-12-22 20:10:00+01:00,1313.5432271547998,1355.425818775219,1478.9237661213258,2152.901251839863
2013-12-22 20:20:00+01:00,1210.7014954379895,1238.0916553723678,1274.023050661379,1953.9103707155223
2013-12-22 20:30:00+01:00,1004.964262562729,1208.6445935230533,1111.5625689858587,1797.2094794009652
2013-12-22 20:40:00+01:00,878.2758662668552,1052.5662608454527,962.779071834396,1619.3793950558509
2013-12-22 20:50:00+01:00,916.8409539747545,944.5006465430554,833.8987047686896,1465.9212989243763
2013-12-22 21:00:00+01:00,756.3445135291237,879.4155063752225,752.2934812566491,1305.2398476513088
2013-12-22 21:10:00+01:00,573.8010003448504,759.762076989776,676.4133373941228,1182.9044355886854
2013-12-22 21:20:00+01:00,561.5312070123823,639.7016361306758,588.3182150023814,1055.1826228164325
2013-12-22 21:30:00+01:00,604.3314224731175,580.1661485686035,519.4794253630399,954.834622513988
2013-12-22 21:40:00+01:00,415.27357202609454,570.0097056446097,480.70504345333796,863.6720575531045
2013-12-22 21:50:00+01:00,512.7651764803223,465.7548649229551,424.8895212156271,783.5966723497198
2013-12-22 22:00:00+01:00,696.9035033897693,468.83821260489395,400.83053921260677,712.9528695032795
2013-12-22 22:10:00+01:00,547.4472136521374,537.2792180362572,419.8612052777084,655.0144157361261
2013-12-22 22:20:00+01:00,431.02181698094927,522.3995005822518,433.0940803252787,603.0542933233755
2013-12-22 22:30:00+01:00,381.1056221544883,443.24348177073756,425.9839982842449,552.6645067605109
2013-12-22 22:40:00+01:00,402.65028182502596,367.8588468936898,404.45801798073825,500.59298552217524
2013-12-22 22:50:00+01:00,363.7020645735495,387.73237103395803,387.18799218939125,465.87240971551444
2013-12-22 23:00:00+01:00,364.7059557561185,353.1649583892914,364.8513004325119,429.4802441626017
2013-12-22 23:10:00+01:00,293.62672401395383,334.9673860982735,346.63439541885924,398.9763190901483
2013-12-22 23:20:00+01:00,271.7980308667129,316.5644603151543,317.9975842495117,362.9313020618336
2013-12-22 23:30:00+01:00,254.00237531429568,294.71112982805465,289.6418231204193,339.65073773637323
2013-12-22 23:40:00+01:00,280.6933213264304,256.1730048759797,264.2524354381972,312.8268364064973
2013-12-22 23:50:00+01:00,230.58523003984712,259.91128617189935,250.8963930144723,295.2502315984453
