local_time,actual,ridge,lstm,tcn
2013-12-16 00:00:00+01:00,169.23630470718817,176.63673550934124,174.8406953980186,175.47196664568423
2013-12-16 00:10:00+01:00,157.90063154190852,171.63276628845838,172.2820283405805,172.75122689842516
2013-12-16 00:20:00+01:00,163.46055517788713,167.26526385521674,166.53329965516997,165.30067252043062
2013-12-16 00:30:00+01:00,172.3344674052939,163.9285113143132,164.4782827080386,167.69092791804596
2013-12-16 00:40:00+01:00,162.25118702344992,165.88550035855494,166.06847221673408,170.62940298727065
2013-12-16 00:50:00+01:00,149.83728470092495,165.74999029374166,164.03693915638976,167.35555083715528
2013-12-16 01:00:00+01:00,162.58123964456877,159.00081273190926,158.42068662387592,159.80469366027017
2013-12-16 01:10:00+01:00,144.52287649861148,160.0064955865583,158.80425294298573,159.7857363857616
2013-12-16 01:20:00+01:00,139.1961676255009,148.27168368555343,153.05614716213418,150.19687775478084
2013-12-16 01:30:00+01:00,137.31131616074885,144.15407956952717,147.30476283181454,147.2548788704369
2013-12-16 01:40:00+01:00,131.56049918253228,138.52287026398056,142.75048107405857,142.20867413761493
2013-12-16 01:50:00+01:00,133.63434279863833,132.92323918981117,137.7491127462046,135.99665152971073
2013-12-16 02:00:00+01:00,136.59759201026944,132.9548671206469,135.0273542669473,136.8874353514247
2013-12-16 02:10:00+01:00,127.5657885790742,133.79319819052063,134.15772133252986,135.49005793640578
2013-12-16 02:20:00+01:00,122.13777376370108,130.59114490768994,130.7444097785435,131.38794689055072
2013-12-16 02:30:00+01:00,113.38582456064094,124.87561444485006,126.65217349538656,127.04949301631913
2013-12-16 02:40:00+01:00,123.78044940061359,114.9404422015546,121.00478916230776,119.71290281076436
2013-12-16 02:50:00+01:00,118.56642963841753,117.71263327553258,120.44738180333965,122.29236418148827
2013-12-16 03:00:00+01:00,121.06501609032692,117.94248532611067,118.56816337608653,120.68173652496607
2013-12-16 03:10:00+01:00,117.15630261340814,118.80356428984882,118.19093458701701,121.10407076901288
2013-12-16 03:20:00+01:00,131.0527730064539,117.7796126089854,116.9062445893867,119.6304699105862
2013-12-16 03:30:00+01:00,117.09963616825401,124.16443109540964,120.55854085289454,124.88907502422342
2013-12-16 03:40:00+01:00,114.15965465416,116.96996299388383,119.06360517050463,120.34603069593645
2013-12-16 03:50:00+01:00,115.47610357775108,114.77833919840629,117.29143138511286,119.23843309142428
2013-12-16 04:00:00+01:00,112.37309701703218,115.3160974789669,116.74400797427197,118.48939517666909
2013-12-16 04:10:00+01:00,106.04185746450733,113.40581838817336,115.56729018249752,115.09525187625711
2013-12-16 04:20:00+01:00,115.54156342672172,111.6978259598522,112.84145179228857,113.09842885413934
2013-12-16 04:30:00+01:00,110.4882963619946,114.07935182346941,114.36414809534394,116.34955920950492
2013-12-16 04:40:00+01:00,102.53631971881092,111.32929033029747,114.01265371246278,114.52262253142027
2013-12-16 04:50:00+01:00,108.52955725554634,106.49859515575965,111.28033933506867,111.27143514983375
2013-12-16 05:00:00+01:00,106.078151134978,106.97925795349184,111.68750603718838,112.6026115281317
2013-12-16 05:10:00+01:00,106.64624177501685,103.14533822539973,111.31775694333048,110.35803776064824
2013-12-16 05:20:00+01:00,111.90517963952004,106.0011256489755,111.43703607449113,112.43884731777996
2013-12-16 05:30:00+01:00,109.2890780631021,107.65585976098168,113.48061554171738,114.23797216616042
2013-12-16 05:40:00+01:00,102.79886385072004,108.23479407713997,114.19366751697244,113.9680889488899
2013-12-16 05:50:00+01:00,109.06203503282205,106.3327190809214,112.54479319997212,110.9564190724798
2013-12-16 06:00:00+01:00,111.5881219775737,109.17036937113032,113.75707071748695,112.64124094494015
2013-12-16 06:10:00+01:00,112.27079892082759,111.33150783281354,115.54781199930038,113.91405744542358
2013-12-16 06:20:00+01:00,119.20171794292145,115.22587173942331,117.12697247847318,117.9116143557997
2013-12-16 06:30:00+01:00,128.94841992339886,119.04276929631799,120.80849692956957,123.6875996187761
2013-12-16 06:40:00+01:00,122.78061238744571,125.7035876085983,127.04296300315667,130.89190437433794
2013-12-16 06:50:00+01:00,117.53725638557822,127.84309445263779,129.42173045675858,132.10161304595147
2013-12-16 07:00:00+01:00,128.1211611809994,124.31593997415003,129.09887018626193,131.14274527704822
2013-12-16 07:10:00+01:00,143.25440040406045,127.2210074424691,132.8260426948941,135.99220055045205
2013-12-16 07:20:00+01:00,163.5618285802436,135.58962931554348,140.93951063131428,146.3191511292298
2013-12-16 07:30:00+01:00,171.4166393341767,153.14482700136674,154.35023152498803,165.0809360073895
2013-12-16 07:40:00+01:00,172.8605671762185,162.51678429477607,167.55727351815844,177.57760987809334
2013-12-16 07:50:00+01:00,241.03952416413156,173.00616304112003,177.98622593805842,187.11256200422687
2013-12-16 08:00:00+01:00,235.65542474050076,203.9769124472914,212.2002402148684,232.5840463566071
2013-12-16 08:10:00+01:00,241.79186355157043,220.4420426618566,237.52102594020587,247.6454431484909
2013-12-16 08:20:00+01:00,265.9512424372994,239.29254996257472,258.4828339313805,278.60109489747373
2013-12-16 08:30:00+01:00,258.6572909179338,248.41033591988946,282.4715236969167,301.32596973008566
2013-12-16 08:40:00+01:00,304.7118221514903,253.1264020361571,293.05359406089536,303.0563715901472
2013-12-16 08:50:00+01:00,335.6008232313044,299.76267499162157,317.5627723772218,334.74102581590483
2013-12-16 09:00:00+01:00,353.2017891722414,318.11174954784235,344.12676276573256,355.69355787125653
2013-12-16 09:10:00+01:00,355.4069738700385,335.9879230926434,366.5288030376486,382.0932795628283
2013-12-16 09:20:00+01:00,375.3337532919395,363.9299018070336,379.79254527949126,388.8394326892393
2013-12-16 09:30:00+01:00,425.3728375839,377.62915779635824,394.2057599944816,394.92327438731206
2013-12-16 09:40:00+01:00,392.7206838244124,407.10224517661163,420.23367386796286,424.792789342708
2013-12-16 09:50:00+01:00,414.7713926034032,408.67584473284836,422.67471542384266,422.9070755694327
2013-12-16 10:00:00+01:00,399.48861484889085,419.9687430274301,431.9629867840032,436.50202328245166
2013-12-16 10:10:00+01:00,403.7729128950017,418.9289334913357,430.611856794362,425.46772158544434
2013-12-16 10:20:00+01:00,403.11913487249404,426.16926990406864,430.665867108994,427.81483208000174
2013-12-16 10:30:00+01:00,411.3457126346576,413.0161926708804,429.5621523835557,430.28762638441594
2013-12-16 10:40:00+01:00,417.2148413700915,408.15152661548404,431.289642197715,421.7643545826303
2013-12-16 10:50:00+01:00,420.13933184711374,424.84601310167886,433.9861743826147,427.0206050284504
2013-12-16 11:00:00+01:00,415.9220031816863,419.74422285176234,436.41143747537063,429.9580121478542
2013-12-16 11:10:00+01:00,440.5111643248689,412.92061023948116,436.17616995570756,425.67382867559894
2013-12-16 11:20:00+01:00,408.77875708935903,425.97149853472064,444.3115920047523,443.03301946077335
2013-12-16 11:30:00+01:00,434.62051121115803,408.50754693506076,438.0313734303079,426.71996093797753
2013-12-16 11:40:00+01:00,447.5828256288143,423.0760007847183,443.0027669664742,436.09431012458396
2013-12-16 11:50:00+01:00,423.6400729068681,429.24198399088596,450.0053594356842,443.0423330178275
2013-12-16 12:00:00+01:00,457.07899112052024,415.2343139367647,446.2947140727569,435.520343952968
2013-12-16 12:10:00+01:00,468.6016418604145,439.6656000370681,455.0322962515997,453.97493483888957
2013-12-16 12:20:00+01:00,482.48015698142143,457.37030356787824,464.0419957797745,461.48886138154563
2013-12-16 12:30:00+01:00,473.58566592377196,468.2741665994309,474.3690815377698,477.78102397247005
2013-12-16 12:40:00+01:00,440.06125749792136,469.4518666636179,478.47176499686213,482.55857808574115
2013-12-16 12:50:00+01:00,450.2068024660595,459.4259557247405,470.2991451248582,462.8720833385202
2013-12-16 13:00:00+01:00,513.2103825649173,449.5561392555005,468.32195205664857,468.7052802159904
2013-12-16 13:10:00+01:00,501.5109576121392,476.1153494247573,485.93339948979843,496.6529097294868
2013-12-16 13:20:00+01:00,501.47071583251613,486.35345994177464,493.96426433747996,494.9616762392462
2013-12-16 13:30:00+01:00,519.5600288522218,491.8834162939921,499.7784286240493,507.58619586059444
2013-12-16 13:40:00+01:00,480.07931916781826,488.9611659903877,509.1489669551913,515.5191656825514
2013-12-16 13:50:00+01:00,459.54950648711053,467.765828740915,503.3295323321497,504.29063974626695
2013-12-16 14:00:00+01:00,472.35767385614037,460.9426239390152,493.1419757439545,495.3562498273475
2013-12-16 14:10:00+01:00,470.87843028451584,460.23097573859417,490.29425695400045,482.753114484849
2013-12-16 14:20:00+01:00,443.77849140086494,464.6546291411084,487.41226096033415,479.7555717615175
2013-12-16 14:30:00+01:00,459.013997150616,445.0333311084478,476.41620439195714,474.7670995047818
2013-12-16 14:40:00+01:00,475.4926586321773,437.19553107245025,473.87676333953453,474.7263696758634
2013-12-16 14:50:00+01:00,423.40982307496677,450.4869018572768,476.74861982822955,483.39144323000073
2013-12-16 15:00:00+01:00,463.91898520404436,426.8788498462491,461.37567027417634,463.93707117698483
2013-12-16 15:10:00+01:00,443.40176179654145,432.6378260416229,464.208355525874,472.3458234459959
2013-12-16 15:20:00+01:00,453.0445489506917,420.0666312661573,458.82453519236475,455.52108350234175
2013-12-16 15:30:00+01:00,440.78976500290383,434.8292185244045,458.0746586897663,461.75630654369496
2013-12-16 15:40:00+01:00,420.2623672041415,428.9039601479198,453.2049928071574,454.58796825565076
2013-12-16 15:50:00+01:00,460.16426957202174,417.90614948816625,442.905206064216,441.0050174967873
2013-12-16 16:00:00+01:00,447.2438108207324,434.8850114431241,448.08878372931576,458.4470977432013
2013-12-16 16:10:00+01:00,420.6139118758771,432.40149862741833,447.02335246689427,454.70836876952467
2013-12-16 16:20:00+01:00,441.9531810744476,425.4894854633636,437.6830312237911,441.5972987544833
2013-12-16 16:30:00+01:00,460.9372180465001,432.00613979968136,437.74576053524254,450.83997566061305
2013-12-16 16:40:00+01:00,408.2061772930866,437.8405030056894,442.84076554940856,450.2640915552968
2013-12-16 16:50:00+01:00,444.16243003989115,416.6897635728911,429.5116147066945,432.5988452850081
2013-12-16 17:00:00+01:00,437.6062827093607,437.49848886667195,431.5588513136172,444.1261986362507
2013-12-16 17:10:00+01:00,410.1080850726583,422.3819848369403,430.20017456098117,432.4273596963991
2013-12-16 17:20:00+01:00,398.11986683648286,418.8631529658305,420.4103726071867,425.92155789396685
2013-12-16 17:30:00+01:00,393.39071134664124,402.9404874560015,409.55257602907216,416.16831371322047
2013-12-16 17:40:00+01:00,420.6495158629917,382.9436494369043,400.0642324145066,404.2775342854552
2013-12-16 17:50:00+01:00,420.94763554272527,399.1028354591314,401.28072960074707,415.27588522187403
2013-12-16 18:00:00+01:00,408.4403110970011,406.8768148916492,401.6701145495413,414.0432816447045
2013-12-16 18:10:00+01:00,403.1662005087085,395.7233639452702,397.94087134712714,408.8963269274089
2013-12-16 18:20:00+01:00,375.3072219263521,390.18478246383785,393.4005937079542,405.04030270572093
2013-12-16 18:30:00+01:00,387.6910408559743,382.23925511851445,381.28265526279006,387.80473728104107
2013-12-16 18:40:00+01:00,317.02572193396463,382.6243819824217,376.3601218835,381.51837577734074
2013-12-16 18:50:00+01:00,313.9963277811164,342.4561953834646,349.98776926163447,345.4105713192011
2013-12-16 19:00:00+01:00,308.89264503657523,329.49331336756654,331.54273472455515,331.2065555334528
2013-12-16 19:10:00+01:00,315.1093347674598,310.97406061113037,317.3357117569297,319.7575535624829
2013-12-16 19:20:00+01:00,294.7371259920974,307.2543329919587,309.7831550706029,318.9852502763483
2013-12-16 19:30:00+01:00,305.56464578942456,299.37606475651273,298.77694572001485,308.4775392815293
2013-12-16 19:40:00+01:00,288.9803732542273,290.80006314846105,294.7873758696084,303.41794109496885
2013-12-16 19:50:00+01:00,296.96274154010223,278.39679494848104,287.3319439391716,291.7924922781392
2013-12-16 20:00:00+01:00,278.65973272709346,277.0271425138391,284.69806600204106,292.89614104481905
2013-12-16 20:10:00+01:00,277.9688997413429,264.790039349724,277.59761012353044,283.19949357707804
2013-12-16 20:20:00+01:00,308.861157647337,262.980453418888,272.577085097338,279.9783037242931
2013-12-16 20:30:00+01:00,276.30022746126775,274.8920675918656,277.77804664852164,287.09385329018335
2013-12-16 20:40:00+01:00,276.21049987367974,260.2107373805221,272.38851742617123,277.76959173986455
2013-12-16 20:50:00+01:00,229.19162773896502,267.8092858158924,268.64670256225753,278.3167945301035
2013-12-16 21:00:00+01:00,232.16990238444765,240.66305441353842,251.41924905300883,264.49506203430894
2013-12-16 21:10:00+01:00,235.3857674286251,233.5792686311302,240.83845786900145,258.4763464991276
2013-12-16 21:20:00+01:00,230.05828555516112,232.65813683697186,234.71217313206733,255.04889206841574
2013-12-16 21:30:00+01:00,206.9113937913561,232.71723550224104,229.25592007760247,248.04976697991708
2013-12-16 21:40:00+01:00,206.59272922482145,216.16761055433753,218.74289688685786,239.0849511650327
2013-12-16 21:50:00+01:00,223.82167864002952,211.11306514168152,211.57104699409948,233.03218229651458
2013-12-16 22:00:00+01:00,201.09525697645662,211.77460143713517,211.73301755306736,233.40303868679518
2013-12-16 22:10:00+01:00,212.58428047516955,203.03934017367098,205.38245130438114,222.96642352988528
2013-12-16 22:20:00+01:00,212.1005283669961,204.86264188574148,204.37014036009825,223.49985481903204
2013-12-16 22:30:00+01:00,210.73923364075944,204.1359720362116,203.55342050639547,218.69431904519
2013-12-16 22:40:00+01:00,244.16907387319785,203.2613740569296,202.58364601238213,216.16125073034578
2013-12-16 22:50:00+01:00,243.3994346190501,220.96374461045986,211.34962683412036,225.29431546636877
2013-12-16 23:00:00+01:00,246.4063044137279,223.380338856122,217.81716978314304,226.01513070451006
2013-12-16 23:10:00+01:00,237.0239277139144,230.9060054599858,223.37342176321314,230.18621197286313
2013-12-16 23:20:00+01:00,220.99301877295247,234.8243161314626,224.33998473426936,228.00848977285364
2013-12-16 23:30:00+01:00,216.98188337840992,227.3648085812283,219.63573066069256,222.29886034676252
2013-12-16 23:40:00+01:00,236.98283996798975,217.5301504357384,214.75169634137313,219.43704165060132
2013-12-16 23:50:00+01:00,226.60033787892223,228.41094591630358,217.32155001595382,223.1906632540872
2013-12-17 00:00:00+01:00,239.58147072661524,223.355382188458,216.20853521076333,218.7924421348024
2013-12-17 00:10:00+01:00,228.45710519305734,230.89917427862028,219.50124123336352,221.64325978948042
2013-12-17 00:20:00+01:00,168.88826710613287,222.36748372307812,218.6055384385576,215.8811642348441
2013-12-17 00:30:00+01:00,190.6713443879597,188.1145551087659,197.71096185807133,195.08898058236437
2013-12-17 00:40:00+01:00,219.237823266441,189.09358229556292,191.1343183587122,195.92711839399468
2013-12-17 00:50:00+01:00,156.49175727804467,197.7296093308635,195.25515327783552,196.68731598308597
2013-12-17 01:00:00+01:00,155.9596947755739,173.7846710473611,178.6838724643071,179.01160220510087
2013-12-17 01:10:00+01:00,133.73154288589134,166.02963839120554,167.6850656392059,174.52056523998107
2013-12-17 01:20:00+01:00,137.64418110010962,140.68106593661545,153.20806056312702,155.13360430824255
2013-12-17 01:30:00+01:00,137.2099706500007,142.37174537669233,145.0501347063692,152.043033313618
2013-12-17 01:40:00+01:00,123.4901808991644,138.18055191080583,139.60484799575764,148.2706912048913
2013-12-17 01:50:00+01:00,131.68423659722086,125.06345047148712,132.02924751385734,140.20281653240576
2013-12-17 02:00:00+01:00,138.1444025268504,127.14257311340972,129.4068287820862,140.22642489109376
2013-12-17 02:10:00+01:00,123.52815463063449,127.92567796086351,129.62383533706253,139.80245411520562
2013-12-17 02:20:00+01:00,130.28344380257772,120.64698601281033,125.82479946538695,133.86317685077395
2013-12-17 02:30:00+01:00,119.14603940850701,122.2126121037834,125.32443621683143,135.8676599707784
2013-12-17 02:40:00+01:00,114.42012787992168,116.74450029020323,121.92321841296662,131.19022518053234
2013-12-17 02:50:00+01:00,116.86603328834401,113.44559167982906,118.33983435466544,128.44527029194077
2013-12-17 03:00:00+01:00,118.64424889054297,113.64834338243952,116.7909163632415,127.33197109020094
2013-12-17 03:10:00+01:00,109.44099901540298,112.24064854106835,116.44630845966198,126.63395752624449
2013-12-17 03:20:00+01:00,118.72982375479982,112.47572539501299,113.68408961422195,125.0465498272922
2013-12-17 03:30:00+01:00,120.04740414126925,116.15693414958045,114.73628603871873,127.41784471169922
2013-12-17 03:40:00+01:00,104.31597856589725,117.92201519240514,116.14074578967336,126.66062616803714
2013-12-17 03:50:00+01:00,114.99262554689966,110.57359626859996,112.51519090069884,122.45651663301281
2013-12-17 04:00:00+01:00,112.13494046105934,114.43747492596701,113.55413458636271,124.74627646637092
2013-12-17 04:10:00+01:00,103.61794017149073,110.5418165941161,113.65780546042626,122.21913226429885
2013-12-17 04:20:00+01:00,113.72733709056058,106.37525152462308,111.2555679030726,120.37383141931184
2013-12-17 04:30:00+01:00,114.43459669875001,112.17963195213032,113.00491418104022,124.03795794790251
2013-12-17 04:40:00+01:00,94.6960350881722,110.11299042662033,114.71118837735267,123.07903589384178
2013-12-17 04:50:00+01:00,115.95390618107513,101.96757319684095,109.58935673761589,119.92979973932418
2013-12-17 05:00:00+01:00,116.54417768079284,110.20977370975176,113.23908745438617,122.41933043177102
2013-12-17 05:10:00+01:00,108.12322733095073,107.37693366799436,116.22793720419381,120.81160292199836
2013-12-17 05:20:00+01:00,115.06266538074696,111.52280111245717,115.80999343126896,121.58892741361328
2013-12-17 05:30:00+01:00,123.88897587998439,116.94265089086528,118.10977778045091,122.6623387950677
2013-12-17 05:40:00+01:00,96.06013595930204,121.15573884161896,122.86429286085695,124.22026949007045
2013-12-17 05:50:00+01:00,120.41796728472798,110.80961150896162,116.4355859091331,115.92704614921573
2013-12-17 06:00:00+01:00,119.85827531394776,121.82226892126967,120.98857478931723,123.79697673296843
2013-12-17 06:10:00+01:00,104.71880826274398,120.70629386684784,124.08778076962165,122.11330678244477
2013-12-17 06:20:00+01:00,127.76021380484485,122.39057909170374,120.84179027959067,119.33738261654881
2013-12-17 06:30:00+01:00,139.63738735732557,128.4521468918357,127.10287782775265,129.51948723828235
2013-12-17 06:40:00+01:00,119.3812690749564,135.04854928793745,135.98132724728487,135.4469444188161
2013-12-17 06:50:00+01:00,144.73672798404138,139.0103618459555,135.11932895510782,133.98870629525757
2013-12-17 07:00:00+01:00,141.27316162396446,150.83228446129138,144.5936983383506,148.84978129117167
2013-12-17 07:10:00+01:00,130.6972741357433,148.1612212084528,150.37297752166717,147.1181296687221
2013-12-17 07:20:00+01:00,148.9513113951594,151.93606965304636,150.0496183667482,148.30247432714475
2013-12-17 07:30:00+01:00,171.60497888474424,158.2212597538237,157.0583580166622,159.86247753512714
2013-12-17 07:40:00+01:00,164.0541162383095,168.53430391768964,170.66629390839338,172.67943792201254
2013-12-17 07:50:00+01:00,198.37105093875635,181.2216212928501,177.06845651335382,181.64218095744482
2013-12-17 08:00:00+01:00,221.7686307575758,199.00739962817377,195.37521108988724,207.69178035408945
2013-12-17 08:10:00+01:00,206.47591139430412,210.1227393010967,218.29345220050635,226.1659250480863
2013-12-17 08:20:00+01:00,228.61265769110915,226.40459472287577,227.93980853788784,233.09749709809353
2013-12-17 08:30:00+01:00,261.4933421176764,236.8027394469512,243.37017296250127,260.1984450220572
2013-12-17 08:40:00+01:00,285.20479714099787,243.53422807630227,266.91363069233387,279.4038003923912
2013-12-17 08:50:00+01:00,308.25398503386305,287.3397148629034,291.87746085997605,308.52755843232694
2013-12-17 09:00:00+01:00,325.06800825048686,310.6474037953257,316.9607172602496,331.11838645162334
2013-12-17 09:10:00+01:00,325.60249174236134,319.29355082257314,338.75727269984395,345.10278772640106
2013-12-17 09:20:00+01:00,355.3112110234565,347.0129744320814,350.8825623050717,353.91793562552414
2013-12-17 09:30:00+01:00,386.1936902894841,365.6441753922317,368.60652156815684,374.31102183899674
2013-12-17 09:40:00+01:00,407.8946954091163,373.9610724270982,389.78625290668606,385.73652651439664
2013-12-17 09:50:00+01:00,428.85210663357725,419.38411006101717,409.72918616782766,411.7469916098099
2013-12-17 10:00:00+01:00,421.71505988141234,436.78522110965594,428.82107558708475,433.3883865533247
2013-12-17 10:10:00+01:00,392.97574963398733,425.9094869778935,437.3049208634132,434.9222106901926
2013-12-17 10:20:00+01:00,429.5153126391208,423.2592135648053,431.0474010008614,426.60809820671705
2013-12-17 10:30:00+01:00,415.3207929539919,449.64981794327605,440.1964004475553,444.153201755307
2013-12-17 10:40:00+01:00,438.95125833281304,421.8107368735251,439.62944574892686,428.2335341026464
2013-12-17 10:50:00+01:00,418.4733997333891,451.1930621147298,447.58978135908865,449.66064490922514
2013-12-17 11:00:00+01:00,433.93455182157095,440.38430192888427,444.86554609042986,442.0473753101637
2013-12-17 11:10:00+01:00,396.8081270909176,427.94963493238265,448.6519672336835,444.80922433929015
2013-12-17 11:20:00+01:00,429.26702490751006,429.49981114044226,437.0814541307236,431.35431711758287
2013-12-17 11:30:00+01:00,416.04532084286177,444.5921175667113,441.28015561532965,440.9749031726587
2013-12-17 11:40:00+01:00,422.71398863096186,419.81743909567984,438.5808596398493,427.29351139826497
2013-12-17 11:50:00+01:00,432.3448690454233,442.5394979629528,439.0392398566895,434.7182663672457
2013-12-17 12:00:00+01:00,433.1382587283069,444.3452457451568,442.2726915338275,434.8307570285465
2013-12-17 12:10:00+01:00,427.58283166445636,429.42477753644454,444.37624606644744,438.1146495024307
2013-12-17 12:20:00+01:00,454.1272312027431,442.15111134120065,443.6975720003725,437.91258113604306
2013-12-17 12:30:00+01:00,456.665603179463,460.03753268845134,451.8217769599413,447.37202734098787
2013-12-17 12:40:00+01:00,489.9868296375907,455.70945405857293,457.7074736326269,447.4427815736709
2013-12-17 12:50:00+01:00,480.5307942724321,480.8827399012491,472.009387126495,473.40758711211987
2013-12-17 13:00:00+01:00,513.7565628010103,474.42931699786,478.584111692471,475.5224881734685
2013-12-17 13:10:00+01:00,462.3946896215868,485.79146890981815,493.2370603633855,496.5926724578044
2013-12-17 13:20:00+01:00,466.77867526369266,482.86155573884616,487.0457463244027,478.29286335084714
2013-12-17 13:30:00+01:00,448.93963611403467,485.0211343068415,484.84163719671415,477.16418193492586
2013-12-17 13:40:00+01:00,454.9028320828672,466.41946616518726,477.198532054587,464.27433564947415
2013-12-17 13:50:00+01:00,490.7930413494144,466.632382825588,473.9383199823622,467.79730254934
2013-12-17 14:00:00+01:00,474.0122578276572,479.9243056860299,482.6330947131709,484.8617852663406
2013-12-17 14:10:00+01:00,439.1711898637515,472.7622158346502,482.9989329702475,484.273506135356
2013-12-17 14:20:00+01:00,423.77231914041687,466.58085925349286,472.07939209576153,473.20504222792005
2013-12-17 14:30:00+01:00,448.1418368688119,435.7600934371062,459.547508525279,462.19862454246146
2013-12-17 14:40:00+01:00,404.7609326350481,443.6416111327116,458.7880854136791,459.1489441168057
2013-12-17 14:50:00+01:00,441.8842477174686,418.603427083436,443.0475377377377,437.58197951667296
2013-12-17 15:00:00+01:00,452.83029783952253,425.692546692565,444.80072932644106,447.4118905377463
2013-12-17 15:10:00+01:00,437.8116186394152,420.85950654275484,448.7306454622042,448.528267588646
2013-12-17 15:20:00+01:00,445.70287099343136,438.83951969108733,446.4677756387727,449.2950505809072
2013-12-17 15:30:00+01:00,475.4766404898956,429.9579530680216,447.3232712021856,455.50118213938725
2013-12-17 15:40:00+01:00,494.75945300726585,438.5509255409186,456.59757971355253,459.7375878440213
2013-12-17 15:50:00+01:00,483.5624878094535,468.34977955607764,468.2642434037538,469.64334002590266
2013-12-17 16:00:00+01:00,485.97059221839464,472.9771282749597,472.94272403922486,472.750915044322
2013-12-17 16:10:00+01:00,480.83711816250303,470.54653781761317,476.90593037868064,469.79321223435306
2013-12-17 16:20:00+01:00,465.71647709635914,469.831760820846,477.9085222172618,470.7429836601527
2013-12-17 16:30:00+01:00,458.5288238204549,464.8428408567339,473.8355564234554,469.85953260400606
2013-12-17 16:40:00+01:00,438.6602125258092,455.8825411383679,468.65470327297635,462.88804520808105
2013-12-17 16:50:00+01:00,462.7725411587801,452.31709726093027,458.49355181844527,452.9826770846428
2013-12-17 17:00:00+01:00,477.7026832363824,455.5757228365417,458.75009436194523,463.4550475630355
2013-12-17 17:10:00+01:00,389.1478479584624,449.89670960683844,462.7440584930653,470.8353752726306
2013-12-17 17:20:00+01:00,437.5337859219846,421.22538355415793,436.6127097528767,436.746857706035
2013-12-17 17:30:00+01:00,432.2405083950259,421.5419468036868,434.9265134585332,447.92634208798984
2013-12-17 17:40:00+01:00,435.5586359612979,406.3218944414977,430.98275718681225,435.74576852051473
2013-12-17 17:50:00+01:00,420.52110565526203,433.65797906540655,428.8963870237874,441.46431812481376
2013-12-17 18:00:00+01:00,409.9019753931324,421.20016192763717,422.37433797228016,433.84862498238476
2013-12-17 18:10:00+01:00,360.3802171139549,401.07507834957454,414.14474334532304,416.82262998552517
2013-12-17 18:20:00+01:00,352.4870502179952,384.3280491646117,391.8025158454701,395.80961690998004
2013-12-17 18:30:00+01:00,317.18256429333957,362.3562196938514,373.78003537450167,386.44494537740826
2013-12-17 18:40:00+01:00,306.5792642080503,334.52454056448386,349.1529215826733,354.8530597663194
2013-12-17 18:50:00+01:00,322.42349567738046,331.67847828936,329.09961912937104,343.1049927752374
2013-12-17 19:00:00+01:00,280.19443475972264,317.6827499999147,320.654492264399,340.15533708700315
2013-12-17 19:10:00+01:00,294.9770978995697,285.428910613228,301.6219100572256,315.6352898096386
2013-12-17 19:20:00+01:00,301.37402906721866,289.08219933113907,293.90624314418307,313.19907577848306
2013-12-17 19:30:00+01:00,287.9788436785112,280.8695296595497,290.6839508095983,303.8250477217637
2013-12-17 19:40:00+01:00,270.97927279281424,273.9758817970916,284.76605440404825,295.7780934939108
2013-12-17 19:50:00+01:00,279.32604699916607,260.8863646538618,275.6968739477892,287.6486399576286
2013-12-17 20:00:00+01:00,260.4233398280949,257.5572566791489,271.9809852163378,281.003436276691
2013-12-17 20:10:00+01:00,264.58373860215204,248.57564484558193,263.8132798168962,274.66810032831853
2013-12-17 20:20:00+01:00,269.4519370040833,249.7884887671599,259.5156805721103,274.58032059342537
2013-12-17 20:30:00+01:00,280.74018318803365,248.91938775021626,258.0197350726503,274.36853165277205
2013-12-17 20:40:00+01:00,261.1408434475449,258.6453171760515,260.3056010237663,275.7175946213081
2013-12-17 20:50:00+01:00,241.71455389886177,260.2245097613674,256.3667377816559,271.28938298899305
2013-12-17 21:00:00+01:00,250.11561441934293,240.8397156340726,247.69187994732414,264.2265909830829
2013-12-17 21:10:00+01:00,236.56321689063753,242.0725781442261,244.11638204303824,263.9217122367563
2013-12-17 21:20:00+01:00,234.75610334046192,241.3818818603551,237.62154668795856,253.5307197706199
2013-12-17 21:30:00+01:00,267.1409725554102,239.0223770496037,232.69154468786394,251.29398324442408
2013-12-17 21:40:00+01:00,229.44099695999824,243.51275119766566,238.57075964063213,256.6674368150246
2013-12-17 21:50:00+01:00,244.10656317540085,238.018317159306,232.08766621846624,245.50793812767665
2013-12-17 22:00:00+01:00,264.80320055697973,240.76355908318956,231.91531481422794,247.4263069618077
2013-12-17 22:10:00+01:00,245.85446725078694,245.76493127382182,237.67273909204008,248.25635695388388
2013-12-17 22:20:00+01:00,221.58431978741024,249.3320182066693,236.47349093328842,243.88665647579055
2013-12-17 22:30:00+01:00,256.73075464198917,234.9598764260975,228.04139374967988,236.29527576107995
2013-12-17 22:40:00+01:00,233.2466620054052,234.82923019790067,232.41674368231006,239.53967303441178
2013-12-17 22:50:00+01:00,235.1135747770853,233.401496250013,228.7387693327682,233.90769453544098
2013-12-17 23:00:00+01:00,228.9999897182979,239.59054101958407,226.76237670483272,235.07697559468406
2013-12-17 23:10:00+01:00,206.64314225762664,222.8976852077213,223.51935263063055,229.89396358041267
2013-12-17 23:20:00+01:00,207.9610669595689,212.36049281424877,214.27581664386622,221.87337763233728
2013-12-17 23:30:00+01:00,216.91399805536844,212.85086014577448,208.32774870160765,218.36528784416964
2013-12-17 23:40:00+01:00,213.3561376984456,202.65146267968825,206.99863247346684,214.85369928415557
2013-12-17 23:50:00+01:00,296.5664318954148,203.22071205741764,205.25598554653834,212.5098893459337
2013-12-18 00:00:00+01:00,255.41599841386008,240.60678847642188,226.72281953499163,232.39148984203487
2013-12-18 00:10:00+01:00,244.91052462970384,228.35961765522032,232.72998384007604,223.28150888635028
2013-12-18 00:20:00+01:00,210.92162024315982,238.32287468016924,233.71673364458707,226.26932468378513
2013-12-18 00:30:00+01:00,174.07976468468252,216.70049045913888,222.74474690346227,213.45903742429448
2013-12-18 00:40:00+01:00,147.37121029394535,184.0803256130954,202.02409059285196,195.32788296713636
2013-12-18 00:50:00+01:00,163.052801149397,171.80029734882112,179.1427873244823,179.58401525411736
2013-12-18 01:00:00+01:00,151.51225311814042,172.72457494883548,169.75972057855807,176.8716026424836
2013-12-18 01:10:00+01:00,157.94949490123042,156.3266281405294,160.3330384166673,167.49498737217988
2013-12-18 01:20:00+01:00,164.73448018308898,159.40913245212434,156.20873401871037,169.74952024938545
2013-12-18 01:30:00+01:00,128.6608735741379,159.944467801305,155.61877833653534,166.23251771685025
2013-12-18 01:40:00+01:00,139.55176858110045,135.83282128256164,144.42624574798108,150.05539582037747
2013-12-18 01:50:00+01:00,140.8987843525825,138.6383598074203,140.1906799456989,148.49223929587302
2013-12-18 02:00:00+01:00,119.64158824831333,133.77848991768735,137.7475530286745,143.13851616461997
2013-12-18 02:10:00+01:00,121.4495798012702,120.28149469087519,129.82261266798454,136.4430363862334
2013-12-18 02:20:00+01:00,129.21810999157762,117.62125594002126,125.12158317228076,135.76979836925858
2013-12-18 02:30:00+01:00,120.26048002077928,118.79872757372402,124.27839979018668,134.0049458833674
2013-12-18 02:40:00+01:00,133.38363817261194,115.47789951931671,121.35743821690579,132.2765691449509
2013-12-18 02:50:00+01:00,124.71862756762685,124.85526236656577,123.25946379098036,136.35571261249916
2013-12-18 03:00:00+01:00,114.6669962987198,121.06043949473799,122.43850171359352,132.64248702890163
2013-12-18 03:10:00+01:00,116.15415176009016,115.32219687701081,119.05231450862554,129.57627362264193
2013-12-18 03:20:00+01:00,130.4672230482726,115.59942271508088,117.36985612794558,128.59300673964876
2013-12-18 03:30:00+01:00,116.7706273439421,119.83573013167775,120.58646526998079,130.90490525466367
2013-12-18 03:40:00+01:00,128.0104946111244,118.92570473206885,119.07264175668483,129.89461223665455
2013-12-18 03:50:00+01:00,127.17905788376937,124.6316151798384,121.67698707355252,133.80573659729703
2013-12-18 04:00:00+01:00,125.339600757289,121.17386802876293,123.61185628901613,131.5358167423466
2013-12-18 04:10:00+01:00,123.32427465179362,122.93533416375246,124.72531619804771,132.50738312045672
2013-12-18 04:20:00+01:00,122.2452986326228,123.7974301053441,125.17092969620668,132.41294835614352
2013-12-18 04:30:00+01:00,125.040088292366,119.23516117473162,125.41807339202668,131.20941766311705
2013-12-18 04:40:00+01:00,129.11403883793497,124.37028193737397,126.79335221778727,134.39609005977098
2013-12-18 04:50:00+01:00,121.68600586437644,130.40795239906535,129.40925119397983,136.08954471608646
2013-12-18 05:00:00+01:00,129.60809787376945,123.10251182922195,129.04790718443462,132.5488171806442
2013-12-18 05:10:00+01:00,124.35734739369835,129.32703056016862,131.83428284688395,135.54551095657354
2013-12-18 05:20:00+01:00,125.7480634185192,130.7591662628817,132.2603273722363,132.77112558988964
2013-12-18 05:30:00+01:00,138.97485527450277,128.98783999944447,133.34737068679559,131.70898302507302
2013-12-18 05:40:00+01:00,122.60864540719744,138.48758517817345,139.07569411787856,139.62763342876067
2013-12-18 05:50:00+01:00,123.93644033153043,133.20888635800716,137.43340914376523,133.36205033154985
2013-12-18 06:00:00+01:00,133.16990155152797,129.14472363263616,137.1136619116746,135.45339795140083
2013-12-18 06:10:00+01:00,123.5530828796221,134.8471017192631,140.59459203948376,138.17218549536673
2013-12-18 06:20:00+01:00,123.87954769425201,133.66576441456792,139.40999264380656,134.21854624177266
2013-12-18 06:30:00+01:00,131.85969914554903,131.81377065054198,138.80755198088482,134.83646827852377
2013-12-18 06:40:00+01:00,132.60940632391996,136.1272873449648,141.54665317487076,136.75932361691153
2013-12-18 06:50:00+01:00,145.48971431705826,145.21831570278584,143.68450547052103,137.7309963766167
2013-12-18 07:00:00+01:00,140.86284378837263,153.02570642985393,150.2280447791578,147.01564294157208
2013-12-18 07:10:00+01:00,157.57308792364094,153.204730999856,152.82389190107918,148.22040051648182
2013-12-18 07:20:00+01:00,159.35533359858096,168.12827012883247,161.14336824370864,160.13573664206683
2013-12-18 07:30:00+01:00,188.90623823339862,168.1152344617343,167.4312406930711,164.57568252091409
2013-12-18 07:40:00+01:00,211.21735181484354,185.2187277728979,183.50057774646163,187.83749662957507
2013-12-18 07:50:00+01:00,217.77982157409284,205.41131559262067,204.29482788180255,211.06204217636383
2013-12-18 08:00:00+01:00,219.91827145639604,222.1024219824432,222.37211907745086,231.0239117964894
2013-12-18 08:10:00+01:00,245.46778230208227,231.2189532297233,235.50279395667528,244.2946114461109
2013-12-18 08:20:00+01:00,264.307154987387,250.65532502964237,254.45925701963364,262.8399933847755
2013-12-18 08:30:00+01:00,285.2970138868095,266.576420359111,274.06048181182945,287.04582192093415
2013-12-18 08:40:00+01:00,306.20644300138065,281.69093121580755,294.5766146166989,306.4769275758161
2013-12-18 08:50:00+01:00,320.8514790466057,307.0379400937304,315.26355571731557,327.5442034792052
2013-12-18 09:00:00+01:00,343.32720537424507,326.1320740779662,333.0590519104832,344.1045794691972
2013-12-18 09:10:00+01:00,366.6509349003231,348.6850140206231,351.8555131673342,357.5795961488126
2013-12-18 09:20:00+01:00,368.59660486434956,371.57129891973096,371.3358253316415,375.7017072571359
2013-12-18 09:30:00+01:00,405.1615446078531,383.2680948966094,382.8650870880548,386.2666937915204
2013-12-18 09:40:00+01:00,397.1195617890156,396.45649237285306,402.67185085784087,405.32474730240284
2013-12-18 09:50:00+01:00,364.34785251548425,404.13423049252197,410.8983519231365,412.15602261171256
2013-12-18 10:00:00+01:00,453.00649156264114,394.67407242769457,402.48999191942875,397.41786624224216
2013-12-18 10:10:00+01:00,440.7884859115324,432.72493981686114,428.8173044692506,440.82972275833134
2013-12-18 10:20:00+01:00,400.6840168219998,440.51989355123237,440.38427167429916,441.3621224944484
2013-12-18 10:30:00+01:00,395.1528783209105,436.2046836683006,433.6035050063736,430.8086253354761
2013-12-18 10:40:00+01:00,390.3762605372701,420.55546044624157,427.34764964540426,420.2116151940558
2013-12-18 10:50:00+01:00,403.7241106205761,405.6916048325986,420.85409923615526,408.7168873704467
2013-12-18 11:00:00+01:00,436.1760621579459,417.08870455139044,420.97322061372654,417.6740625186987
2013-12-18 11:10:00+01:00,396.53343970479995,436.32538184444695,431.7851817902812,433.08880400217265
2013-12-18 11:20:00+01:00,451.52551820031465,414.8077848917295,424.6893088264291,413.0841367221075
2013-12-18 11:30:00+01:00,438.3641308514411,443.3945043974896,439.0893726028423,439.6916831051811
2013-12-18 11:40:00+01:00,447.45008857320244,448.9786528411635,443.71113656079547,437.0141961417603
2013-12-18 11:50:00+01:00,449.2283195987058,453.6097824473482,449.9595934932333,444.8441228170564
2013-12-18 12:00:00+01:00,452.02647041079797,458.77021614971255,454.5217381150318,449.4759579867882
2013-12-18 12:10:00+01:00,466.42603757310866,456.08306032281087,458.35018919215656,449.0650697184288
2013-12-18 12:20:00+01:00,423.4583235680468,459.407619850797,465.39738264044115,456.7944118254822
2013-12-18 12:30:00+01:00,492.1611995006079,448.33449677415,455.6255485936382,447.01295736817997
2013-12-18 12:40:00+01:00,515.1080021818768,476.86596734736037,471.3896517494997,473.7630135998707
2013-12-18 12:50:00+01:00,487.5907441675043,497.86835181974885,488.1506425350978,495.1420895910117
2013-12-18 13:00:00+01:00,499.715895536661,507.76987637169907,491.4386741339259,495.9180088455635
2013-12-18 13:10:00+01:00,443.83501512398453,503.688626191949,497.8256443213872,502.00116753610916
2013-12-18 13:20:00+01:00,432.89189216625533,469.273832338947,484.04414570966276,468.7095300862296
2013-12-18 13:30:00+01:00,419.6544423315953,468.05818750939306,471.50030662311417,461.12868594024457
2013-12-18 13:40:00+01:00,443.5487314429971,442.59215789566315,458.1328451696265,446.38677933712285
2013-12-18 13:50:00+01:00,462.7346833209135,452.7756953057637,456.8086583007707,445.40271715153546
2013-12-18 14:00:00+01:00,418.5487976964191,464.40838160173917,461.46548234247047,462.8951678131531
2013-12-18 14:10:00+01:00,409.08892999037585,430.8482295745551,449.9013147155183,449.8809784158403
2013-12-18 14:20:00+01:00,414.03987638391555,417.67902728792535,439.00850545560877,440.11415067388106
2013-12-18 14:30:00+01:00,479.8370796324525,417.1246429703845,432.8616282155746,433.70828835508075
2013-12-18 14:40:00+01:00,491.0504452205195,435.62129474905606,448.6556041607601,451.4227348632987
2013-12-18 14:50:00+01:00,508.74266681480583,450.5449003847251,462.3831913961584,462.61098445610025
2013-12-18 15:00:00+01:00,483.4486935340288,476.76044170282023,477.0938013970376,476.4539370983614
2013-12-18 15:10:00+01:00,424.30802683274106,463.2240236866813,479.85193681098053,471.7005681140485
2013-12-18 15:20:00+01:00,416.81911031029153,443.9244746301612,462.934073793686,451.11588998029464
2013-12-18 15:30:00+01:00,430.67765116287836,431.476477612297,449.07611401333946,438.76279794352575
2013-12-18 15:40:00+01:00,403.4078130729566,431.20860847626085,443.628216316085,433.2840375293308
2013-12-18 15:50:00+01:00,437.58995188900747,420.06697760929126,430.28310334384173,419.4085604121079
2013-12-18 16:00:00+01:00,436.36705452901975,425.43642973573566,432.06384216050526,436.4535645889266
2013-12-18 16:10:00+01:00,425.03749216851713,417.13311216240214,432.3120737067593,439.74324965976166
2013-12-18 16:20:00+01:00,412.07418676932303,424.2811330790557,428.74545331885867,442.2747424602769
2013-12-18 16:30:00+01:00,434.4275030912938,415.23815133170086,421.88696499787636,432.1441455336975
2013-12-18 16:40:00+01:00,389.5351500333507,412.3550163059606,423.7388661357404,429.3331940753903
2013-12-18 16:50:00+01:00,398.3632598565756,385.700502778243,410.14199472511007,405.7989577818904
2013-12-18 17:00:00+01:00,399.61963708022677,388.25619268229536,403.5700906946112,403.6272902642182
2013-12-18 17:10:00+01:00,398.15940331914146,380.0041423405872,398.7923820376563,397.1309744529156
2013-12-18 17:20:00+01:00,372.0125100368985,380.88275058358124,394.6051765383159,400.45448991939156
2013-12-18 17:30:00+01:00,399.04724454682207,375.48437063694627,383.0508022354399,390.54625018102575
2013-12-18 17:40:00+01:00,412.7759153945587,385.76862996334205,383.1692552090818,396.8130388882502
2013-12-18 17:50:00+01:00,400.04250283780453,388.0093072605049,386.702544077193,399.64675378047605
2013-12-18 18:00:00+01:00,388.8559672611848,395.47382145063114,385.11968280980784,398.4919451489531
2013-12-18 18:10:00+01:00,345.4893860034703,395.1480311226345,380.3667635041407,387.3330027951833
2013-12-18 18:20:00+01:00,358.28271758032514,363.2395303816459,363.0628713084558,365.2755303470819
2013-12-18 18:30:00+01:00,338.05553496519127,359.3786444672295,355.01928646336546,363.3223918501064
2013-12-18 18:40:00+01:00,303.06726162204194,343.2386662934966,342.803428818179,348.28187693579287
2013-12-18 18:50:00+01:00,323.8830856035087,321.1140966495592,323.30325641918716,329.92166425634
2013-12-18 19:00:00+01:00,335.7767935381808,316.9397134616117,316.7007656257619,329.9100167666056
2013-12-18 19:10:00+01:00,289.7695244635319,312.78368683725193,315.60638180955976,325.90103424522084
2013-12-18 19:20:00+01:00,316.3363811016256,300.0395966354961,301.2811624468074,307.74727795386286
2013-12-18 19:30:00+01:00,320.6801569838771,305.0742742765257,299.6334319667368,310.44680898218496
2013-12-18 19:40:00+01:00,272.3467886202604,296.687679309053,299.70882642748586,302.8135143517819
2013-12-18 19:50:00+01:00,274.22034835168625,280.4430141256744,285.4972558142409,286.6633034637771
2013-12-18 20:00:00+01:00,288.5547317777801,282.10165685892514,276.527716669649,284.4984590447572
2013-12-18 20:10:00+01:00,249.67782589093565,266.7396118363405,274.54817120599506,280.72731883304505
2013-12-18 20:20:00+01:00,267.0433165832475,261.9526866735242,261.7863859185412,270.34680111967276
2013-12-18 20:30:00+01:00,282.11925216712876,260.45441660971323,258.47456348413436,274.58527443293997
2013-12-18 20:40:00+01:00,249.44452262802088,250.8916915740446,260.59234531663304,271.82186935193494
2013-12-18 20:50:00+01:00,267.82752513524434,248.80388094792445,252.8529082287973,263.3435033799881
2013-12-18 21:00:00+01:00,253.8353472731361,254.97639992482578,252.91727135774298,267.5497887782709
2013-12-18 21:10:00+01:00,233.3879125812999,234.07114734299594,248.93260226803267,257.03754836505976
2013-12-18 21:20:00+01:00,212.91241534472113,238.08267594131905,240.01352062129146,251.257479447636
2013-12-18 21:30:00+01:00,232.85887071324316,226.38940920943293,227.4857929991205,241.35936053852558
2013-12-18 21:40:00+01:00,250.4268077351533,223.514120218192,224.97020667196983,239.7967056931644
2013-12-18 21:50:00+01:00,219.11517202378687,242.9422596972243,228.45929727999004,245.1098832919688
2013-12-18 22:00:00+01:00,255.69723180878543,232.42063159253593,222.13689777416909,235.4774919189004
2013-12-18 22:10:00+01:00,217.3195988399853,237.28888188756474,228.2755432164055,242.56259239756378
2013-12-18 22:20:00+01:00,204.4532626859988,224.29372135726553,221.4763018787645,231.87411246622585
2013-12-18 22:30:00+01:00,228.96458431349512,214.82237918156255,212.5861219617968,225.30661625531067
2013-12-18 22:40:00+01:00,190.1717762962575,214.30075947118902,213.62014425804497,226.1011976876195
2013-12-18 22:50:00+01:00,191.5501256972281,205.24863050317322,202.59987585262624,211.02279929854478
2013-12-18 23:00:00+01:00,197.3453323713835,198.98803595126122,195.516502857987,210.01498773671003
2013-12-18 23:10:00+01:00,195.7870917412317,189.0267049623869,192.40999349388042,205.68628558680214
2013-12-18 23:20:00+01:00,180.00417657969072,190.6081361228874,189.95261262255985,203.15759664999578
2013-12-18 23:30:00+01:00,196.43990117228475,182.29703414870852,183.55269521499432,198.24530678070832
2013-12-18 23:40:00+01:00,190.7493330566597,177.83816876353947,184.00768549692725,196.25718575551545
2013-12-18 23:50:00+01:00,194.9230756761704,178.477106959997,182.78683741174316,191.8637525499225
2013-12-19 00:00:00+01:00,201.87185066795755,186.55824922286578,183.21761972466157,193.28873828508276
2013-12-19 00:10:00+01:00,211.5951230251873,183.3880135411893,185.6316511474703,192.7702561461559
2013-12-19 00:20:00+01:00,183.0127720776113,190.18536857258547,190.307904543608,197.1756659756164
2013-12-19 00:30:00+01:00,178.5936488030684,185.57010319250176,184.81675429445247,189.77043145579196
2013-12-19 00:40:00+01:00,165.27506788653014,178.3760419557007,179.36951904056613,184.36748663031855
2013-12-19 00:50:00+01:00,163.18436352195585,168.6030774865709,171.17390487594085,175.75998284491504
2013-12-19 01:00:00+01:00,181.81667156983588,169.84126903489158,164.92056767243724,172.39010641055958
2013-12-19 01:10:00+01:00,165.33996728301656,170.80508086930053,166.3872698449634,175.5902348163494
2013-12-19 01:20:00+01:00,145.30887981361178,164.13744099662281,162.7633491088708,169.85437919155578
2013-12-19 01:30:00+01:00,157.3950397389333,160.0727371660892,153.9915699389427,162.61723518872003
2013-12-19 01:40:00+01:00,136.58753492221214,152.80108203031438,151.9163943879892,159.42512028022742
2013-12-19 01:50:00+01:00,141.35976101176627,140.03210017810778,144.14277731714876,149.13639138157782
2013-12-19 02:00:00+01:00,150.88871529936372,144.3228125415611,140.54669345464563,150.54381845020785
2013-12-19 02:10:00+01:00,129.732206797836,140.40676838047608,141.16216295448518,149.23087248866852
2013-12-19 02:20:00+01:00,131.15851278838662,130.01056568601376,135.38449186802953,142.27379983461188
2013-12-19 02:30:00+01:00,134.51102372750603,134.31384169883563,132.1051529798387,142.2695475476744
2013-12-19 02:40:00+01:00,115.0933487630902,127.48909326195607,131.10210059730113,139.08844543235122
2013-12-19 02:50:00+01:00,111.27065386893716,119.8097585092855,124.54272542479275,132.7642671209286
2013-12-19 03:00:00+01:00,124.08968881303119,118.99758795457814,119.13748974257805,130.61016019887535
2013-12-19 03:10:00+01:00,112.54049807723018,116.77971025175106,119.55700108253045,130.32983705529523
2013-12-19 03:20:00+01:00,115.29366944174514,114.33462486113136,116.63403102218466,126.30728213071939
2013-12-19 03:30:00+01:00,126.48833925664375,118.72780876500636,115.71568040507418,127.9128911939317
2013-12-19 03:40:00+01:00,110.68712497452134,119.83360978996473,118.6947730878259,128.34830034756087
2013-12-19 03:50:00+01:00,120.50853576330128,114.38970040990391,116.2650986076124,123.1704809826723
2013-12-19 04:00:00+01:00,131.90502590061448,120.32552113918297,117.94031667835054,126.93499400304152
2013-12-19 04:10:00+01:00,120.5226271060377,120.85374203059531,122.9445432150188,128.58285395637415
2013-12-19 04:20:00+01:00,120.45008382579478,120.3430031142308,123.34545048859037,127.58068612051835
2013-12-19 04:30:00+01:00,126.4991331750357,121.61275175139258,123.96604476533079,131.10555961754676
2013-12-19 04:40:00+01:00,111.1363070292096,119.83738667452968,126.72991367209352,130.86023026477392
2013-12-19 04:50:00+01:00,121.03851950232104,115.62519267558577,123.64735978313712,124.03260137624837
2013-12-19 05:00:00+01:00,126.2157119917862,125.12148807759088,125.24002303915702,128.62098208329638
2013-12-19 05:10:00+01:00,116.65265624920907,123.28081006962243,128.3276350036693,128.53518293214128
2013-12-19 05:20:00+01:00,116.26823378118917,122.15400527357275,127.36661632619675,126.19677727580239
2013-12-19 05:30:00+01:00,134.36256760362213,123.29265176532164,126.8061243033613,126.44109088769747
2013-12-19 05:40:00+01:00,116.41181932025916,126.7291169497658,132.9954940311805,131.51069101765157
2013-12-19 05:50:00+01:00,124.47835120519149,126.64661743676513,131.04532946976892,126.62037161078347
2013-12-19 06:00:00+01:00,139.99628370657115,133.55344677179377,133.0333127378847,132.73814764308534
2013-12-19 06:10:00+01:00,126.18685794698914,134.84916891208223,140.3735069650715,139.1259379466912
2013-12-19 06:20:00+01:00,127.6687264631202,135.28437875160594,140.60646244782487,135.21503515596436
2013-12-19 06:30:00+01:00,141.92061725730434,139.619575214065,141.5489395668983,139.95228291217308
2013-12-19 06:40:00+01:00,135.36845946797624,138.75412695566584,147.87554409093642,143.20006157689627
2013-12-19 06:50:00+01:00,137.32369917076718,147.96971166519265,149.59212166029766,143.9545094567922
2013-12-19 07:00:00+01:00,154.48257135339455,153.92482396789,151.28315194868915,149.0874036167789
2013-12-19 07:10:00+01:00,177.32286021443028,156.73025865449557,158.98612829940348,156.50708719013215
2013-12-19 07:20:00+01:00,161.13139706599162,175.98574447979735,173.2074735876696,173.11454954679508
2013-12-19 07:30:00+01:00,199.71272606645755,179.73288598207705,176.4515975105282,176.47580428598442
2013-12-19 07:40:00+01:00,188.3514876357351,193.00611412519626,194.2515994031041,201.16279577934753
2013-12-19 07:50:00+01:00,199.9549257409041,196.1854769205279,201.8785232694961,201.0485823475439
2013-12-19 08:00:00+01:00,222.78131608694716,217.31565770518839,211.30991598433747,219.22525863216566
2013-12-19 08:10:00+01:00,271.20169096820314,219.29619904943135,226.5946610834133,238.2944148569807
2013-12-19 08:20:00+01:00,255.22154429735755,254.5606612408954,256.4358783009049,274.31349272221854
2013-12-19 08:30:00+01:00,271.5017991349349,270.57347361568014,270.0563073211313,287.3082804132521
2013-12-19 08:40:00+01:00,291.8356583926649,270.0679783967833,284.74227829030195,297.79479784310575
2013-12-19 08:50:00+01:00,320.8124922253714,291.9282505475243,301.2346034776596,310.32521821776066
2013-12-19 09:00:00+01:00,344.34210354324614,330.8027293835862,322.1447337602715,331.1981645176829
2013-12-19 09:10:00+01:00,332.41260207655404,341.7012358098927,343.598040216872,355.203340708485
2013-12-19 09:20:00+01:00,366.2784971694864,346.494168991371,351.143308507763,355.9054877601288
2013-12-19 09:30:00+01:00,391.6177160414129,378.11623323028556,367.89329440409836,379.7623080800746
2013-12-19 09:40:00+01:00,436.46368891528397,381.21151944162244,386.55512082421444,385.9414272706343
2013-12-19 09:50:00+01:00,385.00469120493153,426.69361955587607,413.48417960985097,418.2001386122417
2013-12-19 10:00:00+01:00,398.8872501706179,421.59614012859333,411.3264808661674,403.8876539016277
2013-12-19 10:10:00+01:00,420.68767624852785,415.32585044066695,415.2394922884583,413.74205870192975
2013-12-19 10:20:00+01:00,392.2158716673241,429.16838115470836,424.6294527753843,413.67505837660195
2013-12-19 10:30:00+01:00,403.9306398029127,437.50834760088804,419.5739581953842,412.06362581249573
2013-12-19 10:40:00+01:00,458.5356144807682,424.7899437299539,420.62783524432854,418.21862933464126
2013-12-19 10:50:00+01:00,422.3771961190643,450.8195660561024,439.4541682085268,438.725843638351
2013-12-19 11:00:00+01:00,455.9033327537013,453.13689364977904,439.16708662988793,432.8199956886812
2013-12-19 11:10:00+01:00,469.6101391702806,459.66421487897384,450.8682378263225,452.3180449736819
2013-12-19 11:20:00+01:00,477.46520002711105,458.9989605009175,462.65588909853017,453.27652737416486
2013-12-19 11:30:00+01:00,437.16641543794816,482.5981553273654,472.98270011184525,463.74927319829857
2013-12-19 11:40:00+01:00,396.51616190745864,452.9578921636949,466.4729265613176,452.2193691953126
2013-12-19 11:50:00+01:00,414.63381364315114,417.4748029110284,447.85418859420133,425.41326559976835
2013-12-19 12:00:00+01:00,430.23509353685915,434.72535964960025,442.04421698899563,427.5416522759693
2013-12-19 12:10:00+01:00,461.0701811067148,425.47434271483945,442.7099964962479,434.0146794391692
2013-12-19 12:20:00+01:00,459.1676401343357,449.19198746989133,452.8261487193395,452.3821211653153
2013-12-19 12:30:00+01:00,467.8740037746532,453.9942862582592,458.85551898814003,463.47822472383564
2013-12-19 12:40:00+01:00,460.6527818789127,462.54457296562447,465.78646495161144,469.8440408785508
2013-12-19 12:50:00+01:00,452.3229768709856,454.5119027767048,468.0624797524373,469.99801253750513
2013-12-19 13:00:00+01:00,529.2573749987341,466.6211641460048,466.8606452243948,463.35808533620883
2013-12-19 13:10:00+01:00,497.7545918963261,498.89377839799624,489.0704614131318,494.27768133077285
2013-12-19 13:20:00+01:00,451.2596167132227,491.77906677075043,494.5330073617851,483.81512630997645
2013-12-19 13:30:00+01:00,479.421130927417,479.47016576484896,484.04238360914184,474.03169557672635
2013-12-19 13:40:00+01:00,471.3537742337829,476.47088997026253,486.32433118888673,483.445068236703
2013-12-19 13:50:00+01:00,432.20594170018194,476.19901298371497,484.74420559675,477.7167707660274
2013-12-19 14:00:00+01:00,441.9018808267259,468.0269533805349,470.7479795236618,468.94046530272027
2013-12-19 14:10:00+01:00,426.8171491309187,451.93705334224165,464.66404510237334,467.5205853865927
2013-12-19 14:20:00+01:00,413.50093571477333,432.31998916937374,454.9561097070393,447.1096702754289
2013-12-19 14:30:00+01:00,468.5117455127903,432.7322830844941,443.63073067069456,446.9464160248826
2013-12-19 14:40:00+01:00,400.79919577026993,436.38853162320106,453.22910624797703,465.7308596129952
2013-12-19 14:50:00+01:00,452.9089200225369,402.0698915473784,437.08738473900024,432.62176073038995
2013-12-19 15:00:00+01:00,406.1898335447619,438.49740477736316,443.44961161767594,452.920693983929
2013-12-19 15:10:00+01:00,405.88597117132775,402.5310233567487,431.8666054839998,423.20312050505856
2013-12-19 15:20:00+01:00,426.618838546702,404.9472016267229,423.95956108571886,418.0887948715718
2013-12-19 15:30:00+01:00,423.71334550693354,412.5228828336189,424.73328351352313,422.2082015012646
2013-12-19 15:40:00+01:00,437.0806704030295,406.78114046524337,423.84143127353843,419.1616872836616
2013-12-19 15:50:00+01:00,448.1838385316006,417.29725633404826,427.15917887358506,427.7435599432463
2013-12-19 16:00:00+01:00,415.28962117516585,436.094849414448,432.4705292835518,439.53635531534866
2013-12-19 16:10:00+01:00,421.0948645384106,410.1363161650752,425.60485694661475,422.74601630812515
2013-12-19 16:20:00+01:00,430.80650809899186,419.3092262015821,422.58451013556237,427.848576588403
2013-12-19 16:30:00+01:00,400.8992045026097,425.418585201707,422.95313280376354,425.69968315274116
2013-12-19 16:40:00+01:00,403.47195377604527,408.6959232378763,413.33686778309294,411.8116147926149
2013-12-19 16:50:00+01:00,413.04274995041675,402.33837637263804,407.3477285211912,411.76744697827434
2013-12-19 17:00:00+01:00,412.03054185692844,405.5067275532752,405.65871179487056,408.9947880111103
2013-12-19 17:10:00+01:00,373.65324859505137,402.7732311464637,403.7242914818907,412.49560183330243
2013-12-19 17:20:00+01:00,371.50800270944563,376.69011011958713,389.8893135993217,396.79069338676896
2013-12-19 17:30:00+01:00,403.45676572692,379.80985085976084,379.5004659262227,384.6637758341892
2013-12-19 17:40:00+01:00,367.27124920497346,376.72361156009225,381.54675958479856,392.1668932500038
2013-12-19 17:50:00+01:00,379.86522744566764,369.95239625998596,371.4857059989921,375.39753044273834
2013-12-19 18:00:00+01:00,353.2431790688122,379.3611519979085,368.3071626235279,376.8854648430184
2013-12-19 18:10:00+01:00,344.995797620998,352.68734334569564,357.4790769821132,360.85347144371
2013-12-19 18:20:00+01:00,362.71809676703117,349.30830950698754,347.28600046271185,355.6065161254667
2013-12-19 18:30:00+01:00,375.1308492850097,355.43692460159485,345.29874621286893,357.4653477147062
2013-12-19 18:40:00+01:00,343.1666589029396,354.1652648763892,347.2228079091967,357.98333271243973
2013-12-19 18:50:00+01:00,309.4369637526223,337.97442196476004,339.136599162293,345.8473083746533
2013-12-19 19:00:00+01:00,337.23997713547703,317.11182749114306,323.08358873496076,325.62182344438946
2013-12-19 19:10:00+01:00,321.13600719112134,318.0808548068041,320.38013159366704,327.02662936206065
2013-12-19 19:20:00+01:00,271.38708680376095,319.0368690147641,313.68160695550347,319.26842494219153
2013-12-19 19:30:00+01:00,312.03860757498785,287.4674765833861,293.84214304614136,296.35935636573544
2013-12-19 19:40:00+01:00,305.63813768348615,293.29230829135184,292.8588801123219,304.0082453137299
2013-12-19 19:50:00+01:00,303.15209103931534,290.22535048978625,290.48446483388693,295.45717465907757
2013-12-19 20:00:00+01:00,306.46736184232657,296.33461567392976,288.4597180698832,297.25434265000024
2013-12-19 20:10:00+01:00,272.1705670763919,292.3987632507911,288.1171833671055,295.5940857528617
2013-12-19 20:20:00+01:00,259.9729389613584,273.8900324132695,277.8173478136547,281.30397268235595
2013-12-19 20:30:00+01:00,255.39898020407333,266.7818428912828,267.05643567581797,275.30417893370014
2013-12-19 20:40:00+01:00,276.0572682788395,250.04813768663587,258.3411855826525,267.607622743662
2013-12-19 20:50:00+01:00,247.8469227742786,253.1059670623935,258.48899469659824,269.04051560958226
2013-12-19 21:00:00+01:00,206.87009497948358,248.19429407756172,250.69578950849504,262.0077552928688
2013-12-19 21:10:00+01:00,231.74824625529496,217.0122710215263,232.61691517743694,246.30346297642325
2013-12-19 21:20:00+01:00,233.31473269374715,223.35198743491108,228.1727192052965,247.6795960964435
2013-12-19 21:30:00+01:00,205.937136210458,225.89145294967065,225.7843739549886,244.18968301016548
2013-12-19 21:40:00+01:00,216.59815817651585,208.62380592973904,216.23667259365615,232.7101587326573
2013-12-19 21:50:00+01:00,221.61895729883784,210.20757298079212,212.9346124135925,233.59400968466787
2013-12-19 22:00:00+01:00,321.69820565543137,210.17926476274886,212.18306243003823,228.35309336596364
2013-12-19 22:10:00+01:00,235.24787800911838,252.34004016782285,237.50657762281895,251.91717691169734
2013-12-19 22:20:00+01:00,240.8668234193382,233.30543128207088,234.16091332001662,236.6908042514313
2013-12-19 22:30:00+01:00,234.24454596494692,245.83327721213175,233.07764884039491,238.40257198857188
2013-12-19 22:40:00+01:00,212.98722829115644,229.30923278858376,229.69925225408747,232.50733441150248
2013-12-19 22:50:00+01:00,192.55061597365096,218.18756263418427,220.33539628258205,224.41348820585853
2013-12-19 23:00:00+01:00,223.51691035701367,213.27879142703011,207.20848333489906,217.11806375553084
2013-12-19 23:10:00+01:00,210.10476557217632,214.00890545234938,207.73488495759344,220.75736145775772
2013-12-19 23:20:00+01:00,215.93354065213478,208.59675157210972,204.54717921100325,215.95069655394832
2013-12-19 23:30:00+01:00,236.02872088491486,220.70739987550039,204.33720974371357,219.7562254178702
2013-12-19 23:40:00+01:00,203.47826993417533,220.13314799253183,210.2239653980406,219.26343038067614
2013-12-19 23:50:00+01:00,199.84939715398528,202.22915246383116,204.83192142206843,209.16890436341893
2013-12-20 00:00:00+01:00,226.54163108264623,209.4435283440392,199.75696026548482,206.38282136830327
2013-12-20 00:10:00+01:00,187.0567373622199,203.93856629865417,204.07099591003603,207.18201119458212
2013-12-20 00:20:00+01:00,205.3722484676008,187.15466605820953,195.04134519022116,194.5765526432017
2013-12-20 00:30:00+01:00,197.66188913798425,197.20260469139086,194.45893246041226,200.46132378343447
2013-12-20 00:40:00+01:00,196.68939475565244,187.29978765946683,191.7654487256103,193.89573625729489
2013-12-20 00:50:00+01:00,203.68866381071467,187.4982076588854,189.6574920714536,193.4228182771494
2013-12-20 01:00:00+01:00,184.5251034665255,196.3905811960053,190.38929554545257,195.19824499879542
2013-12-20 01:10:00+01:00,173.9801608161319,181.26131366851678,185.03398573479166,186.6020809157685
2013-12-20 01:20:00+01:00,171.43691879556488,176.61744966239664,177.89750936577718,182.29378008779292
2013-12-20 01:30:00+01:00,163.2967279354199,172.42134296495854,172.16165529381124,177.0263824663126
2013-12-20 01:40:00+01:00,146.07663030437783,165.48932529114094,165.72085246285852,169.7245106613136
2013-12-20 01:50:00+01:00,149.73861867255337,154.63632021848804,155.93411488961362,161.72838821038368
2013-12-20 02:00:00+01:00,148.85658038455165,151.97146424785635,150.61031326714118,159.17080713262237
2013-12-20 02:10:00+01:00,142.46878193338588,146.09025696711254,146.89712778264922,154.0036178663613
2013-12-20 02:20:00+01:00,140.6397517742977,143.2698111909146,142.64102255852174,151.33770138366876
2013-12-20 02:30:00+01:00,147.1399844864501,140.06283496109066,139.3670937533297,147.87611555187993
2013-12-20 02:40:00+01:00,138.73960276261448,138.5560693411472,139.24943451461573,147.83153798325822
2013-12-20 02:50:00+01:00,129.70704937714555,135.87982839817033,136.92273163000328,145.29008439494618
2013-12-20 03:00:00+01:00,130.47299929303352,135.60250336645822,132.72057556132438,141.41060074200192
2013-12-20 03:10:00+01:00,112.33330073839537,126.03458265815476,130.25462010741836,138.18293695601582
2013-12-20 03:20:00+01:00,120.65232657866531,119.92229833154768,123.03972365052842,130.71679773856596
2013-12-20 03:30:00+01:00,122.0797735657398,121.39638508150033,120.9562026644447,131.96099512361408
2013-12-20 03:40:00+01:00,120.67786815030787,121.29269122845604,120.18321417117845,130.0210728117665
2013-12-20 03:50:00+01:00,110.4764072586965,120.213270727044,119.49145588490777,131.00914846195207
2013-12-20 04:00:00+01:00,110.6895350562934,114.71010971239602,116.1289030445521,126.04098287334088
2013-12-20 04:10:00+01:00,110.58661938430582,108.97849938489206,114.12946786688079,122.93251381629084
2013-12-20 04:20:00+01:00,110.99481508442065,111.64169575672466,112.94905461891106,120.7596213781049
2013-12-20 04:30:00+01:00,109.5256720523554,110.21260182250631,112.48757216268858,120.49973806351798
2013-12-20 04:40:00+01:00,109.80099888288248,107.4617428402999,111.9614893818335,119.2315679380767
2013-12-20 04:50:00+01:00,106.38981703328373,110.31018143334637,111.93694699362926,118.57433495198222
2013-12-20 05:00:00+01:00,110.83234891933712,110.50696571149749,111.10216689452382,117.14159654090395
2013-12-20 05:10:00+01:00,113.3107940992696,109.43071594481671,112.17387575749784,115.80032972688937
2013-12-20 05:20:00+01:00,115.65227153963261,113.29982122875596,113.96604792751415,117.36265143958643
2013-12-20 05:30:00+01:00,119.07108939957035,118.44815557509907,116.25507576299377,120.24655929208811
2013-12-20 05:40:00+01:00,123.66393552841804,118.41431305295066,119.27687859941591,121.58791067540056
2013-12-20 05:50:00+01:00,117.47154605576252,122.46484381575381,123.23984991311036,125.04661030613019
2013-12-20 06:00:00+01:00,123.72081595364097,123.19448499150114,124.2806496513554,125.13706727306082
2013-12-20 06:10:00+01:00,129.58825926870333,126.65725728214619,127.48070022158683,128.50549509417195
2013-12-20 06:20:00+01:00,133.05787189674666,133.50270253020557,132.0582473750472,132.93330056036686
2013-12-20 06:30:00+01:00,130.71696501370818,140.03687576340818,136.8955071368356,137.86664602902118
2013-12-20 06:40:00+01:00,124.37347473355364,136.46820218487187,139.8867252769769,140.08424401669782
2013-12-20 06:50:00+01:00,137.94266821009612,134.97477727421114,139.86246885984,137.1230250617437
2013-12-20 07:00:00+01:00,145.29468907068474,145.12991391048007,145.36438638802463,145.0025703091612
2013-12-20 07:10:00+01:00,141.15847324255162,152.53005295267712,152.37529606324168,150.9667856207091
2013-12-20 07:20:00+01:00,176.91716600589922,156.56033808044936,155.92260530776778,154.65801522226414
2013-12-20 07:30:00+01:00,186.33917236191556,174.04547889293747,172.7851670116235,177.0667538316975
2013-12-20 07:40:00+01:00,208.56851973983223,184.90989613361813,189.44754349065687,188.62316624257488
2013-12-20 07:50:00+01:00,220.19368816795625,208.68572225333733,211.1818250877221,214.68444434465422
2013-12-20 08:00:00+01:00,236.61428064224003,219.10279064516263,232.22324601148077,233.75564716072435
2013-12-20 08:10:00+01:00,248.43964494912774,236.08903743301605,254.0389115783396,254.82897834842214
2013-12-20 08:20:00+01:00,236.1525027689134,255.32230409533867,273.34282168608183,274.36094869659473
2013-12-20 08:30:00+01:00,270.6395490004523,258.9133229957259,278.2525250045064,275.1460297519769
2013-12-20 08:40:00+01:00,294.07271704146444,277.31388716300546,294.4384265656281,302.96958965654215
2013-12-20 08:50:00+01:00,309.89823039958463,296.91031147985245,312.66373148191815,315.5311617616935
2013-12-20 09:00:00+01:00,289.10021608151766,321.81901235549594,329.116928934418,332.9248794012451
2013-12-20 09:10:00+01:00,320.02071247280026,317.47563756897125,328.30222107866086,321.6521197012814
2013-12-20 09:20:00+01:00,303.35361916421044,328.0864870486199,339.1081740418526,337.0518475114471
2013-12-20 09:30:00+01:00,327.6207775105853,329.93412310103844,336.5060277026006,329.57875109169146
2013-12-20 09:40:00+01:00,358.97170329568263,341.9527220630545,343.36372293927053,342.33985813154976
2013-12-20 09:50:00+01:00,346.2719275061926,358.1431932132856,358.4042015531254,360.50623264882
2013-12-20 10:00:00+01:00,350.805068520164,364.01133158004455,361.9490453437084,362.0306676498528
2013-12-20 10:10:00+01:00,358.6340217233583,354.8046634962894,365.268601081429,363.88200307057537
2013-12-20 10:20:00+01:00,347.3608429219392,365.53669098296973,369.4316008128208,364.58632199029813
2013-12-20 10:30:00+01:00,380.91196905947834,362.89368097212923,366.9013951402348,355.76932262531164
2013-12-20 10:40:00+01:00,365.66444998928955,381.2962682115524,377.19189397977385,371.38545553413263
2013-12-20 10:50:00+01:00,361.81263630028985,380.55188455873906,377.629871505879,364.09162836570766
2013-12-20 11:00:00+01:00,371.92752284228646,379.5719093609513,376.38838161570385,365.85130521084943
2013-12-20 11:10:00+01:00,357.80758212160464,385.0581663655214,378.9190103774133,374.79795017741617
2013-12-20 11:20:00+01:00,360.27294497950567,375.16979753383333,375.0073517643904,366.14493629697
2013-12-20 11:30:00+01:00,408.601503570212,379.6130756337196,373.1869687218541,369.44104644080664
2013-12-20 11:40:00+01:00,399.90592040885775,391.6107790255027,388.2203877873811,387.7528788048987
2013-12-20 11:50:00+01:00,359.95299961114165,403.711266947357,395.17606849192725,387.47078971179013
2013-12-20 12:00:00+01:00,392.18109870381744,387.6221041184114,385.93661341026666,379.8207749227936
2013-12-20 12:10:00+01:00,379.5037405346095,383.67902735804455,391.1753786278142,392.5008993549895
2013-12-20 12:20:00+01:00,376.4095794226275,376.61348739357527,389.7146059775472,384.5355466122534
2013-12-20 12:30:00+01:00,411.9148459044762,387.56378456478245,387.6100106485691,385.6808886155272
2013-12-20 12:40:00+01:00,386.79737836011947,398.65456529998517,397.83648061087655,398.5481939630862
2013-12-20 12:50:00+01:00,365.7477683663377,384.0567063316774,396.1521485012007,386.6371485618629
2013-12-20 13:00:00+01:00,395.7479203187571,384.281315570224,387.806109785851,383.87352538043774
2013-12-20 13:10:00+01:00,394.49823088518997,388.7437949750693,392.2288281586606,392.17501861869926
2013-12-20 13:20:00+01:00,404.0212586690886,391.67133438110426,394.37231293611103,388.0673069887818
2013-12-20 13:30:00+01:00,403.6293643478324,411.33182257456633,398.9269019124597,399.0466593780452
2013-12-20 13:40:00+01:00,349.44400385492077,403.01370118417043,401.77854560269117,397.2332151564806
2013-12-20 13:50:00+01:00,389.8939111352538,370.58607809769666,384.80608973943754,374.10803738781954
2013-12-20 14:00:00+01:00,418.99681197315346,386.5371235378574,387.36384120065713,391.28775969602924
2013-12-20 14:10:00+01:00,385.54450093762756,395.0797450101075,397.70898216870154,393.1425971075644
2013-12-20 14:20:00+01:00,336.6770426931487,392.9992740787192,394.0157878544286,384.8985260518951
2013-12-20 14:30:00+01:00,374.85391065946806,373.04682559065617,374.47478819130237,368.7674312593419
2013-12-20 14:40:00+01:00,350.2865334151865,366.9266389409606,374.41341086054393,371.3375608095176
2013-12-20 14:50:00+01:00,347.0375014606306,353.55179099533547,365.47612160532,361.7622576969146
2013-12-20 15:00:00+01:00,397.37460573862336,362.80722630262886,358.3368857998391,363.5827096501083
2013-12-20 15:10:00+01:00,377.0150646697888,371.33346458428144,369.2736253853006,373.48967998900264
2013-12-20 15:20:00+01:00,387.244057876835,364.75370450424975,370.4038956349589,367.04363794598186
2013-12-20 15:30:00+01:00,365.9103569901846,384.86392926814966,374.4849929844504,377.314542978401
2013-12-20 15:40:00+01:00,366.6525553979485,362.7304531254477,370.1646948800622,364.0054269978973
2013-12-20 15:50:00+01:00,361.98224974048946,366.24173697530347,367.16478756387716,361.3066731782139
2013-12-20 16:00:00+01:00,400.14048745081794,370.3575780651638,363.16204194096474,358.99820501782
2013-12-20 16:10:00+01:00,339.3374662217686,381.4246389609544,371.8405264053225,369.44310318205765
2013-12-20 16:20:00+01:00,376.03205160852787,355.1899854743993,358.21176533881624,350.06663546398926
2013-12-20 16:30:00+01:00,375.34508269805013,369.9742894214208,360.664601256323,366.5672609089379
2013-12-20 16:40:00+01:00,343.7970464228126,360.8059393030976,361.6028554250622,361.39762753612814
2013-12-20 16:50:00+01:00,334.7427791794179,355.6028312850571,352.0998380345832,354.5332554420475
2013-12-20 17:00:00+01:00,376.4347955606825,345.60192278830084,342.4603976787279,346.64101380590165
2013-12-20 17:10:00+01:00,353.91429928307434,352.6074945413398,348.19360400865065,353.9455122226488
2013-12-20 17:20:00+01:00,330.53957623049564,351.2299368764007,345.19479982930176,348.89722271342436
2013-12-20 17:30:00+01:00,329.3038903090845,346.27068852036825,335.75348873886503,345.55201135056797
2013-12-20 17:40:00+01:00,306.8544451527414,321.3125341733178,328.62401149471,336.81495371471897
2013-12-20 17:50:00+01:00,320.2345354191197,314.47822024897414,316.33477916344015,324.5077534412532
2013-12-20 18:00:00+01:00,344.3050112144928,331.44479165353397,312.0188012193048,328.0429264205296
2013-12-20 18:10:00+01:00,322.92934660341746,328.57249554661,315.9595026784624,330.178727846296
2013-12-20 18:20:00+01:00,291.3426140803558,318.0719970434456,312.58482025271815,324.82395434112345
2013-12-20 18:30:00+01:00,308.2242898278075,306.6950829054403,300.53663191146575,314.0986111367523
2013-12-20 18:40:00+01:00,281.61542506833956,293.6666648360813,297.28539325054317,311.7931059008169
2013-12-20 18:50:00+01:00,283.54487539635954,284.59440449209313,286.8753135607422,297.27015632971916
2013-12-20 19:00:00+01:00,268.4672781470584,289.63385111786624,280.4584235908251,294.0091467300861
2013-12-20 19:10:00+01:00,240.45012626772197,259.60019465984675,271.57622312955243,283.80052843520656
2013-12-20 19:20:00+01:00,259.4979267695976,238.64230365658926,256.95483010029784,269.0716880219576
2013-12-20 19:30:00+01:00,253.69563735905302,256.6599063940539,253.01611448516843,273.0730871784541
2013-12-20 19:40:00+01:00,251.2616367051219,243.19420746968697,248.8556911997856,263.41865053606034
2013-12-20 19:50:00+01:00,273.0318831058349,241.0623166156465,245.54757282899135,263.5461827197144
2013-12-20 20:00:00+01:00,251.41023905204162,251.5490735280316,249.59037219441154,268.0420420706696
2013-12-20 20:10:00+01:00,253.25637780641213,245.73016396567627,246.40397529248398,258.75359644976436
2013-12-20 20:20:00+01:00,242.06163549602724,243.35141544289576,244.65175379713605,259.4930589829807
2013-12-20 20:30:00+01:00,241.3818243753612,240.38191567765557,239.96242900732676,252.60844536973656
2013-12-20 20:40:00+01:00,229.14762701833158,233.24760487467108,236.40469562809614,250.66548096994754
2013-12-20 20:50:00+01:00,213.60077434564835,237.86769213986307,230.22066506133558,245.1617035562779
2013-12-20 21:00:00+01:00,231.06713237100462,227.79608174837776,221.17297724697806,236.15187498284052
2013-12-20 21:10:00+01:00,225.8997111908187,219.27109270147605,220.19917264076972,237.2503747912113
2013-12-20 21:20:00+01:00,238.021312284969,223.0917171441385,218.22337564818628,233.99336311517789
2013-12-20 21:30:00+01:00,220.26370454321534,235.16704472449797,220.53569223382368,236.09378486639136
2013-12-20 21:40:00+01:00,184.10243449540135,220.0971972752514,217.05776408965562,228.79012731579647
2013-12-20 21:50:00+01:00,190.42172935186923,197.2805139098913,203.00495890784566,214.58499286084736
2013-12-20 22:00:00+01:00,230.0809598233703,196.89155867418665,195.37047305318274,209.58927291086403
2013-12-20 22:10:00+01:00,206.3024165458706,204.8399000476703,201.53971619664915,215.65706259815073
2013-12-20 22:20:00+01:00,215.00984304983345,205.89230229442342,199.67691566048495,211.72776819286221
2013-12-20 22:30:00+01:00,223.54946132753693,214.4859749574555,201.04994651547506,216.79698405681563
2013-12-20 22:40:00+01:00,201.63764012361656,207.0017227485745,204.5634810437516,214.48421359005758
2013-12-20 22:50:00+01:00,202.92583654812117,207.45003821388357,200.38515326967752,208.89413161331578
2013-12-20 23:00:00+01:00,227.14656850268813,206.3621217959304,197.6514283362501,207.7442280849623
2013-12-20 23:10:00+01:00,180.1758492189804,210.29035520793423,202.8363250310208,211.38392589846956
2013-12-20 23:20:00+01:00,205.51768281391392,194.68665823900616,191.89339362310133,199.38767041328342
2013-12-20 23:30:00+01:00,198.92278555994343,203.8862321193332,192.23682540093625,205.13331327199728
2013-12-20 23:40:00+01:00,187.8820175627582,192.34969569319418,190.57019651659914,196.8384000255665
2013-12-20 23:50:00+01:00,199.51550209318964,193.7205305202146,186.06192096345333,194.22193049066888
2013-12-21 00:00:00+01:00,182.43813602011568,193.52136063192293,186.54484717858054,196.31992617255207
2013-12-21 00:10:00+01:00,219.5537597387097,182.92798500386942,181.6943808207188,186.8214188261683
2013-12-21 00:20:00+01:00,202.25441532273337,202.37758518840118,189.4736732309148,198.52159260134908
2013-12-21 00:30:00+01:00,182.85145994602607,193.78886618133103,190.34698574146054,194.84505286965916
2013-12-21 00:40:00+01:00,167.86641688613182,179.68407030781066,184.73744663933888,188.97313279144015
2013-12-21 00:50:00+01:00,183.8588842031624,171.71626881046762,175.7045246241559,180.90559654037315
2013-12-21 01:00:00+01:00,166.21534225722164,178.05985863350432,174.57427390001956,180.51180745112322
2013-12-21 01:10:00+01:00,151.49697292572517,167.72619260939172,168.33098831828525,173.62917847332974
2013-12-21 01:20:00+01:00,159.34565575742957,160.81620571114507,159.377513352652,168.19040766988053
2013-12-21 01:30:00+01:00,150.0853458633915,157.71479969230032,155.95067080587054,166.27710293432952
2013-12-21 01:40:00+01:00,151.3340096473106,148.74612718285627,150.92884294465236,159.647366418679
2013-12-21 01:50:00+01:00,150.81716001775865,151.59295970114968,148.10713465933145,159.3280742806326
2013-12-21 02:00:00+01:00,150.41808542338285,148.85462947936003,146.25947419273555,156.65759992377988
2013-12-21 02:10:00+01:00,140.84453361319805,142.17854155630786,145.12262212298148,155.201706184825
2013-12-21 02:20:00+01:00,131.63773789872033,140.10344143835152,141.57951625615027,151.54251165768224
2013-12-21 02:30:00+01:00,133.3411032865034,132.17825358048486,136.37980775135955,144.98475766707463
2013-12-21 02:40:00+01:00,127.537881284569,124.77713716681941,133.55984764109093,141.85718539376464
2013-12-21 02:50:00+01:00,125.2789000743734,128.73830615885987,130.01964487084194,139.91494599833044
2013-12-21 03:00:00+01:00,129.846133225498,126.3106592336951,127.11905305016472,136.09725968255788
2013-12-21 03:10:00+01:00,117.3176384707561,124.12614723524271,126.79754811883096,135.70058258851543
2013-12-21 03:20:00+01:00,124.63311588748381,118.78703485961422,122.90634371333678,129.66149057126262
2013-12-21 03:30:00+01:00,120.69325585793794,122.74333194397428,122.79604157432632,131.08653612696722
2013-12-21 03:40:00+01:00,122.20177136023742,119.40982622916485,121.78413756739006,127.73121236761574
2013-12-21 03:50:00+01:00,125.36942679813465,124.12584704959276,121.84717432841411,128.70233943541427
2013-12-21 04:00:00+01:00,125.1138877815231,125.7689407224524,123.21328285867772,129.51078265372257
2013-12-21 04:10:00+01:00,117.90599611601439,121.80931303399434,124.44893691770982,128.48105922654935
2013-12-21 04:20:00+01:00,114.6200023230409,120.22845968227199,123.28175565998662,126.25443821384131
2013-12-21 04:30:00+01:00,131.9393627169658,117.37971460463645,121.66074222006289,123.58451797500216
2013-12-21 04:40:00+01:00,118.24543898929647,123.7633376766541,126.48284430024695,129.08999747951802
2013-12-21 04:50:00+01:00,125.18788116308946,120.20019379695071,125.67376728012718,125.56494879449399
2013-12-21 05:00:00+01:00,122.69038843034666,124.28124217876665,127.84226429239064,129.4396290196371
2013-12-21 05:10:00+01:00,109.16752619818399,122.20993488390928,128.8099047195423,127.0154861803637
2013-12-21 05:20:00+01:00,118.43360266251828,119.709444228696,124.78381890224532,121.18424432599458
2013-12-21 05:30:00+01:00,122.5235798914194,121.84500185050501,125.62867671723946,123.53465659048015
2013-12-21 05:40:00+01:00,106.35411063050651,123.73271717245062,127.79558963239586,124.18153952296105
2013-12-21 05:50:00+01:00,117.52056912032302,121.25600642186784,123.3768966613739,118.7678478154726
2013-12-21 06:00:00+01:00,118.75847267234892,122.48248169548611,124.70467822986582,122.1905457785961
2013-12-21 06:10:00+01:00,104.0108358126059,120.14036863906098,126.13158702410013,119.7680300961419
2013-12-21 06:20:00+01:00,111.61756597124696,120.54654307359222,121.48694269717186,114.74054620109031
2013-12-21 06:30:00+01:00,108.56528669386113,122.18606206019994,121.31604717187655,117.0164032313238
2013-12-21 06:40:00+01:00,106.19184793377588,115.18206328087284,119.92458600438128,113.18910852861005
2013-12-21 06:50:00+01:00,106.50048566320734,117.57654460083066,117.96489971992382,112.92399312172964
2013-12-21 07:00:00+01:00,117.6557219303906,116.12354810819333,116.61440683592996,111.7272151080802
2013-12-21 07:10:00+01:00,108.20365419893069,119.16343215295626,119.5846623641937,116.13420202316777
2013-12-21 07:20:00+01:00,126.8512601000739,118.62588373713047,118.0218719941513,112.8169678701128
2013-12-21 07:30:00+01:00,134.52139428694048,130.94533551122797,123.5592005825143,124.56788122907646
2013-12-21 07:40:00+01:00,133.02584491351865,133.44751696548028,130.1594053482062,129.01911781543208
2013-12-21 07:50:00+01:00,199.15227914821256,138.68002109954404,134.37667623982856,135.1426286288683
2013-12-21 08:00:00+01:00,138.7704091427087,171.0619792938221,160.2471585729477,177.36520954511636
2013-12-21 08:10:00+01:00,118.52369021548753,151.46501063048058,157.75452414602972,154.53009198202002
2013-12-21 08:20:00+01:00,132.0373056477451,147.4010310037316,146.6071129113934,150.73060788811364
2013-12-21 08:30:00+01:00,132.37861781787643,143.99102839203815,144.3533963945399,147.64608608503374
2013-12-21 08:40:00+01:00,140.64569786440683,140.96610305651936,141.99742828599662,142.97258920342128
2013-12-21 08:50:00+01:00,159.4423798482712,154.12399448341955,142.914139673197,156.08631432376023
2013-12-21 09:00:00+01:00,151.2251659671298,162.51943506042932,150.00671888638382,165.84356406400096
2013-12-21 09:10:00+01:00,170.3324665050047,154.73472679406765,151.8550787298923,162.4033740331917
2013-12-21 09:20:00+01:00,178.69403686459316,177.15237800074613,160.09685736776706,172.45060559489258
2013-12-21 09:30:00+01:00,185.44736223613958,178.93007318655552,169.03266196602445,179.10925986862787
2013-12-21 09:40:00+01:00,201.6822494091099,181.62109363887149,177.87127569450328,192.1487968339468
2013-12-21 09:50:00+01:00,192.4222073846598,198.43279936947815,190.09274038418414,215.65384001830685
2013-12-21 10:00:00+01:00,182.36609069655833,197.1084370483202,194.76808047449742,214.12657424989507
2013-12-21 10:10:00+01:00,194.1425515001932,192.66470677941308,193.18667997873246,208.66322993405868
2013-12-21 10:20:00+01:00,216.9710489480041,200.63417760932302,196.0359854641216,212.31218177938632
2013-12-21 10:30:00+01:00,190.7907990529903,214.69331864777084,205.90420791012787,227.40792160055906
2013-12-21 10:40:00+01:00,243.40971677336702,205.44228526214965,202.11051491567426,209.65047811066097
2013-12-21 10:50:00+01:00,190.12512195978812,240.28269428952663,218.6648582890002,248.07008236903994
2013-12-21 11:00:00+01:00,185.51223714991573,209.4987176654072,209.50672207592964,215.07959891208534
2013-12-21 11:10:00+01:00,198.76375696601085,209.21478161007212,201.6424350709663,214.68179801756628
2013-12-21 11:20:00+01:00,186.658307712529,211.03795418249388,201.13977334823093,217.48307994190702
2013-12-21 11:30:00+01:00,194.07503164715695,203.30717662326373,196.05933835287772,201.85703923235837
2013-12-21 11:40:00+01:00,174.01619031864647,205.17695642234725,195.4226515999414,208.98052981043784
2013-12-21 11:50:00+01:00,215.9086813987376,192.4275269934638,187.76900387067272,192.1988745089173
2013-12-21 12:00:00+01:00,226.22017516512906,203.776129607236,197.09689498167918,208.25854383536662
2013-12-21 12:10:00+01:00,212.2599060054074,216.916100278158,207.26280100362183,216.5848813429949
2013-12-21 12:20:00+01:00,205.27014086254496,221.85781111199577,209.93413515137593,217.92106844331838
2013-12-21 12:30:00+01:00,202.56545353900336,210.56694850571878,209.2831027652831,213.56331549194763
2013-12-21 12:40:00+01:00,177.00521848146764,209.19025510943362,207.64506633381419,209.80900563420843
2013-12-21 12:50:00+01:00,179.55933702775795,200.56178946241803,196.88662128266827,194.9823092263696
2013-12-21 13:00:00+01:00,183.2311346203193,195.6847567615903,190.75607250171183,195.12700850277326
2013-12-21 13:10:00+01:00,176.4473808079792,188.27933885389126,187.92361857287102,192.3893265551111
2013-12-21 13:20:00+01:00,181.52118215802437,191.89092776690555,183.81531500468932,188.0478472734304
2013-12-21 13:30:00+01:00,180.92865721819726,192.5647939593132,182.9470293189139,186.6075332710925
2013-12-21 13:40:00+01:00,188.7539917866208,186.43922631681656,182.3146874936156,183.2830589464479
2013-12-21 13:50:00+01:00,149.59572158608208,189.57014866585297,184.6041083702846,188.86973636559478
2013-12-21 14:00:00+01:00,176.43615885175072,168.79478985550236,172.54548897803969,169.4585440075144
2013-12-21 14:10:00+01:00,198.15216048477484,178.31712645689694,173.76762950982385,179.24065823425738
2013-12-21 14:20:00+01:00,206.72464958126963,184.51651131727397,181.530256359402,185.31781163015842
2013-12-21 14:30:00+01:00,233.14550041383276,200.28875611186766,190.13561628353511,199.0610725154683
2013-12-21 14:40:00+01:00,259.76550728836844,214.90643369556165,205.00051887882512,218.3170189747025
2013-12-21 14:50:00+01:00,202.9834189607285,242.08866104848076,224.64966321377125,232.91748030151717
2013-12-21 15:00:00+01:00,208.60225968082523,217.76095785415566,218.88671664925835,219.57498444277917
2013-12-21 15:10:00+01:00,191.183579339036,217.58311545841025,216.4685733963412,222.42405999629457
2013-12-21 15:20:00+01:00,189.78036289768107,207.8647067451825,207.67223385549897,208.34287955467852
2013-12-21 15:30:00+01:00,205.43433833342976,204.0346699884767,201.00305766043664,210.42525167978923
2013-12-21 15:40:00+01:00,201.48084759320224,210.84452101730508,201.91146987902613,217.7336800470737
2013-12-21 15:50:00+01:00,172.71072338630685,205.76788742374566,201.39846390851395,213.4781115817389
2013-12-21 16:00:00+01:00,178.9453075990965,194.3277863181931,191.011792672389,200.57999287326624
2013-12-21 16:10:00+01:00,180.738668314977,188.0279379838673,186.45438754505076,193.5135540698902
2013-12-21 16:20:00+01:00,187.56291984904564,186.07212123529513,184.06321260099335,186.27255938894112
2013-12-21 16:30:00+01:00,176.5962809524185,185.54192606993422,184.87511058530097,190.37083837465886
2013-12-21 16:40:00+01:00,165.0728146109179,178.01394891856512,181.96003090933863,186.83754442405552
2013-12-21 16:50:00+01:00,169.1847976974425,167.87079763807404,176.07699041143053,178.51775808878307
2013-12-21 17:00:00+01:00,167.91912273011204,171.62792662924377,173.48770949224476,177.7856797782593
2013-12-21 17:10:00+01:00,176.32154523884947,166.96137751899536,171.32343730166605,172.75817041447922
2013-12-21 17:20:00+01:00,158.4094288608118,173.9348581348183,172.65275532377234,174.97874390093412
2013-12-21 17:30:00+01:00,175.97953731168175,168.51112222601088,167.69062150197578,166.83521504206036
2013-12-21 17:40:00+01:00,152.85696586262617,173.5776077168775,170.06769660999743,173.63292509757275
2013-12-21 17:50:00+01:00,179.72630372179063,160.0672003532481,164.04012928945005,160.90686655625606
2013-12-21 18:00:00+01:00,167.4290779599017,175.37722416839705,168.65055646887984,175.33000193542608
2013-12-21 18:10:00+01:00,159.60510707189462,172.20282894551912,168.07349115221308,170.26935249455912
2013-12-21 18:20:00+01:00,153.86522803948694,164.0987617916185,165.0156958525441,166.39454421605444
2013-12-21 18:30:00+01:00,187.02912123335986,163.52717594957346,160.88818437149817,161.67637342897066
2013-12-21 18:40:00+01:00,149.56785132593913,171.98822452434325,168.6466318420009,171.6173898942955
2013-12-21 18:50:00+01:00,150.7366152141277,158.6504323670021,161.87218447179478,159.38531310417218
2013-12-21 19:00:00+01:00,170.44524522580377,160.8877405085638,157.6324175672055,162.00299575350266
2013-12-21 19:10:00+01:00,164.49699468791286,164.28684417201342,161.13872262478262,164.76222325016545
2013-12-21 19:20:00+01:00,163.0617357625754,163.36597576360242,161.8513983620789,163.83600594698467
2013-12-21 19:30:00+01:00,164.9501228055884,168.5527701998735,161.96283375601973,167.5815900752192
2013-12-21 19:40:00+01:00,156.92893986982574,164.234430661194,162.7172596351245,165.82523847354886
2013-12-21 19:50:00+01:00,164.3372298562776,160.02356390246007,160.5014039535472,162.460702374379
2013-12-21 20:00:00+01:00,177.2774485685737,166.06206513010622,161.45652049552237,166.45970638551142
2013-12-21 20:10:00+01:00,172.05244651463133,170.4871610123557,166.5273685160342,170.96491889175283
2013-12-21 20:20:00+01:00,162.90594835051374,174.11182490667852,168.5872967346352,171.8247758591968
2013-12-21 20:30:00+01:00,156.93756086098043,168.22149660010305,166.84246861356382,170.67241276740526
2013-12-21 20:40:00+01:00,175.70867079573802,158.3881862237619,163.39959258944685,163.5039854513243
2013-12-21 20:50:00+01:00,167.4575497222076,166.59490290070084,167.46296378982663,170.74765137172656
2013-12-21 21:00:00+01:00,164.30371954963567,167.80281275426992,167.63100237046137,168.93228507376296
2013-12-21 21:10:00+01:00,163.96215728902044,163.32922878309628,166.68177282911446,168.91069111022682
2013-12-21 21:20:00+01:00,188.67261180410347,163.12802094840998,165.91721835594853,166.14960409016467
2013-12-21 21:30:00+01:00,143.4961658417563,178.56512629618769,173.9386952552499,177.55310595545018
2013-12-21 21:40:00+01:00,156.20803617182236,158.25683175162038,163.23504444576344,159.24846304026775
2013-12-21 21:50:00+01:00,181.3342827569636,165.21308256173091,160.7691063090366,165.3398784451041
2013-12-21 22:00:00+01:00,149.80502993979547,169.54606825997578,167.66946857582204,172.6114211651834
2013-12-21 22:10:00+01:00,146.9102985290438,157.28296696707372,161.60448457835975,160.6317402516759
2013-12-21 22:20:00+01:00,158.9348586402418,158.21830760239447,156.48484840847888,159.95225651238732
2013-12-21 22:30:00+01:00,146.8003194321221,158.9338225345891,157.23483518930865,159.29287829165423
2013-12-21 22:40:00+01:00,207.00111951564566,150.88077985800814,153.5964312499175,153.54572339303186
2013-12-21 22:50:00+01:00,194.73098811246402,183.73951816684223,170.70885391264073,184.36760733709156
2013-12-21 23:00:00+01:00,219.75254592588246,181.11243224701772,180.57220943951475,183.29381510191067
2013-12-21 23:10:00+01:00,212.66878406582848,200.55160041497177,196.7342466983866,207.03121989927885
2013-12-21 23:20:00+01:00,192.5583193610749,201.1015770006399,206.28483914936535,210.5191450712639
2013-12-21 23:30:00+01:00,154.48995843857367,196.5746220738671,204.7110171517925,201.29774066489398
2013-12-21 23:40:00+01:00,145.22711549359067,175.49375935058896,186.88345685051155,183.00440742805236
2013-12-21 23:50:00+01:00,156.5848062287659,165.56971351025754,171.3519889579517,168.49846949714708
2013-12-22 00:00:00+01:00,165.41101754044624,164.39059874349297,165.54580130883127,168.10315606547982
2013-12-22 00:10:00+01:00,152.62910817921508,168.4178174848823,164.84011192686373,170.9924444306968
2013-12-22 00:20:00+01:00,164.75124878935682,160.54483216772732,160.266794800498,166.07207953179653
2013-12-22 00:30:00+01:00,154.3523619209042,159.48308676614025,161.61235919704131,167.55796674276976
2013-12-22 00:40:00+01:00,161.13477922997714,158.5790548754186,159.24153765544358,160.19340744612268
2013-12-22 00:50:00+01:00,171.04141507834152,158.03625315957012,160.0619783691849,161.1759969083697
2013-12-22 01:00:00+01:00,161.6614089292877,162.57678730189625,164.04381725061532,164.66536096670822
2013-12-22 01:10:00+01:00,154.534816529022,155.7268996304692,163.7497520585723,164.25749758105073
2013-12-22 01:20:00+01:00,167.98800176045827,151.7142642898039,161.03578631220614,163.18096128824797
2013-12-22 01:30:00+01:00,182.8850981984124,154.4257633363983,163.70283178477325,162.95273091145214
2013-12-22 01:40:00+01:00,150.25658288529814,167.63334881780474,170.52429765072543,171.74875752508524
2013-12-22 01:50:00+01:00,157.15145288947667,156.85482483492277,163.91855192140576,159.303091255352
2013-12-22 02:00:00+01:00,148.3983192414271,157.36547155618507,161.89735015436682,160.4399435146495
2013-12-22 02:10:00+01:00,130.67526017966097,152.20776716295495,157.35655432203916,153.14347458209485
2013-12-22 02:20:00+01:00,149.16549350428767,141.23383212351936,148.01284957431892,144.91097843977786
2013-12-22 02:30:00+01:00,145.57995483712912,143.25408863117326,148.12151561660968,152.1423037305904
2013-12-22 02:40:00+01:00,132.01508517325667,142.15115291041678,147.10781486099992,150.4503594533487
2013-12-22 02:50:00+01:00,139.0951445961523,140.62699293512478,141.99708522599744,143.51197682220078
2013-12-22 03:00:00+01:00,131.95244021258705,136.8256460851465,140.97150388315498,143.3103813310674
2013-12-22 03:10:00+01:00,122.29981940202707,128.462883991133,137.97000869088015,134.72288581690498
2013-12-22 03:20:00+01:00,129.4190808524349,129.3874242946426,132.75532779957507,131.83936358735733
2013-12-22 03:30:00+01:00,117.50992708281835,128.40934045373618,131.55580445130963,133.50926694376065
2013-12-22 03:40:00+01:00,122.54684052879257,119.7639904914072,126.87122219685043,124.6910392111411
2013-12-22 03:50:00+01:00,116.48724574329933,125.75722802240801,125.31356113220441,127.30879444371769
2013-12-22 04:00:00+01:00,108.66286015418619,119.14649894801818,122.30708678415523,120.17499934515918
2013-12-22 04:10:00+01:00,107.04400883907522,111.71433516636819,117.7363797964753,113.15562924773863
2013-12-22 04:20:00+01:00,125.3353659030056,115.69536153988673,114.11015103917316,111.58858780524334
2013-12-22 04:30:00+01:00,120.24188279166648,115.82801793562638,117.0491132375092,116.55758450551366
2013-12-22 04:40:00+01:00,110.82408966968902,113.65038662221019,117.70203106822407,116.47793441464273
2013-12-22 04:50:00+01:00,111.04855777525687,114.87814564590354,115.26085867776824,115.69680934196093
2013-12-22 05:00:00+01:00,105.34055378741738,108.5384430568522,113.694065650356,114.5330437102445
2013-12-22 05:10:00+01:00,105.36647676099292,102.5179591875645,110.78279851357203,109.12292531796137
2013-12-22 05:20:00+01:00,101.66247649910076,109.3881384395937,108.7991853583297,110.21307445213672
2013-12-22 05:30:00+01:00,96.3696249676659,104.95369421501259,106.27647410462087,107.45111948101491
2013-12-22 05:40:00+01:00,95.22995264384512,100.79478889323818,102.92450395586582,104.75083441853513
2013-12-22 05:50:00+01:00,99.73727920448012,102.52746065185393,100.36781953828944,102.76931380333738
2013-12-22 06:00:00+01:00,101.26749712650827,103.97727287554102,100.04882188148468,102.15861669223275
2013-12-22 06:10:00+01:00,100.0255378642379,106.44097445812055,100.37578947599265,103.00205059756205
2013-12-22 06:20:00+01:00,100.17872269266287,105.5905161609877,100.37986849209192,105.08078549412106
2013-12-22 06:30:00+01:00,105.79800729113404,102.68012863702347,100.61561801852565,104.54503506885892
2013-12-22 06:40:00+01:00,98.08233714159942,104.025847505885,102.69634035708485,106.87229392928754
2013-12-22 06:50:00+01:00,102.49061365542003,103.6960272118243,101.92997563140898,106.02698241870209
2013-12-22 07:00:00+01:00,106.0429051526364,103.5886807992276,103.02082241336562,108.39092204210294
2013-12-22 07:10:00+01:00,103.27335504254043,104.35949441578298,105.09031857469566,111.29646409503707
2013-12-22 07:20:00+01:00,103.6840128220495,106.33204958721136,105.82500389611023,111.7550120543423
2013-12-22 07:30:00+01:00,111.96741974063532,104.40341236868441,106.65470620632078,111.35330020356854
2013-12-22 07:40:00+01:00,109.82198052697032,108.28600542487204,110.13466066980654,114.88502435035902
2013-12-22 07:50:00+01:00,103.96183970236933,111.70163437362572,112.04594198627396,116.9425781317195
2013-12-22 08:00:00+01:00,123.02160430979795,112.09513373721667,111.46961816049914,114.78128349176168
2013-12-22 08:10:00+01:00,104.10746880106262,123.64349798896555,117.75346427850101,125.2658811304869
2013-12-22 08:20:00+01:00,106.030628129639,116.79367768699369,115.5407821173777,118.06825295941086
2013-12-22 08:30:00+01:00,113.28871317040498,118.181792802338,114.83259446530829,120.21446716212107
2013-12-22 08:40:00+01:00,116.19641819988145,118.52476644269449,116.87561025152053,121.61715576910846
2013-12-22 08:50:00+01:00,120.93363306751915,121.04865151766933,119.22307975503158,123.88858283718747
2013-12-22 09:00:00+01:00,115.5971226969751,123.2013806178076,122.49925017337466,130.3332668520392
2013-12-22 09:10:00+01:00,106.62701980908238,120.14548372698823,122.7503552048197,127.49884326371276
2013-12-22 09:20:00+01:00,131.60363492034236,115.36521269223817,119.36091788357925,122.23717429923298
2013-12-22 09:30:00+01:00,123.77466522452991,127.95256346869292,125.81671506857391,134.4315469527864
2013-12-22 09:40:00+01:00,123.53912247805754,126.41185678908657,127.3679625588907,131.83231616080698
2013-12-22 09:50:00+01:00,126.77734538686236,128.70849175002178,128.20009896052764,136.37124826726125
2013-12-22 10:00:00+01:00,159.44816841032323,128.29491054975023,129.73283691721105,138.72247057604457
2013-12-22 10:10:00+01:00,137.70558042117062,143.7500741148386,142.0501811017562,154.53097682882742
2013-12-22 10:20:00+01:00,131.36279567383642,142.8082036950591,143.11123034881774,150.4549479824281
2013-12-22 10:30:00+01:00,140.75619769787664,142.9363267827692,141.16634339484307,150.72787262339688
2013-12-22 10:40:00+01:00,133.77451827308505,142.77609219593603,143.05958716940242,153.95159750266032
2013-12-22 10:50:00+01:00,141.14359970631986,145.20976675935077,141.21338913139718,147.3233872265636
2013-12-22 11:00:00+01:00,153.49124277612333,146.74514230763054,142.3569657537521,157.2682340728331
2013-12-22 11:10:00+01:00,135.6916446898938,147.44501157152632,147.31892407173922,162.29228657699343
2013-12-22 11:20:00+01:00,133.52319049385696,143.76335017327202,143.95727165599774,156.2849646000499
2013-12-22 11:30:00+01:00,150.86903124283523,144.0348135521039,140.76467744643526,152.61969352860947
2013-12-22 11:40:00+01:00,116.06621524650672,144.47394147838492,144.56356280356673,154.30314058665502
2013-12-22 11:50:00+01:00,133.42206522130417,134.0049736450197,134.33564911334366,136.64245393858604
2013-12-22 12:00:00+01:00,140.82285396198853,138.02614525862427,134.02576872609788,147.53565893914356
2013-12-22 12:10:00+01:00,138.10989844626383,136.03065840321563,136.12953381005892,143.6090639053171
2013-12-22 12:20:00+01:00,119.35770864879696,141.4793090013475,136.73181983213948,145.15216212058155
2013-12-22 12:30:00+01:00,135.49794415418307,134.04224418373607,130.90684012664903,132.94717290462683
2013-12-22 12:40:00+01:00,135.4976739849677,134.35301593122801,132.47932838802063,135.85271595769248
2013-12-22 12:50:00+01:00,152.04085624588697,137.028816602845,133.52647239041343,135.13905457135652
2013-12-22 13:00:00+01:00,148.7933582181992,151.60544879494293,139.49690835359783,148.12339638450354
2013-12-22 13:10:00+01:00,188.99247040593718,145.83751026012303,142.85714365999704,151.6259000626186
2013-12-22 13:20:00+01:00,213.7803327907946,168.82129289074823,157.97967559697776,175.911952141699
2013-12-22 13:30:00+01:00,182.86239185247396,188.39942636280688,177.68129304012467,200.70852739323152
2013-12-22 13:40:00+01:00,161.0322599770419,185.52692813927976,182.11881808069572,195.27429678396226
2013-12-22 13:50:00+01:00,154.21241112994338,176.843654292548,176.46932652124877,188.65800321543838
2013-12-22 14:00:00+01:00,154.0707302547224,168.688859779321,169.55879334457913,178.58594690891607
2013-12-22 14:10:00+01:00,140.06177816695515,164.49611434760027,164.49239926424104,175.66190097906514
2013-12-22 14:20:00+01:00,140.9189194758516,159.8546104754887,155.7440675802597,164.5411330381868
2013-12-22 14:30:00+01:00,131.71125383071308,156.36535256222797,150.42750192958655,164.71612780309184
2013-12-22 14:40:00+01:00,138.7861059240593,142.64395664911783,143.83409696460785,149.34694999954243
2013-12-22 14:50:00+01:00,149.3072662474444,143.42808144578385,141.99935923905903,147.9498524096195
2013-12-22 15:00:00+01:00,141.23287970172603,149.83107622255505,144.2139484245677,148.84757295236176
2013-12-22 15:10:00+01:00,129.83611130626983,142.96129013623545,143.33057174812518,145.00707384937252
2013-12-22 15:20:00+01:00,154.6227472916115,135.27461714847547,139.0842492767897,139.5581609605209
2013-12-22 15:30:00+01:00,146.01459109157258,143.56129501591016,144.1577808505011,150.37710715679424
2013-12-22 15:40:00+01:00,137.37174268641786,137.60432400935036,145.0845865275275,145.1728607049901
2013-12-22 15:50:00+01:00,149.58947456807388,138.2337290392701,142.90273669154752,146.3194944601856
2013-12-22 16:00:00+01:00,169.82926646355037,143.04012578256794,145.42044877446676,150.1510147306492
2013-12-22 16:10:00+01:00,138.8369664458501,153.09221290673153,153.63443596293817,157.03608473001816
2013-12-22 16:20:00+01:00,144.2612841626372,149.39678533660594,149.1123122215278,147.14525007528428
2013-12-22 16:30:00+01:00,131.6448983978656,147.71993327872343,147.9380402162788,150.22030165626336
2013-12-22 16:40:00+01:00,135.68511137555635,137.7792263395531,142.66544231981115,141.69187274205422
2013-12-22 16:50:00+01:00,151.78917116602264,149.24720527613968,140.45869198340597,143.28183664458544
2013-12-22 17:00:00+01:00,152.49605021312368,151.6857422958513,144.1198571414468,152.44084857480144
2013-12-22 17:10:00+01:00,140.72814615120623,150.4333664965169,147.04195307557302,153.95697719424342
2013-12-22 17:20:00+01:00,146.03306710677717,150.9098699529943,145.2549926331687,153.09684450782999
2013-12-22 17:30:00+01:00,154.57940156078627,146.8868486390304,145.85443040502668,151.70278158406464
2013-12-22 17:40:00+01:00,129.27795262364597,146.0809311648405,149.09966706421847,153.7111627197192
2013-12-22 17:50:00+01:00,160.7919244541867,143.07619708878934,142.5741946940992,144.14178244271073
2013-12-22 18:00:00+01:00,157.23021204946735,151.88260538105575,148.6814657047631,163.6578379131613
2013-12-22 18:10:00+01:00,146.34408895749934,150.91391010610835,151.97426387368125,160.30267453390124
2013-12-22 18:20:00+01:00,139.71912652026035,156.6752805194613,150.5917229503876,158.94638619890657
2013-12-22 18:30:00+01:00,139.3968685166177,145.9826076736269,147.28892580346374,152.82070769934288
2013-12-22 18:40:00+01:00,140.68226014745755,139.23627443483178,144.86847853326807,146.52641600090698
2013-12-22 18:50:00+01:00,135.5088498796806,152.99154564114048,143.6024030635419,146.11254046719745
2013-12-22 19:00:00+01:00,147.31261579249164,145.33687982131568,140.9682536313367,143.2254265626811
2013-12-22 19:10:00+01:00,173.2090851820579,144.84763310554746,143.12263009398447,149.20714882802952
2013-12-22 19:20:00+01:00,162.85711315651503,160.3838050836162,153.03184055060996,164.95219896502633
2013-12-22 19:30:00+01:00,163.11284364831081,158.45172908030145,157.21387093044288,165.59697498133932
2013-12-22 19:40:00+01:00,144.97898911607876,156.16822209340887,160.37005558346112,167.40881586642368
2013-12-22 19:50:00+01:00,161.82982973659327,150.9510366456433,155.87968308863458,156.8173700137894
2013-12-22 20:00:00+01:00,182.44048350335348,153.11801855975855,158.64836958668104,165.16079674407658
2013-12-22 20:10:00+01:00,159.57093192950344,166.96563157988695,167.4847490954913,178.3458349724514
2013-12-22 20:20:00+01:00,140.98988547673005,170.0584276192699,165.71443013896175,173.60580278989664
2013-12-22 20:30:00+01:00,145.17489800270343,158.998405445423,157.42240606374085,165.48494315128653
2013-12-22 20:40:00+01:00,147.47967001539567,153.68749497094922,153.39938270566236,154.33431823740017
2013-12-22 20:50:00+01:00,167.2919251663614,160.99581265575986,151.3963337877067,151.27819387783848
2013-12-22 21:00:00+01:00,190.3361663347463,170.09223459811867,156.66695331709843,162.64131579310316
2013-12-22 21:10:00+01:00,149.99018971224862,174.55616261304854,168.15232122393377,180.86206736183894
2013-12-22 21:20:00+01:00,141.40139074428495,163.75445554945415,162.54552469781984,167.13957038355954
2013-12-22 21:30:00+01:00,127.77751854134615,160.24546752642527,155.60753877778822,158.00088846152534
2013-12-22 21:40:00+01:00,127.63937100002103,137.68923788543745,145.9508751984603,140.45412512163827
2013-12-22 21:50:00+01:00,137.36820736329503,135.18081064317073,139.63955773474063,137.70358381828996
2013-12-22 22:00:00+01:00,134.58417394852242,138.76876506783887,138.66962375861678,141.09236094792445
2013-12-22 22:10:00+01:00,116.29446177201461,130.88516033345172,137.19126551952564,138.2038507827077
2013-12-22 22:20:00+01:00,126.26027810571048,124.70442835455998,130.23231889059653,126.40419781295007
2013-12-22 22:30:00+01:00,136.0529210105018,128.2156244459058,128.95285519015877,127.61166060822589
2013-12-22 22:40:00+01:00,136.7687993256396,127.23176548242327,131.12359869863548,127.67776857205027
2013-12-22 22:50:00+01:00,130.01638096327068,138.2687780783272,132.98569432479115,131.0999998752852
2013-12-22 23:00:00+01:00,124.96101939634798,136.06919281988075,132.23474465762504,131.03172649207545
2013-12-22 23:10:00+01:00,139.7283613150972,126.91344970883858,130.08810475335798,127.3133854620697
2013-12-22 23:20:00+01:00,128.91571983451237,133.4925430723191,133.33945134378888,134.0562128737141
2013-12-22 23:30:00+01:00,138.74734337036224,134.1901875315143,132.13500895068316,130.695013774999
2013-12-22 23:40:00+01:00,123.02544630424542,138.1057966971311,134.53672844278802,137.520022316074
2013-12-22 23:50:00+01:00,122.25279193249663,130.97012789052633,130.94492852452754,127.35610211868988
