local_time,actual,ridge,lstm,tcn
2013-12-16 00:00:00+01:00,346.4602756860823,357.2632922000648,349.2700376805208,353.2294745987684
2013-12-16 00:10:00+01:00,335.47935978758,337.4466233885798,327.5185894932344,332.4980007060987
2013-12-16 00:20:00+01:00,321.9108181220995,316.796134923598,310.5177324380968,309.5825641687803
2013-12-16 00:30:00+01:00,286.600020724892,315.20283421064886,296.0748349786047,297.9623655986084
2013-12-16 00:40:00+01:00,299.6622130058684,293.64270859877865,278.15008503724573,274.5363418169898
2013-12-16 00:50:00+01:00,247.8545104406109,277.20586019740625,269.53234276149607,264.4544526103185
2013-12-16 01:00:00+01:00,235.4923578044656,258.25739466874427,251.95316223269973,238.5472130300169
2013-12-16 01:10:00+01:00,268.6986469622539,240.29317208917467,237.83171415520033,227.46540399309492
2013-12-16 01:20:00+01:00,252.07262947594268,247.40188950322934,236.5008790434929,229.03084257034402
2013-12-16 01:30:00+01:00,218.3795688570358,243.43965019042878,232.4321669702181,223.3847667311984
2013-12-16 01:40:00+01:00,231.68236946057067,228.19341059388813,222.12616300276312,214.3296602633384
2013-12-16 01:50:00+01:00,209.62328125234657,221.1348487017259,218.6623370355824,209.06102204211666
2013-12-16 02:00:00+01:00,209.11710109328376,212.41908140486663,211.39941805659245,196.7572579245396
2013-12-16 02:10:00+01:00,235.20218140229807,212.1891211983905,206.59446878251956,195.5263472814706
2013-12-16 02:20:00+01:00,214.24267087954343,216.59406950291404,209.33780965197695,199.5751867690819
2013-12-16 02:30:00+01:00,207.96500751912225,213.5040078151403,206.73130535483745,194.44764877022982
2013-12-16 02:40:00+01:00,218.9016873174376,216.6383615658548,203.66444617691548,196.79751213245527
2013-12-16 02:50:00+01:00,192.52117308206127,206.10217560263928,204.25721205169856,196.67782086132138
2013-12-16 03:00:00+01:00,199.50375341265507,193.91938774808804,198.57577611655307,189.42378313738095
2013-12-16 03:10:00+01:00,205.08748105394343,206.26677199254306,196.54229585957603,191.2126255961135
2013-12-16 03:20:00+01:00,198.84102663165817,198.15841269332628,196.5742167625724,189.602813683754
2013-12-16 03:30:00+01:00,199.2838699268772,197.08608361482516,195.29321260042087,187.3603668118911
2013-12-16 03:40:00+01:00,209.1224585157593,203.12296941815674,194.70329436867226,189.4472873061657
2013-12-16 03:50:00+01:00,184.26078191472104,203.48511796640585,196.82396782416453,192.73994106255267
2013-12-16 04:00:00+01:00,201.11851402503288,193.52153419210805,192.5469523753854,185.81112344497072
2013-12-16 04:10:00+01:00,209.11015269754418,204.9421899577867,193.9436320980067,192.12926841305742
2013-12-16 04:20:00+01:00,183.4329766535252,200.48164027131523,197.12352632419726,191.7196817096572
2013-12-16 04:30:00+01:00,199.9571860767021,195.1550146412566,193.39690965704156,186.7695316350308
2013-12-16 04:40:00+01:00,200.83169763798787,205.20618663861958,195.25672868908737,190.984321441461
2013-12-16 04:50:00+01:00,179.14809387736145,198.72441100705012,197.20333087771854,191.137476716312
2013-12-16 05:00:00+01:00,210.14604922304892,192.11204072030742,193.430064658563,186.21130468046417
2013-12-16 05:10:00+01:00,205.14392275826233,209.35743093325087,199.0118286634922,194.69146999758937
2013-12-16 05:20:00+01:00,189.92653477212093,199.5313177148733,202.47205447675165,192.84069231477693
2013-12-16 05:30:00+01:00,202.235955127159,205.57952016265222,201.61705174047722,192.78711317688476
2013-12-16 05:40:00+01:00,209.58280854964187,210.60402056426466,204.91230005260078,195.590453126834
2013-12-16 05:50:00+01:00,187.69509257088845,204.87595708918235,210.02157601175344,196.5298239669456
2013-12-16 06:00:00+01:00,199.1373964912097,205.33740132596526,208.4977579407958,194.3143687699123
2013-12-16 06:10:00+01:00,207.1425943707448,209.11775976817142,211.37640545549553,199.31499935547498
2013-12-16 06:20:00+01:00,193.52404734417755,207.56161194180925,216.60373084527635,201.99755788840523
2013-12-16 06:30:00+01:00,233.35507042522218,213.7490320621596,217.4023153925327,209.1000151020924
2013-12-16 06:40:00+01:00,318.26089120968584,231.8782539974101,230.3035817912149,227.5168112976676
2013-12-16 06:50:00+01:00,289.0319077610065,262.55241699381105,263.9832104018228,261.71780561814427
2013-12-16 07:00:00+01:00,270.3490785552023,287.52387839143717,286.7901934397232,280.0181670985858
2013-12-16 07:10:00+01:00,247.3762025310514,293.9545628414309,300.71671876777043,295.9209706824608
2013-12-16 07:20:00+01:00,269.40008265500626,271.1780653570446,304.29193588493496,290.4540804543044
2013-12-16 07:30:00+01:00,277.7561965885386,287.77220129521754,315.2010524652126,305.5195817302748
2013-12-16 07:40:00+01:00,299.5086220330908,302.1688713521886,327.3230951177754,317.8845567879615
2013-12-16 07:50:00+01:00,318.23899659104825,312.40758876707594,345.17678592686457,339.5562323090467
2013-12-16 08:00:00+01:00,395.32355064705223,346.3965105058682,366.8507223439111,361.95482942571846
2013-12-16 08:10:00+01:00,432.19434248309,403.4277235084261,412.04791857127987,428.47006688868845
2013-12-16 08:20:00+01:00,419.6881915490129,433.2910760845888,464.89058956046455,483.23642158698954
2013-12-16 08:30:00+01:00,572.1271501097597,461.8299434577733,504.4306290952925,524.7346525406067
2013-12-16 08:40:00+01:00,695.2920762105921,572.8752339815948,589.7839278099336,630.3907910913804
2013-12-16 08:50:00+01:00,704.8020496166409,654.2069980396757,705.5157739218104,718.7343829827817
2013-12-16 09:00:00+01:00,789.2131820467196,751.0616007936784,803.0459314051684,799.9249106331841
2013-12-16 09:10:00+01:00,869.7986213305568,827.1732343840068,899.769038683107,899.8337559780197
2013-12-16 09:20:00+01:00,834.4705463862928,893.9736015321658,990.7284114147704,970.6752413270561
2013-12-16 09:30:00+01:00,946.5521361813195,963.4483232077145,1030.4156013785205,967.4277348523616
2013-12-16 09:40:00+01:00,943.6082736003971,1034.61178365779,1083.9844352577434,1046.960042909648
2013-12-16 09:50:00+01:00,961.7044601238025,1045.9076530892728,1112.5878888092154,1065.2804466455023
2013-12-16 10:00:00+01:00,1011.9495764231501,1167.206018881103,1130.03452766563,1121.304982813084
2013-12-16 10:10:00+01:00,947.5970402099955,1224.8408375910303,1153.8490918436262,1173.062531115857
2013-12-16 10:20:00+01:00,1048.6559854844904,1165.2562102994455,1142.6131715910205,1141.740934569882
2013-12-16 10:30:00+01:00,1179.4794231089295,1278.0872664590252,1164.479647272038,1209.8172513078166
2013-12-16 10:40:00+01:00,1383.9190538649898,1350.5254793423508,1226.9280259768477,1307.190001826465
2013-12-16 10:50:00+01:00,1328.741719369997,1431.467128568211,1346.3147870634489,1451.4462752564302
2013-12-16 11:00:00+01:00,1379.0597497974818,1574.4915874878718,1427.789017523327,1493.8586911351158
2013-12-16 11:10:00+01:00,1550.8689446759556,1621.1902388925146,1496.3934034934293,1556.5580791974346
2013-12-16 11:20:00+01:00,1559.009767136589,1663.7779792515048,1592.8466778462423,1609.6563561704781
2013-12-16 11:30:00+01:00,1864.4412108660454,1739.3555647110957,1662.52369226081,1657.1929810411148
2013-12-16 11:40:00+01:00,1848.0159730803725,1963.6847212188407,1800.4300134936145,1802.6619937735215
2013-12-16 11:50:00+01:00,1709.3956800194205,1966.7796084900892,1903.3048725031335,1863.8946202895006
2013-12-16 12:00:00+01:00,1961.1586501560193,2016.6945764202362,1922.4821018327268,1869.5916251458802
2013-12-16 12:10:00+01:00,2086.6458370194973,2092.8619018222257,1993.5669561420884,2004.2634285208028
2013-12-16 12:20:00+01:00,1910.0787488750395,2185.7489986473797,2080.380406290747,2110.1729035653016
2013-12-16 12:30:00+01:00,2116.08755296827,2220.6861036895434,2087.8509589406003,2110.0581020715636
2013-12-16 12:40:00+01:00,2292.7482323837057,2344.7703228131772,2140.182510859871,2210.1425921092014
2013-12-16 12:50:00+01:00,2109.0093096825776,2432.5183556773213,2229.438123871036,2319.2860619805006
2013-12-16 13:00:00+01:00,2360.444586874856,2472.3522725246607,2245.3333906468292,2361.4050689414717
2013-12-16 13:10:00+01:00,2505.14486098856,2625.761547073941,2317.882324858306,2477.459630026169
2013-12-16 13:20:00+01:00,2585.2379450759836,2683.300168460135,2415.207345118464,2562.803442410486
2013-12-16 13:30:00+01:00,2969.491296695161,2911.393072782321,2515.2484641581805,2618.2007486809603
2013-12-16 13:40:00+01:00,3057.329998717289,3073.0859202779566,2692.8890165811913,2783.261460269524
2013-12-16 13:50:00+01:00,2938.0559341446656,3107.4648669168346,2864.324894943516,2869.7810813156952
2013-12-16 14:00:00+01:00,2866.0698551966134,3299.523793886883,2962.1334211685744,2855.2557076826024
2013-12-16 14:10:00+01:00,2798.730042548761,3219.9933902630387,2993.429968641743,2812.1954615317427
2013-12-16 14:20:00+01:00,2803.094413244207,3021.0664052335737,2969.568166272693,2766.665249585754
2013-12-16 14:30:00+01:00,2646.839995041431,3117.663448498427,2927.902343354419,2718.155740589082
2013-12-16 14:40:00+01:00,2462.6576690902566,3016.968722656569,2836.4492918360274,2649.8362166014745
2013-12-16 14:50:00+01:00,2350.529872956471,2790.9698553487387,2698.1690097316564,2576.3025716552547
2013-12-16 15:00:00+01:00,2328.255191918183,2809.72785139233,2548.1556837965495,2472.636232768656
2013-12-16 15:10:00+01:00,2480.4862102203915,2714.2547566391045,2424.9713715765615,2429.0886917415614
2013-12-16 15:20:00+01:00,2310.557989680255,2618.722691814231,2381.2766720843733,2441.2289367760677
2013-12-16 15:30:00+01:00,2615.643493102411,2613.518942427745,2321.3435967682776,2384.6325409163587
2013-12-16 15:40:00+01:00,2538.410514803179,2732.049951274224,2363.6397744412548,2486.22958967382
2013-12-16 15:50:00+01:00,2448.4735785178277,2661.7457407301727,2399.2041490340225,2469.0321404854913
2013-12-16 16:00:00+01:00,2772.013617332839,2710.291631138813,2407.6564863826134,2438.367879012184
2013-12-16 16:10:00+01:00,2690.519512294491,2771.7538127135495,2491.3593425903578,2485.0794333833524
2013-12-16 16:20:00+01:00,2592.6479521449105,2696.2190670153686,2545.468424411691,2490.5082166278453
2013-12-16 16:30:00+01:00,2785.390971012687,2780.010852559157,2554.655130047495,2463.115274905484
2013-12-16 16:40:00+01:00,2619.2588713685946,2852.887110633012,2596.3983533913733,2503.5498356491394
2013-12-16 16:50:00+01:00,2633.586352553629,2724.2468599542744,2582.054709995339,2472.296357524757
2013-12-16 17:00:00+01:00,2544.4759066480965,2901.548212262135,2560.369388060024,2472.3831690427937
2013-12-16 17:10:00+01:00,2674.0369944306763,2741.4252847607813,2510.6754855933063,2428.3150696608755
2013-12-16 17:20:00+01:00,2557.1150054996683,2696.321429141471,2497.6749621254526,2459.467759257635
2013-12-16 17:30:00+01:00,2391.7550214881935,2780.7333013716466,2460.755474058253,2446.2381328465685
2013-12-16 17:40:00+01:00,2553.3016046389957,2619.684335289186,2384.0549011234298,2416.5884245105844
2013-12-16 17:50:00+01:00,2696.6913564320644,2619.9444630283515,2359.4173211474676,2437.474092834675
2013-12-16 18:00:00+01:00,2386.359150415242,2768.016172683732,2384.02478413025,2482.262760931186
2013-12-16 18:10:00+01:00,2363.581646736606,2532.936961479967,2335.8124306420955,2424.7556266045135
2013-12-16 18:20:00+01:00,2429.090158481364,2420.080655743508,2281.435355855124,2382.271044484613
2013-12-16 18:30:00+01:00,2416.330809952751,2423.8730836542095,2250.6626529706186,2353.28796618804
2013-12-16 18:40:00+01:00,2332.473836769392,2415.119587844678,2226.5384337611627,2341.4593961306914
2013-12-16 18:50:00+01:00,2197.790807653422,2322.340713266536,2188.6110509840682,2272.072793884418
2013-12-16 19:00:00+01:00,2127.232569081806,2249.4712374343053,2121.0689520918286,2171.3297195882424
2013-12-16 19:10:00+01:00,2131.436996204718,2155.5090405299097,2043.8221062916382,2080.362460758709
2013-12-16 19:20:00+01:00,1931.2818337151925,2029.2748743811246,1983.1144965883766,2022.4467596682452
2013-12-16 19:30:00+01:00,1857.6205597025662,1932.7536427461232,1886.0590752847083,1894.1596148831798
2013-12-16 19:40:00+01:00,1720.8193322763298,1842.8692987884554,1789.083837536457,1774.4315869028776
2013-12-16 19:50:00+01:00,1719.8895638319545,1735.079942760185,1679.2562953083575,1640.8968827945246
2013-12-16 20:00:00+01:00,1494.5802591991269,1646.0659553978423,1598.4933005453267,1585.2090599606904
2013-12-16 20:10:00+01:00,1387.2497562192434,1498.9102150375052,1483.4788501052074,1437.040569913684
2013-12-16 20:20:00+01:00,1310.2693516543166,1347.3069463910624,1368.0450299565318,1334.4390134744465
2013-12-16 20:30:00+01:00,1161.102544897296,1256.4183771198916,1264.9851389597663,1240.7360952852014
2013-12-16 20:40:00+01:00,1097.7890773365516,1157.1971428251459,1153.6781680909203,1140.995011903541
2013-12-16 20:50:00+01:00,1052.019173035895,1080.7098616164958,1059.839695163092,1079.2684504021638
2013-12-16 21:00:00+01:00,966.3624734017345,1012.5467367039449,986.4116471253094,1026.679645147497
2013-12-16 21:10:00+01:00,789.504790768643,941.9795959598453,916.8751832280498,956.8920188981923
2013-12-16 21:20:00+01:00,889.2621867595232,811.6411176267262,820.048891470712,846.1507015847683
2013-12-16 21:30:00+01:00,790.8689030678371,817.6593178431633,780.1392640933341,834.1293535328981
2013-12-16 21:40:00+01:00,795.4713223064675,752.3196785700653,733.3701439199687,756.1613859008148
2013-12-16 21:50:00+01:00,769.1046473823519,744.9103220451058,703.5114768491396,737.2995304766449
2013-12-16 22:00:00+01:00,695.0575355658403,712.3935152790337,677.4869566121705,709.6625309758085
2013-12-16 22:10:00+01:00,614.0004076521011,675.1468622767314,640.2219621459604,661.5779144468348
2013-12-16 22:20:00+01:00,642.0886257461541,612.9802360501744,591.4968949862274,597.5318533144433
2013-12-16 22:30:00+01:00,682.7367134788167,591.2719226571727,564.6163336946911,577.3648418247213
2013-12-16 22:40:00+01:00,582.5713171728918,581.2462879959417,557.2933587086147,570.5248419614124
2013-12-16 22:50:00+01:00,860.3829426100458,566.4250879979412,529.3888513706919,530.1989442811816
2013-12-16 23:00:00+01:00,633.4714392077531,652.9457556280837,568.2768625104944,615.394510056065
2013-12-16 23:10:00+01:00,543.3787492850882,575.2728487457528,551.3845182690575,549.4230241400012
2013-12-16 23:20:00+01:00,597.4091750516162,550.7564127075622,512.3025210993508,515.2849836329103
2013-12-16 23:30:00+01:00,610.5447066159588,531.2822398831202,495.8221877255998,505.5005729658728
2013-12-16 23:40:00+01:00,333.7360457473581,526.9835769821906,487.926159743503,489.56844604865057
2013-12-16 23:50:00+01:00,394.0916993742066,421.39835509567996,408.9122629113514,387.9835877078996
2013-12-17 00:00:00+01:00,417.1658336622053,402.4153565095386,374.7092003757537,392.5835553123673
2013-12-17 00:10:00+01:00,311.190922064494,377.716993112609,359.16712928900915,368.45311309207966
2013-12-17 00:20:00+01:00,445.8624530921254,348.97320287595636,324.02701002938284,329.8695106673212
2013-12-17 00:30:00+01:00,342.16657594569904,378.37844386873303,330.9186233159749,369.1738193487972
2013-12-17 00:40:00+01:00,318.0864419863345,323.3010360536164,314.5874419056444,311.48257266891824
2013-12-17 00:50:00+01:00,304.5793150069837,334.9808891080618,297.70298838625223,300.9409520816368
2013-12-17 01:00:00+01:00,302.764988141766,290.2325537480376,283.4374305994586,278.7402094842332
2013-12-17 01:10:00+01:00,232.7316643734294,266.1796181171668,273.95277096998757,263.8309182913297
2013-12-17 01:20:00+01:00,268.7747995622892,257.85499932522214,251.05380683835057,231.1329640170972
2013-12-17 01:30:00+01:00,226.48288796489106,252.47203990448125,245.26978235959544,236.60522314757122
2013-12-17 01:40:00+01:00,187.17806591260253,209.27338932101623,231.9703180305059,210.1066619171613
2013-12-17 01:50:00+01:00,223.17185846057694,208.98217378235378,213.63076885973393,198.5468373101411
2013-12-17 02:00:00+01:00,234.36075561978643,209.56009125439385,210.70233354914626,202.02630795781863
2013-12-17 02:10:00+01:00,216.70508100954143,204.03148065707808,211.38286488127378,201.6818508986151
2013-12-17 02:20:00+01:00,229.82294206070475,223.59090811960417,208.12062702892456,202.02870627798035
2013-12-17 02:30:00+01:00,209.51703585982187,221.809220787949,209.05055476453265,206.98398342765023
2013-12-17 02:40:00+01:00,183.13840232603152,196.44289127522282,205.2771750442935,198.66332258059074
2013-12-17 02:50:00+01:00,202.82635390458003,203.67233845068526,196.46495600568105,189.9750965978992
2013-12-17 03:00:00+01:00,204.5113759135692,198.0122256364332,195.38510534554533,196.4904823177266
2013-12-17 03:10:00+01:00,173.604901178288,190.60864025487695,195.10415076046274,186.36001629602083
2013-12-17 03:20:00+01:00,195.62657722787543,198.23116776525976,187.56774398224277,183.51612814838148
2013-12-17 03:30:00+01:00,199.53999388768037,199.53346873588055,187.8430294234319,187.89419003230498
2013-12-17 03:40:00+01:00,188.96452205209215,188.3143329927411,189.0253266327297,187.33553472882508
2013-12-17 03:50:00+01:00,206.67401810190816,200.1789437950992,187.56380107455706,188.1488398796961
2013-12-17 04:00:00+01:00,213.5412026694256,202.21202724731694,190.84931340186463,191.13880722215575
2013-12-17 04:10:00+01:00,164.38318781264684,197.11865729575902,195.05878385460238,190.4912379608547
2013-12-17 04:20:00+01:00,205.71875081404303,194.71307326470676,186.18804738501584,178.89253049986687
2013-12-17 04:30:00+01:00,189.8337937590183,204.31268014027032,190.5351058516425,191.10998165821883
2013-12-17 04:40:00+01:00,165.30069476948887,186.8330763829156,190.17470959439106,182.80146339281777
2013-12-17 04:50:00+01:00,211.25015265660852,188.9285441582881,183.9224154621731,181.10783692668667
2013-12-17 05:00:00+01:00,207.73287305906223,199.3694039350761,191.02598176881054,189.49358012465987
2013-12-17 05:10:00+01:00,186.83726648585449,193.36856344730893,195.91522645145352,194.6091443553238
2013-12-17 05:20:00+01:00,212.57007106479435,213.84708510532607,194.80684791661042,197.68402069710694
2013-12-17 05:30:00+01:00,199.12000009053637,216.82165333999814,201.07158058783887,206.65369810998638
2013-12-17 05:40:00+01:00,189.68363995546855,193.0594519212647,203.0328857584329,205.39621594758282
2013-12-17 05:50:00+01:00,206.416556683001,210.83089038320122,202.69131194143438,204.874755085377
2013-12-17 06:00:00+01:00,199.1442836261162,216.09557175418973,207.74440176055035,212.4587267955675
2013-12-17 06:10:00+01:00,175.57236746877405,203.928780490941,210.2606143923644,213.15871591106355
2013-12-17 06:20:00+01:00,211.89520691013047,213.32051041433482,205.90846215738458,213.87614213349232
2013-12-17 06:30:00+01:00,229.97296220004918,218.32235041615888,213.824653200367,225.57224160754043
2013-12-17 06:40:00+01:00,222.11826935438958,221.5562389854351,225.81432799225846,233.8002910283023
2013-12-17 06:50:00+01:00,266.9553283161563,246.91725603930976,234.07274442339283,244.2809959655628
2013-12-17 07:00:00+01:00,266.657720025219,272.8285196963987,254.41584911416328,262.73480423128524
2013-12-17 07:10:00+01:00,264.9793853207954,272.0589320283189,272.36119203636053,273.29783808453925
2013-12-17 07:20:00+01:00,299.7556316617965,305.3937518225962,287.4507469628193,293.7476839035449
2013-12-17 07:30:00+01:00,341.2189995132583,316.8637151379864,311.6259081700193,315.74576767733066
2013-12-17 07:40:00+01:00,302.00634130821595,335.529291121044,345.9393646889758,340.07975226258634
2013-12-17 07:50:00+01:00,336.06756291396573,356.75988192381675,362.0024386616233,357.3300875694029
2013-12-17 08:00:00+01:00,375.1931261635951,379.8993790090318,386.98807018851204,388.6540811957766
2013-12-17 08:10:00+01:00,397.5810342453703,394.595878111295,421.7988679688126,414.9712650766253
2013-12-17 08:20:00+01:00,489.1837540406109,442.58859907715043,459.00808529055365,467.6201762184877
2013-12-17 08:30:00+01:00,534.2421996729205,507.60010933622493,522.5492418298332,541.2459282606609
2013-12-17 08:40:00+01:00,660.0386766733409,544.3866387762176,592.7173907985023,599.4754210359142
2013-12-17 08:50:00+01:00,617.4211150070694,676.1411469519945,693.7459615472964,701.4293358805878
2013-12-17 09:00:00+01:00,824.7165321501714,691.7182884270629,756.4748313302629,740.9091249400732
2013-12-17 09:10:00+01:00,862.911700622789,783.1867782999146,869.8701968778811,870.1478088164783
2013-12-17 09:20:00+01:00,903.3844859707318,907.6875273377038,967.535211096544,933.3804671612468
2013-12-17 09:30:00+01:00,993.2105956505819,958.6923568960673,1044.464281021792,996.1147259397774
2013-12-17 09:40:00+01:00,1057.962274297578,1010.9554573533177,1120.3720471155214,1051.1350477470392
2013-12-17 09:50:00+01:00,1036.0688002569661,1125.2851544298626,1188.73801376118,1125.9255803344408
2013-12-17 10:00:00+01:00,1217.511462221508,1162.45630835663,1220.0658651570184,1157.0580949007804
2013-12-17 10:10:00+01:00,1188.263378878907,1232.9007861961693,1295.1464626320603,1255.890032484882
2013-12-17 10:20:00+01:00,1214.9234997508631,1303.0243282083193,1338.8932334214246,1274.820481249189
2013-12-17 10:30:00+01:00,1532.3738141538433,1380.9882700015871,1371.8111744519585,1353.155516234505
2013-12-17 10:40:00+01:00,1466.2655369239371,1474.5705772102733,1494.438842954625,1517.2622788865351
2013-12-17 10:50:00+01:00,1664.7877122926457,1538.017387453141,1575.178202741074,1552.6659368102
2013-12-17 11:00:00+01:00,1818.2194392016495,1767.8966372114405,1693.4899020220726,1692.2743846044239
2013-12-17 11:10:00+01:00,1694.5821651072915,1819.4129257865136,1829.6899107019337,1794.7775893829144
2013-12-17 11:20:00+01:00,1874.442167001097,1840.0921573546148,1887.3162688771677,1812.9756859120832
2013-12-17 11:30:00+01:00,2035.2654295938864,2016.106057454198,1967.7328825221678,1884.7593182748228
2013-12-17 11:40:00+01:00,2138.96438398052,2054.280127697482,2067.789175770451,1988.1042811257853
2013-12-17 11:50:00+01:00,2250.600237322876,2160.550652500273,2170.502375199846,2074.8363923299535
2013-12-17 12:00:00+01:00,2388.472860715465,2357.415875075797,2276.20114777884,2197.884800027401
2013-12-17 12:10:00+01:00,2460.7340250945,2369.180034774725,2390.3797852318808,2292.903516153726
2013-12-17 12:20:00+01:00,2415.1036427864697,2512.1181287821987,2491.715037283632,2367.056324638449
2013-12-17 12:30:00+01:00,2763.06830619554,2556.196642332563,2543.9530755998494,2409.1464747886894
2013-12-17 12:40:00+01:00,2744.737320010747,2678.156390230305,2665.2237259239205,2597.609713108835
2013-12-17 12:50:00+01:00,2774.442905314343,2774.038493889041,2753.6969225255602,2711.471029817043
2013-12-17 13:00:00+01:00,3062.45790754789,2963.4783187592893,2820.389237773759,2812.652338615226
2013-12-17 13:10:00+01:00,3291.727468650194,3042.4019786251733,2937.3952947883713,2978.8692240211135
2013-12-17 13:20:00+01:00,3444.1061813997912,3284.0999342163855,3087.747606600211,3105.4396166020038
2013-12-17 13:30:00+01:00,3373.3854691242036,3382.6976424832123,3246.7062931629785,3202.9276883908788
2013-12-17 13:40:00+01:00,3342.4271046951403,3427.433362624498,3350.447864222919,3247.8516961002415
2013-12-17 13:50:00+01:00,3505.43260472632,3390.9771354417235,3405.5116725536373,3245.279625306484
2013-12-17 14:00:00+01:00,3803.937616319148,3531.73098922034,3469.307309172489,3284.6727097927205
2013-12-17 14:10:00+01:00,3543.5134449968514,3670.576341965334,3582.204195305024,3366.792727503772
2013-12-17 14:20:00+01:00,3208.639047949592,3613.6349778525805,3607.4508960511516,3352.226697622875
2013-12-17 14:30:00+01:00,3234.5731841536394,3459.088493229464,3517.6887778853334,3243.287924389635
2013-12-17 14:40:00+01:00,3110.6793754923365,3337.481598324105,3424.5177193144636,3223.787392709811
2013-12-17 14:50:00+01:00,3139.696400012281,3241.6434896668957,3303.2880930773913,3124.5024456198153
2013-12-17 15:00:00+01:00,2945.246655483483,3186.73139938249,3206.861000387911,3114.3597534792707
2013-12-17 15:10:00+01:00,2766.0856261656504,3047.698411436914,3079.944710117475,3017.207222392587
2013-12-17 15:20:00+01:00,3100.93205273643,2906.5355617553264,2928.280565080013,2921.381236177241
2013-12-17 15:30:00+01:00,3517.677983897069,3005.4081597083,2894.520375034844,2940.8520315692363
2013-12-17 15:40:00+01:00,3524.895063722922,3131.2369307071885,2986.8538390815825,3086.095242735569
2013-12-17 15:50:00+01:00,3358.103377137942,3323.7735859757586,3097.5436430803834,3137.375654872132
2013-12-17 16:00:00+01:00,3876.9596688803167,3269.8165034611484,3160.666339574979,3123.501498218155
2013-12-17 16:10:00+01:00,3759.0381920283567,3506.107279721798,3319.303776603664,3287.2925120284854
2013-12-17 16:20:00+01:00,3837.149429379931,3451.4315936153394,3431.118454446021,3300.868494495775
2013-12-17 16:30:00+01:00,3774.9139555075467,3609.549972152947,3527.014176867984,3403.4401539537257
2013-12-17 16:40:00+01:00,3495.152450283321,3512.8585527515456,3575.1269127192886,3404.5113601545527
2013-12-17 16:50:00+01:00,3764.5987476551054,3506.4287240366957,3524.9190399177623,3345.0575068024227
2013-12-17 17:00:00+01:00,3746.0461928270543,3501.6025420197197,3520.3265483816185,3408.9231743652012
2013-12-17 17:10:00+01:00,3641.8798335686565,3407.0800210000352,3507.1460082186204,3435.2628520956987
2013-12-17 17:20:00+01:00,3795.9837000928264,3641.980807110952,3467.215361583678,3414.1803800208254
2013-12-17 17:30:00+01:00,3566.969016036498,3596.473098394058,3462.69520700747,3489.8668520798674
2013-12-17 17:40:00+01:00,3228.276952055301,3500.7104669444534,3407.853357530586,3423.61923727074
2013-12-17 17:50:00+01:00,3273.0973652775065,3324.383981940513,3270.401891002011,3285.7293055012456
2013-12-17 18:00:00+01:00,3197.365310400741,3213.113896489667,3154.461064463128,3248.8196712845984
2013-12-17 18:10:00+01:00,3225.8514510239543,3003.814124005435,3042.3623087581377,3161.335241505732
2013-12-17 18:20:00+01:00,2850.0389598970346,3151.3876070082356,2962.891511011986,3121.1037538874484
2013-12-17 18:30:00+01:00,3065.798054716381,2775.21961228552,2816.1099703808154,2936.228132362969
2013-12-17 18:40:00+01:00,2853.2895455813646,2691.2866720454126,2747.2087901416176,2903.024512570298
2013-12-17 18:50:00+01:00,2902.800840774749,2646.850135432696,2656.3484659418805,2725.118608901743
2013-12-17 19:00:00+01:00,2814.68614563136,2521.9359882374215,2600.2555722519037,2679.6728454076065
2013-12-17 19:10:00+01:00,2951.3239482580657,2498.2823254968785,2544.4185760594683,2550.091414222297
2013-12-17 19:20:00+01:00,2730.4815830257567,2533.155102219424,2536.8498290998464,2548.9951681908915
2013-12-17 19:30:00+01:00,2447.7034023463802,2451.9011432292514,2490.317933058434,2448.359521270006
2013-12-17 19:40:00+01:00,2416.3674836333294,2180.856571925569,2378.155032518959,2289.6681293215947
2013-12-17 19:50:00+01:00,2257.174864360952,2177.8564330092654,2270.0792637301606,2157.0449307958847
2013-12-17 20:00:00+01:00,2049.7352729983354,2031.8915548924463,2144.4744617453443,2011.2330387094173
2013-12-17 20:10:00+01:00,1769.059363325039,1880.2813925910868,1994.1363022185467,1865.8446254690678
2013-12-17 20:20:00+01:00,1671.0308554026699,1672.323432531108,1803.9997642180012,1664.6689364995987
2013-12-17 20:30:00+01:00,1472.3549846994713,1552.1376360872525,1636.2419161980106,1550.7907264762152
2013-12-17 20:40:00+01:00,1444.2585797604067,1422.070177663093,1468.443904784806,1388.9739293106552
2013-12-17 20:50:00+01:00,1219.85070023966,1353.4865615648478,1349.3293012280128,1321.3995669783073
2013-12-17 21:00:00+01:00,1171.962370084583,1206.0793547466121,1217.1416351800353,1205.381072230951
2013-12-17 21:10:00+01:00,1066.5071142007228,1101.8746828378878,1116.5192788639943,1144.7814219803752
2013-12-17 21:20:00+01:00,1065.675344189218,1026.7719707590165,1025.3444334924784,1069.282198685579
2013-12-17 21:30:00+01:00,1107.439998627892,965.4838246673553,966.7630805656574,1039.8635416054556
2013-12-17 21:40:00+01:00,1170.195080833962,963.0045309558686,943.0427775096209,1022.174535549936
2013-12-17 21:50:00+01:00,881.8594319027436,988.4169949848782,948.2966902375744,1025.7589710996751
2013-12-17 22:00:00+01:00,747.4791263684059,850.979861660088,879.2849191707264,884.0711624276564
2013-12-17 22:10:00+01:00,636.7719475721575,764.0125780021789,781.4958653038564,755.7957907087404
2013-12-17 22:20:00+01:00,549.4325508128481,646.0384783609775,678.3751096446509,640.7217986044936
2013-12-17 22:30:00+01:00,636.7148057202292,580.6475621869199,586.8833573445933,556.089649541995
2013-12-17 22:40:00+01:00,583.7481411863654,560.356618835556,554.7074555239232,560.9510531931389
2013-12-17 22:50:00+01:00,538.8654377647891,556.4398457101743,527.0294779562792,534.9336253180242
2013-12-17 23:00:00+01:00,543.961533063264,518.3708903677086,499.1345117687082,510.00845160968225
2013-12-17 23:10:00+01:00,439.515768418845,495.63887047979483,481.38449660597956,500.19622157746585
2013-12-17 23:20:00+01:00,424.59025265588747,426.39242809718183,441.9532357559305,446.7161581554977
2013-12-17 23:30:00+01:00,452.1990424364424,415.72876061512875,410.12951584027104,415.79194040029626
2013-12-17 23:40:00+01:00,361.0226593838237,400.2187853396991,395.2277325920785,405.1653462243453
2013-12-17 23:50:00+01:00,371.8660477250394,366.86655570971453,362.5050325781691,361.4562689540315
2013-12-18 00:00:00+01:00,434.7363969546021,366.22991293979015,342.71278533385794,359.1456858830798
2013-12-18 00:10:00+01:00,406.53530362574355,364.8272337004378,343.43504623229416,365.44211433418843
2013-12-18 00:20:00+01:00,314.7143768670994,363.16718339595303,338.46502237568615,348.25675584372993
2013-12-18 00:30:00+01:00,311.52431694473506,327.0069564025396,312.8138615841072,307.83916568039194
2013-12-18 00:40:00+01:00,268.6449901889773,301.09466950093423,294.72626729333257,287.59990850640804
2013-12-18 00:50:00+01:00,269.0886359117024,272.5839089512628,272.6725931759159,256.9632400584706
2013-12-18 01:00:00+01:00,303.0961481591804,268.71971718264075,258.93231463792637,250.68524831724594
2013-12-18 01:10:00+01:00,274.729757294545,259.68773571643925,257.9964699273506,255.45694754473004
2013-12-18 01:20:00+01:00,234.2820494847288,257.72512820857423,251.7503631637715,240.9803938060637
2013-12-18 01:30:00+01:00,258.46707144337455,246.85498917952452,238.31779042266373,224.15063434700875
2013-12-18 01:40:00+01:00,235.9508028704756,234.87954391019784,235.3868601221034,222.0276625608217
2013-12-18 01:50:00+01:00,214.01556383036043,225.73476340136,228.58697642100444,210.19533791408372
2013-12-18 02:00:00+01:00,244.06613829384204,225.7039488605781,219.01590505364086,205.05071362952935
2013-12-18 02:10:00+01:00,221.3958276509302,222.61892342295454,219.7607459949349,208.39827947538276
2013-12-18 02:20:00+01:00,390.53134448762887,218.55692897576373,215.3357482035711,200.22746268698842
2013-12-18 02:30:00+01:00,385.11371145090635,299.9804817762115,245.19348798639663,250.3430957566738
2013-12-18 02:40:00+01:00,443.7337166404427,297.7360649664292,269.0912498023841,258.96997540634965
2013-12-18 02:50:00+01:00,424.5218189918709,344.2488884011775,299.8761871693133,301.2740746193967
2013-12-18 03:00:00+01:00,514.8599377290959,378.4451315929418,321.30481234532346,312.76488593160593
2013-12-18 03:10:00+01:00,243.27391662521072,402.740305352842,357.1943693214012,364.63741287710155
2013-12-18 03:20:00+01:00,216.10473306227644,300.34777190810206,313.0294538170417,280.3138056797656
2013-12-18 03:30:00+01:00,226.12570898861824,275.5013139885651,275.06649407637207,258.41268084522477
2013-12-18 03:40:00+01:00,232.07373857381674,232.3846923638765,254.43350191641105,236.00613545964006
2013-12-18 03:50:00+01:00,208.05131152068196,242.01902256590094,243.04176311424365,238.87829112228556
2013-12-18 04:00:00+01:00,225.40231883691754,228.38282096270683,229.30457855766835,233.75123132706136
2013-12-18 04:10:00+01:00,227.49485929936256,220.05268263137046,224.91068051840318,239.32606387222228
2013-12-18 04:20:00+01:00,215.5400516402809,229.82720130034443,222.7587573783989,233.75668189873315
2013-12-18 04:30:00+01:00,227.69819403531625,232.4095376824305,218.58909766976058,231.15338910583833
2013-12-18 04:40:00+01:00,220.47952551752596,208.26616961996524,219.0620944379944,226.82949495217576
2013-12-18 04:50:00+01:00,219.93323423727847,214.67435094099352,218.02333104812558,217.33320174563596
2013-12-18 05:00:00+01:00,234.73873484598002,227.73367444291128,217.55657312093257,217.94114843416415
2013-12-18 05:10:00+01:00,256.2188555144022,212.04157339634372,221.37125785409108,214.1364885805051
2013-12-18 05:20:00+01:00,246.57612592377367,228.091702927064,229.97825413066653,221.17825501916866
2013-12-18 05:30:00+01:00,248.08905066449177,239.29806787847022,234.78565791275622,219.4260925565021
2013-12-18 05:40:00+01:00,257.05329492048764,229.30235835893257,239.4514658945678,222.3301474367941
2013-12-18 05:50:00+01:00,243.37932740814938,242.70156347015873,246.04784740140784,224.78829392410944
2013-12-18 06:00:00+01:00,263.17789343777645,257.93194777669885,248.14294674945063,241.23759486263765
2013-12-18 06:10:00+01:00,227.6866219765991,263.2351097197239,255.9895375207392,264.78087992361094
2013-12-18 06:20:00+01:00,237.63648193237862,249.33026883050294,252.65633686159995,260.1554167220468
2013-12-18 06:30:00+01:00,320.88790613884976,258.8614198998477,253.83745067664648,270.2312377196459
2013-12-18 06:40:00+01:00,246.09838605413313,295.3104338268345,278.321154668001,298.4576428330792
2013-12-18 06:50:00+01:00,260.014967945567,279.35624748148666,278.02624630836647,286.3986654771146
2013-12-18 07:00:00+01:00,350.64961349855326,301.333551068552,282.8578236633857,299.952448410256
2013-12-18 07:10:00+01:00,396.91444262208506,339.5182710326116,314.1253413185947,334.1238186928491
2013-12-18 07:20:00+01:00,404.74668790510873,389.37316658883105,355.83807277550903,378.89138299729694
2013-12-18 07:30:00+01:00,444.64057022495973,431.91133574415625,396.2865731766892,420.5770870008131
2013-12-18 07:40:00+01:00,383.8240981562703,452.43725799470207,444.6545586573406,468.3820503117431
2013-12-18 07:50:00+01:00,396.33360008328873,439.6853847543202,464.08386091686197,456.65673774621075
2013-12-18 08:00:00+01:00,413.65237130929233,473.15362201396255,481.7120309921474,471.118566835596
2013-12-18 08:10:00+01:00,642.7807981404417,438.35252584092876,500.4623074032816,466.96373227678095
2013-12-18 08:20:00+01:00,541.2099035896497,570.0539389081924,593.1157395091217,591.2361175507468
2013-12-18 08:30:00+01:00,618.9033906617368,614.5288697023584,641.2238558985388,593.521782017281
2013-12-18 08:40:00+01:00,646.4804250593488,663.7887326778435,701.6538135357272,704.9543264018585
2013-12-18 08:50:00+01:00,736.5292137771427,677.3455143884747,753.3231877618795,744.7717598494539
2013-12-18 09:00:00+01:00,844.3093291363507,780.7469197444789,818.5504328529045,823.7238299132166
2013-12-18 09:10:00+01:00,899.5496229967761,818.7533035601837,901.5053785300406,888.0839249881137
2013-12-18 09:20:00+01:00,958.5369743205648,904.2733567109868,979.9207060779842,936.1941219789484
2013-12-18 09:30:00+01:00,1156.9510131636562,1051.5901845485555,1052.1781777743213,1012.869314170563
2013-12-18 09:40:00+01:00,1070.9885273908935,1159.420636436979,1165.5971352941544,1138.143706939816
2013-12-18 09:50:00+01:00,1130.08438330247,1111.8718941345408,1218.8040281229469,1127.5006479939368
2013-12-18 10:00:00+01:00,1296.1780485477595,1235.953622051321,1263.0120845698564,1190.9311019802549
2013-12-18 10:10:00+01:00,1440.5530194214932,1359.6266964040751,1341.0453670927131,1293.6409543310795
2013-12-18 10:20:00+01:00,1529.7800595619283,1448.4692614492283,1445.0004030460316,1413.1639086071054
2013-12-18 10:30:00+01:00,1691.0552866925966,1618.2375963762006,1552.9158335885268,1522.5301892482612
2013-12-18 10:40:00+01:00,1911.096067971949,1731.7409532238814,1682.2303824320547,1684.4566495864021
2013-12-18 10:50:00+01:00,1785.5616468634723,1899.0652567390093,1845.5982261103825,1825.5320948374936
2013-12-18 11:00:00+01:00,2071.8499346707868,2006.5564597797713,1928.0868363402762,1800.6110240719524
2013-12-18 11:10:00+01:00,2104.3838035486897,2125.8137431123623,2058.265115110519,1927.0507896618008
2013-12-18 11:20:00+01:00,2088.5828633765614,2154.315296266021,2159.41307776812,2060.7399889397943
2013-12-18 11:30:00+01:00,2219.1139890295,2331.8789647420867,2216.9878341055214,2158.866069777218
2013-12-18 11:40:00+01:00,2249.7116483369614,2303.3801070127693,2282.0729237673036,2232.523995659979
2013-12-18 11:50:00+01:00,2448.1500848046576,2338.714582465899,2329.7344024231957,2260.923596522669
2013-12-18 12:00:00+01:00,2599.8910082921657,2571.0521195386814,2414.5119356812697,2349.1340957855596
2013-12-18 12:10:00+01:00,2445.932020288153,2606.593971070181,2522.2686379209795,2427.0885012672584
2013-12-18 12:20:00+01:00,2537.6950762035267,2560.8227600726977,2560.7516273575266,2458.509302928515
2013-12-18 12:30:00+01:00,2588.7941060367284,2749.706107032913,2600.5187167449367,2542.4091016377815
2013-12-18 12:40:00+01:00,2524.918015994139,2740.5598609406693,2634.5267773131536,2634.8760616020386
2013-12-18 12:50:00+01:00,2801.2404911584013,2679.1012766583717,2633.655557726662,2661.1109428601253
2013-12-18 13:00:00+01:00,2847.3315441081354,2939.1457104658657,2699.308670225584,2775.9455295700027
2013-12-18 13:10:00+01:00,3144.238023041749,2925.354696443971,2768.1622426717577,2888.3882141423833
2013-12-18 13:20:00+01:00,3527.2244496763883,3140.4328919619225,2900.538295671812,2997.345055721012
2013-12-18 13:30:00+01:00,3725.4207645288634,3375.1923698528494,3107.772145173842,3190.321125376544
2013-12-18 13:40:00+01:00,3822.5182078349003,3492.524559650883,3334.0854191501826,3295.6004015184017
2013-12-18 13:50:00+01:00,3866.7158500755886,3681.6872607647656,3540.329949365822,3440.48823709853
2013-12-18 14:00:00+01:00,3877.3700268057564,3864.6033275773593,3703.492455939077,3467.170154396711
2013-12-18 14:10:00+01:00,3581.297248901585,3715.7969347864555,3814.4294910439608,3499.171743676936
2013-12-18 14:20:00+01:00,3756.3365876069734,3637.1908898173256,3801.0018583142705,3426.9674190784513
2013-12-18 14:30:00+01:00,3436.163796955061,3670.3535087482887,3798.954515394714,3487.5744566396825
2013-12-18 14:40:00+01:00,3591.041634336808,3526.3071984031967,3696.7173105753723,3400.753681782126
2013-12-18 14:50:00+01:00,3316.722194513904,3724.1428265743543,3632.400363707032,3462.609143629822
2013-12-18 15:00:00+01:00,3167.5090616678713,3563.120194079062,3504.897960645397,3297.462535309936
2013-12-18 15:10:00+01:00,3138.9187678562544,3448.1283593359244,3352.4962449938444,3260.478264069448
2013-12-18 15:20:00+01:00,3047.2730093875666,3342.7190060632133,3217.201287024935,3168.666788168252
2013-12-18 15:30:00+01:00,3150.526410924985,3365.8764711255058,3088.1452115058246,3097.1969912016434
2013-12-18 15:40:00+01:00,2938.9462944045526,3293.5729064451775,3016.9867529058847,3066.4502237818006
2013-12-18 15:50:00+01:00,3039.3790085958994,3188.8339022872046,2920.186720438322,2963.725070287121
2013-12-18 16:00:00+01:00,3118.208108217072,3053.7020310145726,2871.3675838317795,2956.812539786821
2013-12-18 16:10:00+01:00,3213.4922163310375,3054.3080624753106,2861.9736558657833,2945.0355645367763
2013-12-18 16:20:00+01:00,3012.903616167264,3089.6912399959283,2888.577317905043,2949.020358036308
2013-12-18 16:30:00+01:00,2953.8872359949355,3083.3542952084767,2870.7732737815827,2883.3125436745154
2013-12-18 16:40:00+01:00,2920.784697090147,2947.151577755997,2833.9607922421433,2873.8744758141197
2013-12-18 16:50:00+01:00,2932.362162951596,2957.0888598330507,2787.598359703359,2799.745934478073
2013-12-18 17:00:00+01:00,3075.209735872019,2782.4521844150163,2747.8081334229287,2796.7349534150153
2013-12-18 17:10:00+01:00,3023.214646197049,2910.966026518998,2749.6420545037076,2804.7751217068617
2013-12-18 17:20:00+01:00,2955.809682558079,2935.643927545333,2746.148131127529,2806.982542960841
2013-12-18 17:30:00+01:00,2909.4140309420695,2919.2908566765987,2727.5132350777685,2768.216010398935
2013-12-18 17:40:00+01:00,2701.297098109609,2747.9859836422243,2696.864251373009,2740.889505134359
2013-12-18 17:50:00+01:00,2824.244735891416,2758.820661119235,2614.8480343145825,2657.725863566212
2013-12-18 18:00:00+01:00,2610.159367569728,2802.0430238026343,2569.8259126496173,2667.474614524407
2013-12-18 18:10:00+01:00,2438.9464047220226,2722.406759017027,2484.5054827704316,2580.8451676526784
2013-12-18 18:20:00+01:00,2638.442059133726,2606.6042387388256,2368.781171229323,2484.591035365399
2013-12-18 18:30:00+01:00,2572.860467556091,2604.9923559252097,2324.055404033884,2502.440957245008
2013-12-18 18:40:00+01:00,2564.8270013137244,2404.5749128513125,2287.7329725335226,2437.600739537217
2013-12-18 18:50:00+01:00,2356.0194800955564,2337.408470016942,2265.9761673683925,2421.3125643377803
2013-12-18 19:00:00+01:00,2361.877506626191,2258.1078132029797,2202.507221979522,2308.484397447505
2013-12-18 19:10:00+01:00,2249.4898934912317,2171.4944593417563,2148.574201654118,2249.3681109252407
2013-12-18 19:20:00+01:00,2056.9506121539016,2142.5062507072353,2078.2830991151272,2099.790140364115
2013-12-18 19:30:00+01:00,2078.265930617187,2029.7148897118145,1971.8085372567432,1973.5547259437635
2013-12-18 19:40:00+01:00,2282.8702344669236,1946.899270373375,1891.2683527106424,1873.360397429032
2013-12-18 19:50:00+01:00,2069.832047319782,1972.9919232372936,1885.3461407138327,1881.6173004795207
2013-12-18 20:00:00+01:00,1856.3399395959118,1862.1056373842061,1847.6666484346822,1787.8848792673105
2013-12-18 20:10:00+01:00,1593.6848404836912,1730.7685021420982,1762.5288659602195,1657.0541831075825
2013-12-18 20:20:00+01:00,1380.718501108397,1594.685067635367,1615.617025119238,1485.4534468231623
2013-12-18 20:30:00+01:00,1368.4242757138204,1383.4087111198314,1435.3027206250395,1337.869997779757
2013-12-18 20:40:00+01:00,1136.792249422685,1299.1365130071115,1300.323345423466,1259.1583922806278
2013-12-18 20:50:00+01:00,1057.0448974885362,1155.3460143977024,1150.5437879566864,1151.9282494562817
2013-12-18 21:00:00+01:00,952.5083094111519,1050.2093961611145,1030.480689212809,1083.64668710595
2013-12-18 21:10:00+01:00,885.5503789645999,946.8842990377699,927.9878141657716,1005.3570720617706
2013-12-18 21:20:00+01:00,945.3039765700032,840.8879009081177,846.9999208358313,930.186357035036
2013-12-18 21:30:00+01:00,955.2644142785122,864.5567595781949,813.4345415372019,898.0382900737214
2013-12-18 21:40:00+01:00,908.5028626962755,821.8494954011899,800.8655627322212,863.7014531844853
2013-12-18 21:50:00+01:00,948.1961829441356,824.3016965640303,784.3737606950232,822.2501438278662
2013-12-18 22:00:00+01:00,824.9544105694688,819.329316451222,780.8648556425435,812.3378872768371
2013-12-18 22:10:00+01:00,795.2902571378482,735.4129781911217,745.8231258779529,733.0488669194192
2013-12-18 22:20:00+01:00,611.8898132580771,708.3015577283452,708.3081669195776,696.6012999059914
2013-12-18 22:30:00+01:00,578.9331160593664,611.1304130991957,630.2668381243851,585.8339136240209
2013-12-18 22:40:00+01:00,579.758380728512,541.3832023090548,567.4778940571694,523.6129124882294
2013-12-18 22:50:00+01:00,505.07068586891967,525.2676598034625,528.30155752577,498.99786593289514
2013-12-18 23:00:00+01:00,457.7309837729682,500.9068473723761,486.09766659254257,467.92333840334135
2013-12-18 23:10:00+01:00,554.7293924602143,448.8490118347443,446.7195928325282,449.0752483436853
2013-12-18 23:20:00+01:00,463.8495192179037,476.7038938936442,443.8882465485485,465.746150863455
2013-12-18 23:30:00+01:00,405.31707405852785,447.08047185352586,422.40213160414373,429.51785853096635
2013-12-18 23:40:00+01:00,362.23329870761717,422.1553163156724,391.8137781838717,400.2108589944357
2013-12-18 23:50:00+01:00,315.83979004875897,365.1834537930557,359.20459107276315,364.6532006236937
2013-12-19 00:00:00+01:00,274.15971413353014,329.75099682462746,325.37737451524566,318.7474362990685
2013-12-19 00:10:00+01:00,267.61262626934615,299.500536111096,292.6997512606778,283.1062582190838
2013-12-19 00:20:00+01:00,269.43481435216074,275.86448150440054,270.5073637761079,260.20275938571905
2013-12-19 00:30:00+01:00,251.59936031068105,278.14295941009,257.0597898455987,252.66835713807697
2013-12-19 00:40:00+01:00,241.11077549617795,257.36407374183034,244.5223024464741,241.57608022050286
2013-12-19 00:50:00+01:00,217.61387908115543,242.7080491153971,234.19827940027477,231.98499597622887
2013-12-19 01:00:00+01:00,203.93836896901365,219.7949797588821,222.1906116379426,215.71712193584264
2013-12-19 01:10:00+01:00,204.19021109794605,210.22023007892136,211.3579510357717,204.47409666147541
2013-12-19 01:20:00+01:00,169.83191805344853,199.36423486489284,204.55652711575067,198.21288183458182
2013-12-19 01:30:00+01:00,162.96949533698893,178.6340487316934,191.84168614766196,179.74590431718164
2013-12-19 01:40:00+01:00,188.53651545443148,173.73766248538857,181.99768326139497,172.0685845243876
2013-12-19 01:50:00+01:00,145.82473974649017,177.15798139666236,181.40251758337843,173.77434631082218
2013-12-19 02:00:00+01:00,147.12279347960083,163.99739497751307,170.73073803258129,158.5780772532318
2013-12-19 02:10:00+01:00,160.8532692142406,160.1015209608627,164.08752526736097,155.70671158098952
2013-12-19 02:20:00+01:00,167.06289120360282,163.70658913847242,162.67986398368222,154.08856542385143
2013-12-19 02:30:00+01:00,144.11838169526197,164.8409635699374,162.91859364968323,154.81883681245662
2013-12-19 02:40:00+01:00,168.72064638973615,160.88927218477366,157.7769504498203,152.41370434633347
2013-12-19 02:50:00+01:00,163.0735970957352,161.27358505623738,159.81517964499108,155.72954400282816
2013-12-19 03:00:00+01:00,140.690203533808,168.4159478724839,160.00495333954817,154.16517152179276
2013-12-19 03:10:00+01:00,169.99310076299008,159.65433364233849,155.0438763426539,150.2069817962035
2013-12-19 03:20:00+01:00,146.30840908528077,160.48216583610886,158.31103390152452,153.1545283330826
2013-12-19 03:30:00+01:00,139.73345358089506,152.96983954204677,155.3494871226566,147.11933571200996
2013-12-19 03:40:00+01:00,157.5361068964527,162.6347548521641,151.90059555706824,147.9667964880148
2013-12-19 03:50:00+01:00,149.20889286245782,158.18882174723578,153.6482205553668,148.25003529985102
2013-12-19 04:00:00+01:00,137.03987324181455,157.56258725187143,153.06817042684668,146.0256467064917
2013-12-19 04:10:00+01:00,161.42362473173466,160.37386625656586,149.9500936455533,143.50289540103026
2013-12-19 04:20:00+01:00,149.15988373353292,159.72733821494322,153.47793659489022,148.5078263365672
2013-12-19 04:30:00+01:00,137.6941780938017,152.84144730959017,153.40745610667543,143.7457260306264
2013-12-19 04:40:00+01:00,167.33061109865338,161.11812603641084,150.88232531016234,143.2932458654718
2013-12-19 04:50:00+01:00,163.0625850532912,167.21415259602847,156.17479085125996,149.05183983372743
2013-12-19 05:00:00+01:00,148.12736079806203,167.3080282234503,159.42987691861464,150.791799120641
2013-12-19 05:10:00+01:00,192.28413701945345,175.5401095536224,158.6692145700084,151.96478037951246
2013-12-19 05:20:00+01:00,164.71341985199507,180.55332694578263,168.87146947152823,166.02344518920827
2013-12-19 05:30:00+01:00,144.27452155604874,171.8480450930086,170.80448364007037,162.6953550605077
2013-12-19 05:40:00+01:00,199.83220208558296,177.00211999852323,167.4744325100947,164.3749842877056
2013-12-19 05:50:00+01:00,156.33419538909803,193.16205656443145,179.6577481349629,177.72442115415097
2013-12-19 06:00:00+01:00,143.32223407904334,179.99377169849774,178.49736730657457,167.59772978632571
2013-12-19 06:10:00+01:00,201.51145994190713,181.92112000741264,174.55997957156583,172.14704230507908
2013-12-19 06:20:00+01:00,182.4923689474145,193.81921327887474,187.96804473871975,186.062380911
2013-12-19 06:30:00+01:00,133.89031098882396,192.08409159942863,194.27228667472326,190.2348626665846
2013-12-19 06:40:00+01:00,189.7395394126133,190.8669755269885,184.37368976511223,183.18266790843006
2013-12-19 06:50:00+01:00,187.9349339469853,199.94741096504669,194.90173147181378,199.36292901563053
2013-12-19 07:00:00+01:00,209.46092881455084,198.72929237994128,203.21076372288357,199.84034797209148
2013-12-19 07:10:00+01:00,197.4262665671401,244.75210050475695,216.61498817975087,227.77445625972643
2013-12-19 07:20:00+01:00,212.63688567675612,221.58603641375242,224.29402627012664,223.05627098972897
2013-12-19 07:30:00+01:00,216.06083141924427,232.9978819883558,235.67529373859733,237.90319696152145
2013-12-19 07:40:00+01:00,261.43170237526004,273.71733888420704,246.2887767655053,252.11343595933926
2013-12-19 07:50:00+01:00,296.27100234562073,278.0551926687554,269.54439133777794,282.51535377979127
2013-12-19 08:00:00+01:00,342.76181921731956,297.8608804058376,300.4350804150257,305.7625662530267
2013-12-19 08:10:00+01:00,346.6925731453356,391.9821957560775,342.15540292903717,359.46044767661607
2013-12-19 08:20:00+01:00,422.22979830298686,391.2379860595796,380.43711017881446,394.92915056300143
2013-12-19 08:30:00+01:00,488.4607549887772,440.10488421176956,439.14270856790137,464.8977377940742
2013-12-19 08:40:00+01:00,604.7331293745742,540.0189660563819,514.000638551412,553.4964094766655
2013-12-19 08:50:00+01:00,607.370634249314,624.0091577709139,619.4875332920634,665.2678013345344
2013-12-19 09:00:00+01:00,717.0960681246435,654.1651643191844,709.5277428422958,715.0752452579235
2013-12-19 09:10:00+01:00,744.4125955030348,791.6643175829541,814.3248356240965,824.2422935587849
2013-12-19 09:20:00+01:00,885.8691646569249,817.8994935480808,895.9884704367529,908.7551936683664
2013-12-19 09:30:00+01:00,956.9749876230775,933.1074683126376,995.7196000520149,1009.4743736344535
2013-12-19 09:40:00+01:00,974.4222874115709,1039.3164121960465,1086.105900512102,1097.6858195775844
2013-12-19 09:50:00+01:00,1099.8968903830025,1099.1175049319359,1147.0906437043243,1146.2143296892705
2013-12-19 10:00:00+01:00,1223.0265098359564,1211.3435501461613,1223.5857052165165,1240.481954010712
2013-12-19 10:10:00+01:00,1343.7740895969175,1361.011138140985,1316.2625577952538,1335.277314134621
2013-12-19 10:20:00+01:00,1372.3714407262266,1456.123620111579,1422.9556569650194,1456.7850737230185
2013-12-19 10:30:00+01:00,1541.0252950144395,1514.564393274593,1508.7219055596502,1545.5306668090589
2013-12-19 10:40:00+01:00,1538.6102731116114,1697.1525290658335,1620.1105555029446,1658.4408828723783
2013-12-19 10:50:00+01:00,1767.8144305583833,1690.1726911171693,1697.2662056918155,1677.1336190223033
2013-12-19 11:00:00+01:00,1720.5001740033592,1857.375531520009,1818.1752517272082,1821.2487476611784
2013-12-19 11:10:00+01:00,1655.2977562718881,1900.5505648759904,1889.7849036242833,1849.7615117947291
2013-12-19 11:20:00+01:00,1764.8961707210094,1952.4072537666593,1904.496453461964,1837.1156567884298
2013-12-19 11:30:00+01:00,1819.6340785186505,1960.168065446722,1932.1418355724857,1868.5991791309896
2013-12-19 11:40:00+01:00,2052.6956170451535,2028.0543036104057,1960.8679891216375,1917.1898903955414
2013-12-19 11:50:00+01:00,2101.9969804616767,2143.332536660155,2050.4382190214433,2045.979567073647
2013-12-19 12:00:00+01:00,2135.135202435923,2217.0277376954,2139.665077729062,2135.584795479213
2013-12-19 12:10:00+01:00,2269.4614446858823,2302.561897070987,2216.538554177064,2231.5249578642297
2013-12-19 12:20:00+01:00,2298.472882852355,2402.3638491352813,2307.710925672184,2312.6444829882657
2013-12-19 12:30:00+01:00,2442.743228078157,2417.073474438302,2379.5483871331166,2382.372332958179
2013-12-19 12:40:00+01:00,2534.7805491728072,2552.7091752947135,2466.11673743256,2457.3269031880363
2013-12-19 12:50:00+01:00,2562.878688500337,2694.4117978201457,2552.1554908896574,2559.877499767865
2013-12-19 13:00:00+01:00,2649.38390156176,2782.7452882197945,2618.635190172871,2642.0105333118613
2013-12-19 13:10:00+01:00,3079.733514443519,2816.621425644304,2683.025006247128,2741.416161854991
2013-12-19 13:20:00+01:00,2879.352555600679,3120.465400856604,2839.428964510937,2939.8504013084157
2013-12-19 13:30:00+01:00,3051.9825326139958,3072.1878137682615,2917.3703754273483,3004.583693655996
2013-12-19 13:40:00+01:00,3203.6880296283844,3255.2989307056555,3009.623405069609,3137.8657379390947
2013-12-19 13:50:00+01:00,3184.9203645597727,3287.0192767040267,3111.627520870342,3167.737745584688
2013-12-19 14:00:00+01:00,3255.8199028504423,3339.5138898995333,3179.6880010325444,3206.729028247589
2013-12-19 14:10:00+01:00,3134.402113538145,3354.3240014754256,3238.146005421377,3179.5446230750895
2013-12-19 14:20:00+01:00,3258.1519848721173,3271.1442135334178,3239.3653838457276,3160.2040298719667
2013-12-19 14:30:00+01:00,3144.569117852562,3447.9742856124176,3255.154797090894,3128.8319753030783
2013-12-19 14:40:00+01:00,3201.7523314251794,3356.4982920325497,3229.40080644121,3127.5004156139394
2013-12-19 14:50:00+01:00,2828.0122826513634,3312.4798532727864,3212.4514949981526,3104.139511183507
2013-12-19 15:00:00+01:00,3105.1985250868565,3100.4732213534467,3090.3102877536844,2991.0662264128414
2013-12-19 15:10:00+01:00,2825.0268339070653,3232.212273994398,3051.114994852473,3006.603220478623
2013-12-19 15:20:00+01:00,2680.860336062098,3068.058735363422,2950.663876706391,2892.1467150092176
2013-12-19 15:30:00+01:00,2901.164357907592,2888.5380837417933,2825.186097078079,2814.8758979561035
2013-12-19 15:40:00+01:00,2752.326020835195,2908.0598221908344,2780.8826862583815,2795.7842902967272
2013-12-19 15:50:00+01:00,2739.1607345507177,2761.453992415891,2720.7319777341095,2750.309917428854
2013-12-19 16:00:00+01:00,2807.926953434118,2816.533434955099,2673.8311622482743,2704.8571270813363
2013-12-19 16:10:00+01:00,2584.647400885469,2813.838426014139,2658.6052232049233,2691.153612824453
2013-12-19 16:20:00+01:00,2495.299646205601,2651.9141764757933,2594.489686153207,2623.3307903433433
2013-12-19 16:30:00+01:00,2745.706886709115,2652.842781214326,2512.867238050473,2561.025907894133
2013-12-19 16:40:00+01:00,2450.8028465302964,2660.0649050343272,2508.593659614597,2579.7661920809583
2013-12-19 16:50:00+01:00,2718.514610508946,2447.4188560221487,2441.0240142737716,2492.483626184803
2013-12-19 17:00:00+01:00,2651.8242539923936,2663.6579169999836,2450.6300436807933,2537.9770512872938
2013-12-19 17:10:00+01:00,2449.5355814077093,2619.8713328539116,2453.2931991465957,2495.613064411476
2013-12-19 17:20:00+01:00,2364.176910891732,2483.7347984757785,2404.079307635786,2456.3380838510557
2013-12-19 17:30:00+01:00,2622.104593469219,2412.9471767344576,2331.275463729346,2356.6799558416437
2013-12-19 17:40:00+01:00,2355.841113979691,2497.442235175177,2332.4369976563326,2409.4712899104575
2013-12-19 17:50:00+01:00,2382.0018107642663,2345.5221189650597,2276.548711044714,2327.7080084585787
2013-12-19 18:00:00+01:00,2420.4247558234865,2433.355621297741,2233.488741297962,2335.5040447623246
2013-12-19 18:10:00+01:00,2299.2362821535507,2340.539755567445,2209.7262164423905,2312.3152828318043
2013-12-19 18:20:00+01:00,2240.367438013967,2309.8325566980466,2163.8426315462843,2260.626168403435
2013-12-19 18:30:00+01:00,2492.7871933938977,2259.6978976338514,2109.8700761577497,2204.6191705563674
2013-12-19 18:40:00+01:00,2202.0071146875607,2289.910275025054,2129.136693351435,2252.9052196622197
2013-12-19 18:50:00+01:00,2133.3736147695986,2131.866730045937,2084.233655121347,2151.2334430232577
2013-12-19 19:00:00+01:00,2326.3214458188872,2165.8947199988997,2022.5394871645115,2081.185853654455
2013-12-19 19:10:00+01:00,1970.256784462737,2101.199144864146,2017.5963829346397,2087.4706559699557
2013-12-19 19:20:00+01:00,1808.8307854157467,1911.998992767933,1928.990967660319,1945.3301897270403
2013-12-19 19:30:00+01:00,1778.773170198912,1889.5669531550773,1804.2723151974626,1821.2387270430256
2013-12-19 19:40:00+01:00,1635.787719109659,1687.2325931097942,1694.147127545602,1699.523326968699
2013-12-19 19:50:00+01:00,1787.2637532046163,1568.6877748627248,1576.0911216457305,1563.5730466994605
2013-12-19 20:00:00+01:00,1440.8886721880199,1674.494850334129,1532.472237310917,1546.6365364049298
2013-12-19 20:10:00+01:00,1445.5644674539708,1412.0846742161002,1423.6634215327874,1393.1396146154364
2013-12-19 20:20:00+01:00,1165.559039153461,1338.3531025538894,1341.764697952102,1319.0849858294175
2013-12-19 20:30:00+01:00,983.6175479920739,1232.6576706621313,1205.929071300661,1180.5217958196445
2013-12-19 20:40:00+01:00,1067.5725188758042,999.3311809990668,1051.426304049464,1053.0384571380227
2013-12-19 20:50:00+01:00,1064.6182239351729,984.810902981509,969.5756563538575,1014.3882809227986
2013-12-19 21:00:00+01:00,953.1277380167767,987.3334808961608,924.7066260610526,1001.1356422447917
2013-12-19 21:10:00+01:00,991.1119054543544,928.3084983324054,874.3848659677817,939.2096995422116
2013-12-19 21:20:00+01:00,837.1151397881082,874.9284106191833,850.6078221691924,918.2404021928779
2013-12-19 21:30:00+01:00,743.8278799292221,808.7488526988931,795.4933220610052,812.174736947616
2013-12-19 21:40:00+01:00,719.1316889898059,732.3607542826755,727.6829374659588,735.2102148775786
2013-12-19 21:50:00+01:00,640.9126234522488,680.3820322572254,672.9331229711973,673.4862980795639
2013-12-19 22:00:00+01:00,713.2597044109507,609.5952211992465,616.5060821671059,615.4039256479307
2013-12-19 22:10:00+01:00,645.8009501561384,647.7567924679308,598.0415401426382,621.0086194160193
2013-12-19 22:20:00+01:00,572.8273669647257,588.5404043928854,572.6395345893078,582.5621132243293
2013-12-19 22:30:00+01:00,602.1082651205095,547.1541891346864,536.6916994820867,537.3186682355586
2013-12-19 22:40:00+01:00,612.7761073387328,554.6954019619861,518.4470396258728,528.0191732581384
2013-12-19 22:50:00+01:00,511.6283892034662,536.1583537348273,508.9125068791701,513.4991439177156
2013-12-19 23:00:00+01:00,441.1131532476022,493.09528531714784,477.60795469452654,477.3447080107604
2013-12-19 23:10:00+01:00,420.68939333691895,449.05847373457385,436.321629949362,440.79394992115056
2013-12-19 23:20:00+01:00,422.7639309716791,411.78623275817677,402.7433204370214,417.23889145426915
2013-12-19 23:30:00+01:00,424.813802766231,405.40622476067097,381.0711983788126,404.0389530478945
2013-12-19 23:40:00+01:00,384.1681117928519,393.53832931749776,367.35317686272106,394.9250649064769
2013-12-19 23:50:00+01:00,292.08993344227594,356.23884343014373,348.66104692724304,372.4334972396773
2013-12-20 00:00:00+01:00,320.8548608702784,311.75022084007577,312.4873880681612,316.9093161656845
2013-12-20 00:10:00+01:00,295.0888240231719,319.15484176741364,296.13720185036016,307.06277232290086
2013-12-20 00:20:00+01:00,295.930735817044,277.96241579963487,279.874583093932,283.4495191251165
2013-12-20 00:30:00+01:00,256.0935387514627,278.43336225905455,269.7677544595768,274.86595221612833
2013-12-20 00:40:00+01:00,206.02028699020246,258.3559782896349,254.15449465078711,251.03098069959543
2013-12-20 00:50:00+01:00,217.9249505451503,216.40438640330873,231.7131612482216,220.45596256323233
2013-12-20 01:00:00+01:00,242.26109047807194,210.04091721820066,220.77465347058885,210.19969669880777
2013-12-20 01:10:00+01:00,174.30727529920304,215.89569153211266,219.40286867175635,208.76582830212251
2013-12-20 01:20:00+01:00,178.3624895996379,177.96538535028753,202.37828154850735,183.13075827944812
2013-12-20 01:30:00+01:00,175.14631321298384,177.80199546532265,192.69835599192896,177.82901845313995
2013-12-20 01:40:00+01:00,152.33877903626714,173.19802539591015,185.5996479702637,168.66767414740642
2013-12-20 01:50:00+01:00,180.4087312079657,158.8095658629394,175.24496852780493,162.3650930009512
2013-12-20 02:00:00+01:00,171.04825715394256,163.2906134351406,174.9220608691563,164.50488949174053
2013-12-20 02:10:00+01:00,161.85027633466174,159.4971788088107,172.4864086233524,158.0930766147121
2013-12-20 02:20:00+01:00,185.78027659485545,161.32072127135055,168.68963014271628,154.71556168414995
2013-12-20 02:30:00+01:00,189.96631002664574,173.37531976130086,171.40965831632457,158.5878928748844
2013-12-20 02:40:00+01:00,159.52863581588178,169.34815252169105,174.27782892347108,160.02762490938008
2013-12-20 02:50:00+01:00,174.65320720775034,170.59944105221567,169.49622394257133,157.7502631506636
2013-12-20 03:00:00+01:00,173.67646954474253,170.36746385002186,169.9172131871141,160.98232328997724
2013-12-20 03:10:00+01:00,210.40674521528015,165.99807010129638,170.08482658540225,158.15545242657345
2013-12-20 03:20:00+01:00,215.7389642710228,194.41105669145793,178.2325904394676,173.282911085073
2013-12-20 03:30:00+01:00,178.25207816386845,204.52337236942796,185.72074426964602,178.82705724610486
2013-12-20 03:40:00+01:00,188.90145295184752,185.20772693586136,183.0544456957084,173.94103905920986
2013-12-20 03:50:00+01:00,167.10315362723503,198.21166463546479,184.2159166365767,177.9991166017443
2013-12-20 04:00:00+01:00,169.19827912810726,180.67161704513308,179.98620270225956,170.71084939923387
2013-12-20 04:10:00+01:00,178.67270202915898,173.546371820766,177.8609268602401,171.42805927014942
2013-12-20 04:20:00+01:00,154.4512476431332,180.93159799074945,178.9306629826695,171.53801427331334
2013-12-20 04:30:00+01:00,164.45603344192116,173.65540103026996,173.76366781809728,166.92862148246246
2013-12-20 04:40:00+01:00,150.4502013784426,172.0468022277514,173.02991394912135,169.5859762953762
2013-12-20 04:50:00+01:00,157.78348111259098,162.72549685124855,169.12174746240638,163.9917942718594
2013-12-20 05:00:00+01:00,150.8773208692979,160.10130221876665,168.5479223155437,163.51511055823238
2013-12-20 05:10:00+01:00,154.23660128905453,156.5846029701324,166.62461494758492,160.04214338661316
2013-12-20 05:20:00+01:00,181.1986822665034,161.2432920054589,166.45400239974447,160.32008321700363
2013-12-20 05:30:00+01:00,191.88644164475403,174.1312879366382,173.39085225627295,170.33817178407088
2013-12-20 05:40:00+01:00,183.4331477599359,182.8586973338751,181.8579210916833,181.58692269550744
2013-12-20 05:50:00+01:00,154.46096759489487,181.6802865311729,187.04783914632625,186.0836158201699
2013-12-20 06:00:00+01:00,191.37867000837022,170.07200424446822,183.60160522291358,181.23242662380406
2013-12-20 06:10:00+01:00,142.1596574518059,185.30962050766357,192.1655643503296,192.793217714048
2013-12-20 06:20:00+01:00,163.77123826219884,169.15730051172548,184.71692155557292,178.8261538281987
2013-12-20 06:30:00+01:00,186.41087200627024,175.9841445676263,186.68770992748026,190.25599991721865
2013-12-20 06:40:00+01:00,174.15650488207154,185.73664113957986,195.28897489520557,193.45094782019382
2013-12-20 06:50:00+01:00,208.7821609085626,194.75160899689874,199.04632157628558,200.62389216082988
2013-12-20 07:00:00+01:00,232.60472252868118,221.14103184948965,212.66109669794182,219.4688356880283
2013-12-20 07:10:00+01:00,239.04326388395526,234.60906656477374,231.12354008359327,239.6410966084144
2013-12-20 07:20:00+01:00,270.35875498465947,258.5690821085854,248.97193498581765,258.5837792994743
2013-12-20 07:30:00+01:00,315.4996875703942,289.5673066213994,273.8732635010216,287.12121979947784
2013-12-20 07:40:00+01:00,319.7182355636193,318.40544377175223,309.32958021910946,317.1777890701284
2013-12-20 07:50:00+01:00,377.8523219965641,353.34259268143984,341.9979535642838,346.15659651684143
2013-12-20 08:00:00+01:00,352.55076036185295,414.5185684895135,389.4144062906968,408.91504579733265
2013-12-20 08:10:00+01:00,383.3799070414188,390.23597232057347,421.5863996857348,426.2335688258067
2013-12-20 08:20:00+01:00,457.7913815296144,450.2305314892583,458.39040117413066,483.2960597838964
2013-12-20 08:30:00+01:00,519.1234567663073,500.252435671173,515.3226115688522,549.2820528075204
2013-12-20 08:40:00+01:00,592.0156234283004,547.8514075543469,584.7060158609124,635.3050681576236
2013-12-20 08:50:00+01:00,682.5120157015944,641.8685044333046,666.6542424213376,699.3295993872886
2013-12-20 09:00:00+01:00,815.2566292754292,720.0941520222548,762.1330282314719,802.4382945898171
2013-12-20 09:10:00+01:00,893.1666128774608,817.480541572346,879.949433745277,898.5511329670838
2013-12-20 09:20:00+01:00,951.8005583399396,931.8703890938782,993.286921868455,992.3042707161935
2013-12-20 09:30:00+01:00,889.6656756141371,1021.1362367595174,1089.094970600589,1077.3115248937927
2013-12-20 09:40:00+01:00,1044.0207602265414,1020.7094412858429,1119.3158678999107,1074.6184930558948
2013-12-20 09:50:00+01:00,1141.5234197001528,1141.1966646693324,1179.1358067995066,1172.7709209057975
2013-12-20 10:00:00+01:00,1331.02199644499,1212.1551479210607,1250.5931195705791,1240.4328597435574
2013-12-20 10:10:00+01:00,1221.1820332134453,1356.8694080181378,1364.9915163524352,1379.3963615734765
2013-12-20 10:20:00+01:00,1363.394858811753,1392.8970540933265,1413.4425002771893,1391.5696814543903
2013-12-20 10:30:00+01:00,1549.38743153856,1487.1662990788618,1485.1610248523316,1489.3108611103717
2013-12-20 10:40:00+01:00,1544.8606875603273,1592.4493965580423,1594.722550382101,1563.7702000697448
2013-12-20 10:50:00+01:00,1697.7923816756988,1646.6079174394197,1675.387104481746,1633.9934189047333
2013-12-20 11:00:00+01:00,1738.712584381243,1813.2797687978314,1776.958193587461,1736.5421612923765
2013-12-20 11:10:00+01:00,1758.3699015189936,1829.0474713356202,1860.52119606277,1812.0205396044253
2013-12-20 11:20:00+01:00,1717.3818826052748,1948.2335202868987,1918.293865493665,1842.3611401140975
2013-12-20 11:30:00+01:00,2046.7504347800004,1937.1134264522173,1932.4271727341632,1844.217849568997
2013-12-20 11:40:00+01:00,1989.8289110019257,2040.5848417455989,2031.7672097717698,1973.1770044927746
2013-12-20 11:50:00+01:00,2381.054740755783,2136.363285299418,2093.7876540101424,2019.9948018292582
2013-12-20 12:00:00+01:00,2271.2346295292778,2411.6585902365155,2250.3315730259856,2248.700271127797
2013-12-20 12:10:00+01:00,2400.4789142208974,2338.529379784093,2347.671640887688,2273.5508683594435
2013-12-20 12:20:00+01:00,2226.8410081129687,2573.073913552043,2448.02863457508,2410.5234349801535
2013-12-20 12:30:00+01:00,2358.4517378261553,2550.6150288399854,2457.6682266344,2378.313165659126
2013-12-20 12:40:00+01:00,2492.5641437400623,2487.7065130463634,2479.6956562011387,2467.4059211053914
2013-12-20 12:50:00+01:00,2654.9883148253366,2628.2647046873585,2523.4217746351746,2529.24741581286
2013-12-20 13:00:00+01:00,2834.7442128128737,2796.278382102049,2600.2432104135705,2699.315086530571
2013-12-20 13:10:00+01:00,2796.336689338997,2841.2147966143675,2711.7120908873235,2839.800389942655
2013-12-20 13:20:00+01:00,3057.389463717066,2955.8644923977345,2791.995485488631,2936.0191611131177
2013-12-20 13:30:00+01:00,3188.3403287128976,3197.9109790541634,2915.9073769999113,3055.1121418899434
2013-12-20 13:40:00+01:00,3221.6808742543076,3189.2115990725156,3046.187455918452,3106.8255047235207
2013-12-20 13:50:00+01:00,3524.6062732506516,3294.5093100699955,3152.931883750658,3125.1827975995434
2013-12-20 14:00:00+01:00,3223.6046779304047,3505.1131318033704,3301.796657331311,3202.106898508863
2013-12-20 14:10:00+01:00,3420.8806611306845,3376.8302306168043,3337.9707406775333,3164.13818178951
2013-12-20 14:20:00+01:00,3430.338261397512,3504.977934224097,3391.726088197275,3207.8947521695327
2013-12-20 14:30:00+01:00,3298.1097496739517,3434.3932704756467,3423.4899719836885,3204.202134461557
2013-12-20 14:40:00+01:00,3026.8646999421208,3381.344875347626,3401.6336906235156,3194.143082189216
2013-12-20 14:50:00+01:00,3372.5327205685285,3173.138519019827,3292.511553276951,3091.3048009110184
2013-12-20 15:00:00+01:00,3101.176111267436,3303.5774871696026,3276.657146178585,3184.7782151288097
2013-12-20 15:10:00+01:00,3045.330459174396,3186.788533111037,3199.289019243478,3070.0179168310387
2013-12-20 15:20:00+01:00,3055.9317954110975,3196.6194967506526,3115.987886002203,3052.905786418626
2013-12-20 15:30:00+01:00,2986.7649359562242,3039.561931845055,3048.9239485706903,2962.246478527394
2013-12-20 15:40:00+01:00,3136.2237396105165,3046.588400679276,2979.5150420620894,2945.614436084858
2013-12-20 15:50:00+01:00,3131.0836766029715,3164.9277488432463,2963.781024958317,2920.8281515749836
2013-12-20 16:00:00+01:00,3260.1056479460967,3001.5648956085133,2960.127270175326,2922.670321556501
2013-12-20 16:10:00+01:00,3274.444813113249,3110.0844592332055,2994.1871183535277,2955.275177772326
2013-12-20 16:20:00+01:00,3278.2549995689146,3176.4989375034384,3032.083376918412,2990.9650693452577
2013-12-20 16:30:00+01:00,3278.9110789634487,3172.2482355627353,3063.7192282727656,2992.988454122266
2013-12-20 16:40:00+01:00,3529.7247247170953,3179.0070132946043,3084.293367434052,2988.70191443831
2013-12-20 16:50:00+01:00,3394.194194877176,3272.491574791306,3152.564905025638,3045.983073007977
2013-12-20 17:00:00+01:00,3234.2071748373237,3179.627971522857,3178.7583185532935,3054.8872438780686
2013-12-20 17:10:00+01:00,3389.9430555221684,3047.121834145182,3149.5108331227766,3034.9630188799674
2013-12-20 17:20:00+01:00,3076.820474819462,3187.107115703857,3146.4118550551366,3043.2512857348343
2013-12-20 17:30:00+01:00,3169.0256514371504,3128.733384775333,3062.220296890912,2964.668792482484
2013-12-20 17:40:00+01:00,3152.813292928822,3092.976336941044,3001.8352033618257,2967.2546960089912
2013-12-20 17:50:00+01:00,2945.2570829354518,3002.2388756221044,2947.988318162419,2925.6292698110183
2013-12-20 18:00:00+01:00,2751.2407057623977,2919.306320785136,2855.0183717545624,2867.2041532426197
2013-12-20 18:10:00+01:00,2526.086363808874,2799.34172298182,2726.023590791605,2741.8231846870126
2013-12-20 18:20:00+01:00,2513.1202697284125,2536.395359486824,2558.77044478097,2624.0324966358858
2013-12-20 18:30:00+01:00,2452.4889786194076,2454.436151319114,2420.811044534214,2531.0560189989747
2013-12-20 18:40:00+01:00,2226.2948976824414,2344.9275111137604,2306.493084063472,2444.104471963549
2013-12-20 18:50:00+01:00,2231.8540436912117,2209.141261572352,2170.951765023682,2292.923449950748
2013-12-20 19:00:00+01:00,2045.1723911260906,2106.3604224334267,2073.177632577007,2202.1860646042483
2013-12-20 19:10:00+01:00,1932.1817819671633,1966.4416505081474,1961.4565124094233,2045.3102649986633
2013-12-20 19:20:00+01:00,1809.0938692333534,1819.0733402720903,1851.3330223408752,1911.4111495278833
2013-12-20 19:30:00+01:00,1682.2748232455915,1695.931273807658,1739.8787021486517,1753.743953070455
2013-12-20 19:40:00+01:00,1658.5393864433915,1568.3827077117971,1626.27517525447,1599.072075508829
2013-12-20 19:50:00+01:00,1627.1318128969829,1559.97087998253,1539.6350626446856,1513.7157287145944
2013-12-20 20:00:00+01:00,1571.7871199941262,1429.0171753662946,1475.7241019231571,1420.7122733957397
2013-12-20 20:10:00+01:00,1417.9407513716649,1414.3816570206752,1422.2618680181638,1369.0666782342316
2013-12-20 20:20:00+01:00,1296.3013396407569,1344.3979178902584,1345.921803747401,1268.112013904164
2013-12-20 20:30:00+01:00,1142.2091077956493,1206.1301636333867,1253.5491463535595,1194.7942237109517
2013-12-20 20:40:00+01:00,1166.7402506036506,1087.3730081449216,1140.2043099656742,1095.8864105845987
2013-12-20 20:50:00+01:00,1058.700025643568,1083.7886669760803,1064.9219264554947,1073.0089876322215
2013-12-20 21:00:00+01:00,881.558410641106,1000.8337928881223,989.1630179294705,1015.7379450297381
2013-12-20 21:10:00+01:00,897.3151194870408,896.3659732925955,889.3632365371935,922.0358427761175
2013-12-20 21:20:00+01:00,777.0236581361162,865.7123558585498,824.7956662198718,875.850783990995
2013-12-20 21:30:00+01:00,764.114738732356,753.7047653489244,752.8133786264326,778.095501343438
2013-12-20 21:40:00+01:00,716.7286343989679,723.2170986106776,702.3142359098787,732.641933533212
2013-12-20 21:50:00+01:00,641.4411633097075,678.5603051120188,658.7141266324877,692.907431992312
2013-12-20 22:00:00+01:00,796.3833848117757,635.9958408570711,610.8930009233384,635.9085776766261
2013-12-20 22:10:00+01:00,612.7666021978904,683.1513261448082,616.0804249574189,670.9136422281802
2013-12-20 22:20:00+01:00,640.7963391743685,573.1691855775296,579.2246646095424,594.790292891501
2013-12-20 22:30:00+01:00,594.8789978391299,579.4390711257279,558.1707653972336,579.9907970318108
2013-12-20 22:40:00+01:00,603.3621102896908,559.1283751656392,531.8780288330198,535.9733315467341
2013-12-20 22:50:00+01:00,514.1576935703727,539.4867414733578,515.1390019876837,519.0775905459135
2013-12-20 23:00:00+01:00,460.330469444625,497.5879303963547,481.3891469684729,478.828007835886
2013-12-20 23:10:00+01:00,372.4422441896763,447.8144374054532,443.52456669062764,446.61443679312873
2013-12-20 23:20:00+01:00,336.61069902166724,378.06177929816556,394.3399079215059,391.68811220951386
2013-12-20 23:30:00+01:00,280.37223634351284,348.18205082216264,352.75471521148705,358.75599058208235
2013-12-20 23:40:00+01:00,322.4158153523704,292.0675839530167,311.32959133912084,303.90557593875036
2013-12-20 23:50:00+01:00,283.09523696169595,297.5597731734876,295.8185260808855,305.0681406614625
2013-12-21 00:00:00+01:00,408.79402833506043,278.97793134706563,276.9321294633064,277.210959808372
2013-12-21 00:10:00+01:00,251.3852793634796,320.71580781511494,290.7438421922144,322.25499805264457
2013-12-21 00:20:00+01:00,240.89424085063007,267.83845251286454,266.54180316421946,260.42884578507255
2013-12-21 00:30:00+01:00,218.96946807047425,251.37057445252526,248.15289250129925,244.4158810995927
2013-12-21 00:40:00+01:00,215.77421086978106,216.4532162767505,231.20966195471001,217.45676779835898
2013-12-21 00:50:00+01:00,185.7218044804621,212.29769871410596,219.90989052137698,204.15462166242693
2013-12-21 01:00:00+01:00,219.384309088298,192.95263522777321,205.46286848994953,187.93317884663898
2013-12-21 01:10:00+01:00,211.2913277228449,197.87578578643297,204.11696419072035,190.28682709797928
2013-12-21 01:20:00+01:00,178.29423170755484,193.6113027555075,201.58280323224426,181.6169972538511
2013-12-21 01:30:00+01:00,155.89793725996577,184.3606773946852,192.2231430661522,175.13583189942582
2013-12-21 01:40:00+01:00,151.62740792268534,157.7991789184278,180.54731216411176,161.7699833327343
2013-12-21 01:50:00+01:00,149.15113078382652,155.60599499299042,171.89184408882565,154.01321790053134
2013-12-21 02:00:00+01:00,150.27457309929034,157.36175827832872,165.44856677719142,150.74572180112767
2013-12-21 02:10:00+01:00,152.64250469395122,148.62197643144663,161.23437040324183,148.84111798204532
2013-12-21 02:20:00+01:00,146.28990190594385,153.44610000822846,158.75968809796166,147.49612068267098
2013-12-21 02:30:00+01:00,124.0085975070541,152.49592304724072,155.4914036525295,145.20066271220614
2013-12-21 02:40:00+01:00,140.75583912090605,138.9305885344964,147.85989692262712,137.6962801918655
2013-12-21 02:50:00+01:00,125.73199348243067,134.1593785627032,146.65105687421024,135.98071891547082
2013-12-21 03:00:00+01:00,123.5893081080935,136.1831337832267,142.20073993374956,131.59948059163312
2013-12-21 03:10:00+01:00,146.927884172056,134.08045207409774,138.63376820398335,132.5322510835215
2013-12-21 03:20:00+01:00,124.38357141287877,141.32419081694502,141.15574094131833,134.42020744515779
2013-12-21 03:30:00+01:00,133.63641824487547,134.4298610891982,137.902418303268,131.5393420600493
2013-12-21 03:40:00+01:00,151.0684975065832,138.09177012596174,137.82351141667056,132.30410573767895
2013-12-21 03:50:00+01:00,124.37742687108396,140.32495869234094,141.45275780684716,133.76784172417143
2013-12-21 04:00:00+01:00,127.792397419427,130.74531369821213,138.2573834410737,127.28773805393777
2013-12-21 04:10:00+01:00,139.45918071108613,137.5308827435199,137.06891968213478,128.80431630859655
2013-12-21 04:20:00+01:00,113.93145975962479,135.339864793211,138.91159017065655,128.15481912925847
2013-12-21 04:30:00+01:00,122.52346714731334,129.82104668198934,134.4158497398582,125.03920919582472
2013-12-21 04:40:00+01:00,140.00160070819962,135.39789408643892,133.56908199849775,127.65709436606537
2013-12-21 04:50:00+01:00,114.01265830259102,132.8931619625209,136.8774594620147,129.79522216659575
2013-12-21 05:00:00+01:00,134.51646904289706,129.38744939772286,133.39406192716797,127.10632773218842
2013-12-21 05:10:00+01:00,143.63505929629918,140.20979500438398,135.97471153049818,134.7980581195633
2013-12-21 05:20:00+01:00,108.21251555999137,141.4191065079564,140.04230022631776,135.90963291990363
2013-12-21 05:30:00+01:00,125.43552749159909,131.85046290118146,134.73733514170146,132.5987354825979
2013-12-21 05:40:00+01:00,124.96248377447156,141.6237866336817,135.77384844516334,137.91867661745388
2013-12-21 05:50:00+01:00,126.73486948731588,129.76942050480534,136.61669982216395,136.52384566151144
2013-12-21 06:00:00+01:00,122.21121178304307,141.37108015197768,137.93557822793863,141.22951218890347
2013-12-21 06:10:00+01:00,121.18921194734097,139.71010356681552,138.1233695907224,140.68024715841463
2013-12-21 06:20:00+01:00,108.15402782149579,133.56610374876215,138.40504053110587,142.778426350154
2013-12-21 06:30:00+01:00,142.08627214890706,135.97822665567116,135.5450220811073,142.20336485352357
2013-12-21 06:40:00+01:00,152.99304643296284,157.37648798529042,142.33879818121784,150.94311183135494
2013-12-21 06:50:00+01:00,118.65697548662527,152.7938916425412,150.41051682484186,156.17762923739755
2013-12-21 07:00:00+01:00,147.33125052069272,157.77824397086712,147.92228443231147,155.47247259202058
2013-12-21 07:10:00+01:00,190.51249076320627,171.57821979468295,154.52163279176656,167.84688768133935
2013-12-21 07:20:00+01:00,157.04752999065758,186.49285797562817,170.65175667880493,186.2082289597587
2013-12-21 07:30:00+01:00,164.99595827680673,194.59745846299327,175.46267797492402,191.18201453654046
2013-12-21 07:40:00+01:00,186.3249070583533,206.72039008369006,182.17634772478226,204.70266147589157
2013-12-21 07:50:00+01:00,186.6871942685496,205.5758457517482,194.0627272695138,211.82398300146556
2013-12-21 08:00:00+01:00,205.55936938267206,226.71120124591596,204.07817196933902,226.9528951080975
2013-12-21 08:10:00+01:00,196.18859819594852,251.3583758173911,218.1017365486434,244.1089410579037
2013-12-21 08:20:00+01:00,191.43242554678886,238.46822158726894,226.78022163740732,251.62252579902076
2013-12-21 08:30:00+01:00,309.6654694035888,261.7394591687676,232.22300890971064,264.26565354597477
2013-12-21 08:40:00+01:00,279.31417103308496,339.16283804612345,271.7133087780368,324.64853914868894
2013-12-21 08:50:00+01:00,268.8868587772839,312.5052446130888,298.3255469867451,335.0240932614591
2013-12-21 09:00:00+01:00,373.03028041005814,355.11463179538754,317.14908270023477,373.1561004381675
2013-12-21 09:10:00+01:00,390.93958202097235,416.22426999171665,367.3981427990914,434.869405773333
2013-12-21 09:20:00+01:00,502.57407596578537,435.9325134524596,418.96833323668625,491.5289579566487
2013-12-21 09:30:00+01:00,582.1602023010975,542.3005912977852,502.059127657782,603.2539375347199
2013-12-21 09:40:00+01:00,601.1610928559709,629.534782226878,604.5250020924656,699.9895980623115
2013-12-21 09:50:00+01:00,754.6819569557177,643.1394521986732,697.9429431610374,777.050069959247
2013-12-21 10:00:00+01:00,991.0583984087252,823.4381826923708,822.5988810390569,910.6749229784579
2013-12-21 10:10:00+01:00,1191.5288993278511,959.7008536912766,997.465799469897,1081.3618097117992
2013-12-21 10:20:00+01:00,1183.197351601158,1113.804538297629,1199.031455184471,1280.5191788431973
2013-12-21 10:30:00+01:00,1464.592219430088,1355.4334620309687,1342.5085848591455,1402.715663403468
2013-12-21 10:40:00+01:00,1627.2996510372031,1475.4364005207271,1521.4808214414008,1598.9172878145412
2013-12-21 10:50:00+01:00,1823.7963255160344,1660.523445763111,1695.8442970722,1769.357409775515
2013-12-21 11:00:00+01:00,1806.9460479528143,2023.3780740287198,1876.0820753671853,1985.9050303915903
2013-12-21 11:10:00+01:00,2013.106949287701,2003.775030379659,1992.5713974580995,2064.1941350367188
2013-12-21 11:20:00+01:00,2429.833733579505,2181.5227930670712,2123.3974763265537,2196.4282968092475
2013-12-21 11:30:00+01:00,2454.531025786859,2642.3238416125782,2333.9846015227804,2478.6370674014947
2013-12-21 11:40:00+01:00,2610.0925066717796,2670.7360651761805,2505.6186285140607,2623.6789472134924
2013-12-21 11:50:00+01:00,3039.940652591627,2754.1371914305782,2670.5808058394664,2741.679435049129
2013-12-21 12:00:00+01:00,3289.7625262860306,3143.7574044530397,2902.113020350757,2951.737746503136
2013-12-21 12:10:00+01:00,3277.9907973740014,3409.527901284778,3144.916048296914,3093.575033678212
2013-12-21 12:20:00+01:00,3280.968589605382,3413.7690938204278,3322.8333801122117,3194.946643322791
2013-12-21 12:30:00+01:00,3712.0480794312016,3585.0578232694847,3436.5069602963135,3317.8519772352543
2013-12-21 12:40:00+01:00,3323.2079792119266,3670.7268991321494,3607.6395326269476,3526.684619141133
2013-12-21 12:50:00+01:00,3579.2656451159773,3590.910892484617,3625.4435390017525,3471.3472417984335
2013-12-21 13:00:00+01:00,3672.262724219391,3679.9750490664396,3675.9693372689185,3633.2346973288686
2013-12-21 13:10:00+01:00,3719.9592210341175,3733.839914721205,3724.909693226171,3716.896254335971
2013-12-21 13:20:00+01:00,3381.2672527106074,3852.2666067640994,3767.306309338969,3808.860316301311
2013-12-21 13:30:00+01:00,3742.539503306832,3707.7708661555384,3702.5389044015683,3765.2786453074355
2013-12-21 13:40:00+01:00,3613.5343041575966,3749.288020075013,3725.2638406012115,3939.843318553842
2013-12-21 13:50:00+01:00,3626.544659109674,3851.8700467335666,3712.1646292605687,3923.0284199228527
2013-12-21 14:00:00+01:00,3952.793121249553,3752.6701950689885,3699.3234845436104,3979.219751471956
2013-12-21 14:10:00+01:00,4221.103758177353,3905.4471235519895,3764.7074748830278,4081.9101707140694
2013-12-21 14:20:00+01:00,4256.291757440721,4082.885985533697,3888.4304236358657,4237.901097026711
2013-12-21 14:30:00+01:00,4343.981501853526,4385.566831843005,4007.7182271882384,4290.395174189502
2013-12-21 14:40:00+01:00,4247.047316841919,4155.997283060813,4123.311429173953,4358.648048949107
2013-12-21 14:50:00+01:00,4482.816748523909,4243.918755790891,4187.658352065294,4325.298569716183
2013-12-21 15:00:00+01:00,4332.154939138822,4380.9664163794505,4276.495713713177,4441.342401668226
2013-12-21 15:10:00+01:00,4579.678363882214,4365.930957114161,4305.986863690594,4425.025129329046
2013-12-21 15:20:00+01:00,4600.044053857119,4529.237319280242,4367.88690483486,4480.5386829089375
2013-12-21 15:30:00+01:00,4888.674485362086,4666.491792967043,4416.359940391035,4471.045815561674
2013-12-21 15:40:00+01:00,4814.121333423062,4770.355388924192,4508.8566726747695,4558.882011784346
2013-12-21 15:50:00+01:00,5115.530077872615,4718.065772612058,4568.126414621057,4561.966975348806
2013-12-21 16:00:00+01:00,4931.131627617077,4922.224764799029,4668.757357906057,4672.619084240871
2013-12-21 16:10:00+01:00,5197.421780300487,4859.98973293979,4710.885222620149,4682.039385891958
2013-12-21 16:20:00+01:00,5152.100810177668,4917.092246421656,4784.433825897401,4782.410894584844
2013-12-21 16:30:00+01:00,5161.937927241289,5029.34899542088,4829.819806494626,4819.721267819154
2013-12-21 16:40:00+01:00,5238.319086874514,5020.000368290538,4856.700641705522,4859.428087552022
2013-12-21 16:50:00+01:00,5195.2694844972175,5024.430950870814,4881.4254968913165,4866.838310176858
2013-12-21 17:00:00+01:00,5096.81063192002,4873.482091204375,4882.762149706935,4880.418607797276
2013-12-21 17:10:00+01:00,4723.405888823008,4863.275106971505,4850.810918098742,4866.343283159551
2013-12-21 17:20:00+01:00,4707.659783618527,4521.779085063799,4729.411706123977,4741.17316704445
2013-12-21 17:30:00+01:00,4619.044402270679,4595.01297049297,4602.46633246316,4620.681991531396
2013-12-21 17:40:00+01:00,4474.986686322363,4354.490405527243,4466.661477541357,4505.973452501004
2013-12-21 17:50:00+01:00,4293.825706148151,4253.932320541879,4315.975683491376,4397.621718512783
2013-12-21 18:00:00+01:00,4229.714958241941,4019.133730863126,4146.591496393055,4256.152542141409
2013-12-21 18:10:00+01:00,3847.8634339486293,3828.1910140400596,3989.2373316730614,4126.706958412544
2013-12-21 18:20:00+01:00,3759.31599737606,3511.834349753668,3776.1924904418483,3899.0730403478924
2013-12-21 18:30:00+01:00,3328.4039210997857,3566.3533651874113,3577.586165439304,3722.2121954150043
2013-12-21 18:40:00+01:00,3298.8413227687415,3099.1806666810253,3319.8844937938757,3382.939314198922
2013-12-21 18:50:00+01:00,3376.9341060250244,3047.6495657730734,3105.236320633305,3204.5720754344215
2013-12-21 19:00:00+01:00,3115.285019527269,2927.754408711765,2964.52544331586,3067.9062217825895
2013-12-21 19:10:00+01:00,2839.473807662675,2761.9273884787963,2817.1980239345567,2915.38502703592
2013-12-21 19:20:00+01:00,2628.260390958283,2599.661917157738,2648.516328532803,2680.2942302999245
2013-12-21 19:30:00+01:00,2649.719648210177,2522.2655544578647,2471.1301547353196,2456.7780476511184
2013-12-21 19:40:00+01:00,2409.682414159707,2293.914907658567,2344.5226969597925,2338.7461922784096
2013-12-21 19:50:00+01:00,2318.032308555899,2173.2975313509755,2206.0848488111965,2170.904433170977
2013-12-21 20:00:00+01:00,2096.1625344200265,2064.4225418267015,2086.0555505258126,2039.9261712535645
2013-12-21 20:10:00+01:00,1898.7650910446844,1912.237453851385,1950.1489167055122,1862.7248864616963
2013-12-21 20:20:00+01:00,1636.9044185192909,1743.888213902128,1802.0414023805472,1697.2595186208193
2013-12-21 20:30:00+01:00,1420.6627173063277,1609.16131013514,1626.0910238428894,1499.8987838606479
2013-12-21 20:40:00+01:00,1195.5849223490814,1419.4744200703742,1440.3691849555819,1329.9361236558345
2013-12-21 20:50:00+01:00,1291.733854235984,1197.5974291173259,1249.4307162403088,1200.0359476137348
2013-12-21 21:00:00+01:00,1121.3543032920004,1169.0609015675498,1148.9814684851935,1177.870806835441
2013-12-21 21:10:00+01:00,1123.299937440474,1017.6052637343371,1054.067590637459,1096.3306225403544
2013-12-21 21:20:00+01:00,1009.4167066744261,993.4890509593769,997.1392458346759,1084.1902583637261
2013-12-21 21:30:00+01:00,1009.5737335816184,938.9589791310182,936.0685690442486,1013.0095673326612
2013-12-21 21:40:00+01:00,845.9598634600505,878.0129171916053,894.8247848326623,975.5264237609921
2013-12-21 21:50:00+01:00,824.4452441923612,793.4666516302881,824.1686025167704,853.7833426060404
2013-12-21 22:00:00+01:00,1049.9864373531293,735.4618371881409,766.4756308603081,789.19153785262
2013-12-21 22:10:00+01:00,899.4313977898921,786.7791768903684,781.059565759317,832.1697281930733
2013-12-21 22:20:00+01:00,778.8371637441144,754.039081193543,765.8745518913819,773.8243909671639
2013-12-21 22:30:00+01:00,784.3658035382902,708.9096443035414,721.1843290257715,715.3891176362929
2013-12-21 22:40:00+01:00,847.2651406560348,674.729339914569,686.5605177108158,673.9986373270842
2013-12-21 22:50:00+01:00,807.6160762664845,688.3630555948998,676.963454668682,663.3836365327473
2013-12-21 23:00:00+01:00,717.5034726855594,685.2955137466041,663.1919916866716,650.4422473336228
2013-12-21 23:10:00+01:00,554.8813937001861,614.2424796943982,631.2492497590082,614.4001134876557
2013-12-21 23:20:00+01:00,431.04717023434733,552.5767456370442,564.2367865634784,521.7968820990134
2013-12-21 23:30:00+01:00,450.6121769880062,466.3564646333456,483.10734023957593,456.37362123703423
2013-12-21 23:40:00+01:00,378.2580786536508,416.2668732288907,437.7265956433198,432.188279620091
2013-12-21 23:50:00+01:00,413.0445940637046,367.27976263795733,391.8568226241331,390.9516439128506
2013-12-22 00:00:00+01:00,416.8296093782527,382.7912893531088,371.7984318985031,393.00828840087644
2013-12-22 00:10:00+01:00,471.0095405551826,356.3164607882332,360.22444895778375,386.0993129421694
2013-12-22 00:20:00+01:00,364.3126021276758,381.3716341000449,364.3365086639957,399.666740057203
2013-12-22 00:30:00+01:00,317.07717304562635,353.28904770508194,342.97736046519276,357.8563963943457
2013-12-22 00:40:00+01:00,296.89960472115786,308.1167460865744,315.703429657893,311.00531860916635
2013-12-22 00:50:00+01:00,202.7472035232973,271.07571620540745,292.56339914630576,269.4181650651554
2013-12-22 01:00:00+01:00,218.88101507982455,226.57816720365216,252.7537898363629,221.45161694413667
2013-12-22 01:10:00+01:00,220.17167093383344,211.79315207675506,233.2560131357905,212.12521661132962
2013-12-22 01:20:00+01:00,203.02659052435948,199.31606010354554,221.68772825598072,202.53270534711754
2013-12-22 01:30:00+01:00,209.57048833729024,193.87233690636307,210.46635571664345,192.1473893037232
2013-12-22 01:40:00+01:00,187.7339602812038,194.4923699303029,204.89513419200026,188.36752397543523
2013-12-22 01:50:00+01:00,179.95673049985345,172.92606908860316,196.28606951876097,174.7077858466112
2013-12-22 02:00:00+01:00,176.4017854183797,173.09431660571101,188.89409407065764,171.05144219975554
2013-12-22 02:10:00+01:00,158.6114392386203,166.7839645927852,183.21950861582718,169.1842185796942
2013-12-22 02:20:00+01:00,179.7534012548501,151.88701865558951,175.17199595353705,157.577701674344
2013-12-22 02:30:00+01:00,155.42877259099077,167.45963283332256,174.67050060815345,160.6346886600121
2013-12-22 02:40:00+01:00,161.6168273398002,155.74299391988131,168.62660356095523,151.78155848565137
2013-12-22 02:50:00+01:00,163.4289298904495,147.22069218548995,166.00709493655006,151.06531534361253
2013-12-22 03:00:00+01:00,154.28815858915044,152.518892145986,164.56393425450173,148.54301044987625
2013-12-22 03:10:00+01:00,142.01356809290058,150.61829898756955,161.44227199135042,148.74253677154726
2013-12-22 03:20:00+01:00,155.68127779351605,147.0663111412032,156.42155893087647,146.85912043799317
2013-12-22 03:30:00+01:00,147.1571722435796,149.36041391649084,156.1373417592687,149.0908405618918
2013-12-22 03:40:00+01:00,156.03911416114346,143.46699438763656,153.9454595708002,148.2143325702829
2013-12-22 03:50:00+01:00,151.3917168856451,150.8374162546057,154.4407350584583,150.44561406091609
2013-12-22 04:00:00+01:00,144.24456309247435,151.11421600225972,153.78981186055938,146.53945214062804
2013-12-22 04:10:00+01:00,145.34609152618867,143.39851293850566,151.80089362699806,144.742209567468
2013-12-22 04:20:00+01:00,149.29714434083576,143.11974544523324,150.78745043948686,143.3073723972079
2013-12-22 04:30:00+01:00,156.20475504467814,146.62790332816343,151.06535663821077,142.69099389341238
2013-12-22 04:40:00+01:00,148.22444127633,153.7558097238666,152.92418784534706,145.8724704917559
2013-12-22 04:50:00+01:00,137.2813747147883,150.1601789253336,152.6265925844242,145.7287973139048
2013-12-22 05:00:00+01:00,175.68719091322677,144.0601881963325,150.0620836232435,142.58294781572715
2013-12-22 05:10:00+01:00,188.8816134241458,160.70985134885626,157.08638250231385,151.5688676150815
2013-12-22 05:20:00+01:00,153.52302096724787,170.12025562055177,165.49485850817916,157.9681393050506
2013-12-22 05:30:00+01:00,166.2394470179146,160.92961268388368,164.1158159772556,154.1129522624958
2013-12-22 05:40:00+01:00,139.73801486826935,167.81871412113418,166.9252697391839,157.47367386590915
2013-12-22 05:50:00+01:00,167.0637719974169,150.9986391985447,162.63148881159967,150.52044129397038
2013-12-22 06:00:00+01:00,157.21971454113216,165.8549850888391,167.0773283236035,165.22854077554317
2013-12-22 06:10:00+01:00,191.821710833738,159.31932258901736,168.34548087963702,161.7616294572539
2013-12-22 06:20:00+01:00,174.44112259031152,176.34357656985506,178.48674143063548,179.060388564978
2013-12-22 06:30:00+01:00,181.11990544922463,181.7897056790822,182.7022635141807,179.0934214411415
2013-12-22 06:40:00+01:00,198.58918026155555,187.80006009339652,188.58182741975457,190.30204774032165
2013-12-22 06:50:00+01:00,175.9436205489722,190.4651612211895,198.7330890857824,197.45778438770992
2013-12-22 07:00:00+01:00,185.95341991045296,191.56344772415133,201.01109083009578,197.00081489542265
2013-12-22 07:10:00+01:00,169.45209018535897,201.18577863225113,206.56188717165432,205.02928406569907
2013-12-22 07:20:00+01:00,143.3639778399359,192.07769480860898,206.27192213441322,202.12913034316935
2013-12-22 07:30:00+01:00,193.89926054878657,176.62012896816117,197.54211766623325,197.3889751486796
2013-12-22 07:40:00+01:00,184.4760690249251,197.72691898589497,207.76174847890655,217.8096431421386
2013-12-22 07:50:00+01:00,240.31913686019982,198.2571388352244,213.25260118588685,218.97292118820187
2013-12-22 08:00:00+01:00,326.52258469975754,246.2079709618332,234.60516372020365,246.71139750243498
2013-12-22 08:10:00+01:00,215.69339414859627,296.3233314054015,276.7468629515906,286.8556334770845
2013-12-22 08:20:00+01:00,260.60250964516644,266.9861553868734,279.0364427916627,271.6923883220788
2013-12-22 08:30:00+01:00,264.78929717822166,306.04670161254717,296.75564801867694,313.7791886028535
2013-12-22 08:40:00+01:00,250.56294913562954,301.46783682607264,312.89448887429575,320.62694846456304
2013-12-22 08:50:00+01:00,314.7869743669099,307.9262747009379,320.28357820752933,332.62427101180646
2013-12-22 09:00:00+01:00,313.99712481951934,367.51180754156707,349.2575297918537,381.95212913077796
2013-12-22 09:10:00+01:00,307.7366523605728,355.55218014594533,373.5422468381601,399.56387873754306
2013-12-22 09:20:00+01:00,368.3241752335688,384.1445390443804,390.21562724607077,428.2985732355531
2013-12-22 09:30:00+01:00,479.6991421624146,441.7134471876279,425.9651566572458,482.0578900455647
2013-12-22 09:40:00+01:00,485.3155053730385,493.1839498366245,495.938026759488,554.3841748627267
2013-12-22 09:50:00+01:00,637.4825389493722,558.9428917886971,558.9860586669128,617.3308652528314
2013-12-22 10:00:00+01:00,769.5695640594581,691.8942085230063,663.3501020225378,744.250932544155
2013-12-22 10:10:00+01:00,1042.9388336685054,765.656244686646,795.637779224291,856.3030354249703
2013-12-22 10:20:00+01:00,1120.0113479631561,1013.5719535760874,991.7995553251138,1067.9651209770707
2013-12-22 10:30:00+01:00,1506.1578736039087,1164.2892313664977,1176.3431267144326,1207.2307005562072
2013-12-22 10:40:00+01:00,1612.7490363956854,1401.7973898777498,1431.6862486083141,1452.636838104647
2013-12-22 10:50:00+01:00,1948.4682011097045,1639.6150593869163,1660.0864028476133,1640.3720654513243
2013-12-22 11:00:00+01:00,1964.9064539732367,2040.4491545957956,1920.47815412652,2044.8486755581066
2013-12-22 11:10:00+01:00,2264.958762877191,2106.4060615504127,2108.450963647593,2138.5711766235663
2013-12-22 11:20:00+01:00,2556.042499417858,2461.17466553717,2314.104302247881,2466.1574381986215
2013-12-22 11:30:00+01:00,2781.13015790421,2782.0077686692116,2537.215462289192,2728.8511635446966
2013-12-22 11:40:00+01:00,2721.0408313901676,2937.7300520000026,2759.4896281826677,2935.667054264043
2013-12-22 11:50:00+01:00,2945.8359127470176,3020.320921137888,2897.18834829017,3015.3845302751406
2013-12-22 12:00:00+01:00,3088.5342199496,3282.8748688042874,3038.2163554402932,3210.3997026778816
2013-12-22 12:10:00+01:00,3307.9295624414344,3339.422723157145,3164.638891453168,3309.4147437891443
2013-12-22 12:20:00+01:00,3401.1373432467863,3619.21910096284,3303.854790866753,3374.7807369630864
2013-12-22 12:30:00+01:00,3480.995844962526,3743.31515531496,3424.740050934259,3481.9252435587127
2013-12-22 12:40:00+01:00,3382.0596761050087,3745.3935621599426,3526.3934077035533,3480.832050561541
2013-12-22 12:50:00+01:00,3540.3796854421607,3899.787996383453,3564.1661270382906,3471.1515863106783
2013-12-22 13:00:00+01:00,3520.159010464802,3793.7933188565235,3615.201434433858,3552.1267367399887
2013-12-22 13:10:00+01:00,3635.4125051131414,3652.2863574091666,3638.7883113554117,3577.7095854864274
2013-12-22 13:20:00+01:00,3604.9354548935253,3819.204287294667,3676.1720406702,3628.404535628129
2013-12-22 13:30:00+01:00,3322.620007354985,3810.867449664846,3692.3769298589777,3670.797194493008
2013-12-22 13:40:00+01:00,3709.612318725739,3650.6676414207573,3620.8681358004465,3610.9969524041244
2013-12-22 13:50:00+01:00,3698.952862485719,3785.558721677022,3647.0321149406586,3768.807811078694
2013-12-22 14:00:00+01:00,3807.0194962603696,3767.6711386921943,3670.5185137012722,3821.53501644557
2013-12-22 14:10:00+01:00,3881.281894465513,3769.361685611249,3716.6998873733423,3959.157810403264
2013-12-22 14:20:00+01:00,4090.781208188177,3995.0669222970523,3772.8157661073415,4023.7220353196526
2013-12-22 14:30:00+01:00,4110.35040282007,4234.387643765899,3866.285371328307,4145.71475460715
2013-12-22 14:40:00+01:00,4074.6942031786452,4164.069736379152,3948.3179861625395,4206.603456923013
2013-12-22 14:50:00+01:00,3939.6631599524853,4245.114894893988,4000.282913512294,4223.144306248595
2013-12-22 15:00:00+01:00,4441.477820527754,4117.85284928556,3996.706943037191,4212.647627663749
2013-12-22 15:10:00+01:00,4475.814961576271,4344.10272103359,4090.859244506303,4358.939297694387
2013-12-22 15:20:00+01:00,4638.5597049393,4669.501164349232,4180.592699603705,4434.264331219162
2013-12-22 15:30:00+01:00,4911.6540775767235,4806.17863516218,4286.518013252999,4558.437493219218
2013-12-22 15:40:00+01:00,4693.617679539194,4940.683685695964,4427.57634639037,4620.673206148264
2013-12-22 15:50:00+01:00,4772.321099778948,4906.691323315152,4496.516476244604,4625.5529184719335
2013-12-22 16:00:00+01:00,4917.944017950382,4976.631929342987,4551.174707156601,4656.527883910386
2013-12-22 16:10:00+01:00,5202.036631359948,5018.851755885469,4611.728947751552,4697.797627421151
2013-12-22 16:20:00+01:00,5496.44038545786,5065.737218861919,4710.024163241453,4840.256985394483
2013-12-22 16:30:00+01:00,5148.811589829591,5363.268438542289,4846.992845652135,4988.636788822733
2013-12-22 16:40:00+01:00,5170.472629814422,5243.918889299046,4891.453338463034,5010.9222600510675
2013-12-22 16:50:00+01:00,5197.568751682298,5247.234285267423,4910.788493847392,5015.678589438203
2013-12-22 17:00:00+01:00,5111.876428163607,5113.405712354047,4914.566037533673,4947.303282674759
2013-12-22 17:10:00+01:00,5203.031691935349,5071.956037288926,4885.481669821,4921.198100131556
2013-12-22 17:20:00+01:00,4704.434690350708,4964.047158479653,4864.591595910581,4950.566317588412
2013-12-22 17:30:00+01:00,4574.606537064017,4829.1022783697845,4732.376166167694,4767.907142413751
2013-12-22 17:40:00+01:00,4689.867550626104,4602.511336618411,4569.968729825306,4627.435356570405
2013-12-22 17:50:00+01:00,4508.65791216911,4424.123177514928,4445.894499405715,4548.989046554482
2013-12-22 18:00:00+01:00,4076.4366124167345,4307.5421247870245,4303.797932915599,4399.043381867066
2013-12-22 18:10:00+01:00,3945.866261436027,3920.547416734335,4086.2493425910757,4200.949628068186
2013-12-22 18:20:00+01:00,3792.1097610201673,3740.184721527398,3866.8651214763017,3975.5438185308417
2013-12-22 18:30:00+01:00,3426.213700000162,3539.5953040407353,3651.6375946411395,3791.7951758521963
2013-12-22 18:40:00+01:00,3258.9499234076898,3327.5420411314717,3395.718223453205,3481.872278202539
2013-12-22 18:50:00+01:00,3132.630531760205,3119.9559989367754,3151.8721724505267,3232.434856050697
2013-12-22 19:00:00+01:00,2755.733242790056,2971.324025741516,2937.416041445057,2973.419745776478
2013-12-22 19:10:00+01:00,2439.465725656723,2656.479263679158,2692.4215980816357,2704.06880383834
2013-12-22 19:20:00+01:00,2133.37202831053,2400.4236417721936,2430.6105921319468,2411.8135446607466
2013-12-22 19:30:00+01:00,1886.3403506154268,2122.574258648077,2160.040327610016,2157.986308155094
2013-12-22 19:40:00+01:00,1736.2621937173117,1933.67795542703,1903.4998403875932,1855.2715458210253
2013-12-22 19:50:00+01:00,1414.5423195553344,1693.465744175876,1691.1589924761784,1652.4166040982675
2013-12-22 20:00:00+01:00,1426.41164303257,1460.253780575021,1470.1798539316194,1398.5312937744147
2013-12-22 20:10:00+01:00,1313.5432271547998,1355.425818775219,1329.1661010176922,1293.8429473086753
2013-12-22 20:20:00+01:00,1210.7014954379895,1238.0916553723678,1221.2291825738555,1193.4057637082017
2013-12-22 20:30:00+01:00,1004.964262562729,1208.6445935230533,1132.7824023507649,1106.2493893145565
2013-12-22 20:40:00+01:00,878.2758662668552,1052.5662608454527,1022.2184804445708,1006.4865757128233
2013-12-22 20:50:00+01:00,916.8409539747545,944.5006465430554,909.1110715143853,915.9718158840586
2013-12-22 21:00:00+01:00,756.3445135291237,879.4155063752225,843.488396800801,883.9828988842384
2013-12-22 21:10:00+01:00,573.8010003448504,759.762076989776,761.8880509371455,783.7994686215172
2013-12-22 21:20:00+01:00,561.5312070123823,639.7016361306758,653.2745469285791,659.9687917106301
2013-12-22 21:30:00+01:00,604.3314224731175,580.1661485686035,578.5787133199195,606.124126287181
2013-12-22 21:40:00+01:00,415.27357202609454,570.0097056446097,545.0796141159361,582.6093989582779
2013-12-22 21:50:00+01:00,512.7651764803223,465.7548649229551,474.75042205708445,478.1455521458913
2013-12-22 22:00:00+01:00,696.9035033897693,468.83821260489395,454.7518582909075,498.66806681412135
2013-12-22 22:10:00+01:00,547.4472136521374,537.2792180362572,484.6583921881972,550.9756446806763
2013-12-22 22:20:00+01:00,431.02181698094927,522.3995005822518,477.911270645953,509.9354992436809
2013-12-22 22:30:00+01:00,381.1056221544883,443.24348177073756,438.96979075333604,460.967698134425
2013-12-22 22:40:00+01:00,402.65028182502596,367.8588468936898,395.6771050898337,401.125572637847
2013-12-22 22:50:00+01:00,363.7020645735495,387.73237103395803,371.87831604990475,380.1694953927762
2013-12-22 23:00:00+01:00,364.7059557561185,353.1649583892914,346.8349415971868,358.9202284460646
2013-12-22 23:10:00+01:00,293.62672401395383,334.9673860982735,330.44993579087924,349.89442968207146
2013-12-22 23:20:00+01:00,271.7980308667129,316.5644603151543,301.96250413220247,313.623993578523
2013-12-22 23:30:00+01:00,254.00237531429568,294.71112982805465,277.8535398880905,293.94909624807275
2013-12-22 23:40:00+01:00,280.6933213264304,256.1730048759797,258.1822146468326,267.0051864255111
2013-12-22 23:50:00+01:00,230.58523003984712,259.91128617189935,252.03220417431953,268.8911274087046
